Time,Displacement,Force
(s),(mm),(kN)
"0.0000","0.0000","0.0000"
"0.0200","0.0001","0.0000"
"0.0400","0.0012","0.0002"
"0.0600","0.0079","0.0014"
"0.0800","0.0234","0.0040"
"0.1000","0.0434","0.0074"
"0.1200","0.0626","0.0105"
"0.1400","0.0790","0.0130"
"0.1600","0.0941","0.0153"
"0.1800","0.1095","0.0176"
"0.2000","0.1248","0.0199"
"0.2200","0.1403","0.0222"
"0.2400","0.1564","0.0246"
"0.2600","0.1730","0.0270"
"0.2800","0.1896","0.0295"
"0.3000","0.2060","0.0318"
"0.3200","0.2224","0.0341"
"0.3400","0.2387","0.0364"
"0.3600","0.2557","0.0388"
"0.3800","0.2729","0.0412"
"0.4000","0.2895","0.0435"
"0.4200","0.3055","0.0456"
"0.4400","0.3213","0.0477"
"0.4600","0.3374","0.0499"
"0.4800","0.3541","0.0521"
"0.5000","0.3714","0.0544"
"0.5200","0.3884","0.0567"
"0.5400","0.4051","0.0589"
"0.5600","0.4220","0.0610"
"0.5800","0.4386","0.0632"
"0.6000","0.4550","0.0652"
"0.6200","0.4719","0.0674"
"0.6400","0.4888","0.0695"
"0.6600","0.5054","0.0716"
"0.6800","0.5218","0.0736"
"0.7000","0.5385","0.0757"
"0.7200","0.5556","0.0778"
"0.7400","0.5729","0.0800"
"0.7600","0.5896","0.0820"
"0.7800","0.6055","0.0839"
"0.8000","0.6213","0.0857"
"0.8200","0.6376","0.0877"
"0.8400","0.6543","0.0897"
"0.8600","0.6714","0.0918"
"0.8800","0.6885","0.0938"
"0.9000","0.7050","0.0957"
"0.9200","0.7215","0.0976"
"0.9400","0.7382","0.0996"
"0.9600","0.7550","0.1016"
"0.9800","0.7718","0.1035"
"1.0000","0.7887","0.1055"
"1.0200","0.8052","0.1073"
"1.0400","0.8215","0.1091"
"1.0600","0.8383","0.1110"
"1.0800","0.8551","0.1130"
"1.1000","0.8724","0.1149"
"1.1200","0.8899","0.1169"
"1.1400","0.9066","0.1187"
"1.1600","0.9224","0.1204"
"1.1800","0.9380","0.1221"
"1.2000","0.9545","0.1239"
"1.2200","0.9715","0.1257"
"1.2400","0.9886","0.1276"
"1.2600","1.0053","0.1294"
"1.2800","1.0215","0.1311"
"1.3000","1.0384","0.1329"
"1.3200","1.0558","0.1348"
"1.3400","1.0727","0.1365"
"1.3600","1.0891","0.1382"
"1.3800","1.1053","0.1399"
"1.4000","1.1217","0.1416"
"1.4200","1.1383","0.1433"
"1.4400","1.1553","0.1451"
"1.4600","1.1724","0.1468"
"1.4800","1.1895","0.1486"
"1.5000","1.2067","0.1503"
"1.5200","1.2227","0.1519"
"1.5400","1.2383","0.1534"
"1.5600","1.2546","0.1550"
"1.5800","1.2715","0.1567"
"1.6000","1.2883","0.1583"
"1.6200","1.3050","0.1600"
"1.6400","1.3214","0.1615"
"1.6600","1.3379","0.1631"
"1.6800","1.3550","0.1648"
"1.7000","1.3724","0.1665"
"1.7200","1.3891","0.1681"
"1.7400","1.4054","0.1696"
"1.7600","1.4216","0.1711"
"1.7800","1.4380","0.1726"
"1.8000","1.4550","0.1743"
"1.8200","1.4722","0.1759"
"1.8400","1.4890","0.1774"
"1.8600","1.5059","0.1790"
"1.8800","1.5226","0.1805"
"1.9000","1.5388","0.1819"
"1.9200","1.5548","0.1833"
"1.9400","1.5714","0.1848"
"1.9600","1.5880","0.1863"
"1.9800","1.6044","0.1877"
"2.0000","1.6210","0.1891"
"2.0200","1.6375","0.1906"
"2.0400","1.6544","0.1920"
"2.0600","1.6720","0.1936"
"2.0800","1.6890","0.1950"
"2.1000","1.7054","0.1963"
"2.1200","1.7217","0.1976"
"2.1400","1.7381","0.1989"
"2.1600","1.7550","0.2003"
"2.1800","1.7723","0.2018"
"2.2000","1.7893","0.2031"
"2.2200","1.8060","0.2044"
"2.2400","1.8227","0.2056"
"2.2600","1.8392","0.2069"
"2.2800","1.8554","0.2080"
"2.3000","1.8719","0.2092"
"2.3200","1.8886","0.2105"
"2.3400","1.9051","0.2116"
"2.3600","1.9216","0.2127"
"2.3800","1.9381","0.2139"
"2.4000","1.9546","0.2150"
"2.4200","1.9717","0.2163"
"2.4400","1.9892","0.2175"
"2.4600","2.0060","0.2187"
"2.4800","2.0218","0.2197"
"2.5000","2.0380","0.2207"
"2.5200","2.0548","0.2219"
"2.5400","2.0720","0.2231"
"2.5600","2.0894","0.2242"
"2.5800","2.1060","0.2253"
"2.6000","2.1224","0.2263"
"2.6200","2.1391","0.2274"
"2.6400","2.1558","0.2285"
"2.6600","2.1723","0.2295"
"2.6800","2.1886","0.2304"
"2.7000","2.2050","0.2314"
"2.7200","2.2214","0.2324"
"2.7400","2.2379","0.2335"
"2.7600","2.2547","0.2345"
"2.7800","2.2716","0.2356"
"2.8000","2.2888","0.2368"
"2.8200","2.3057","0.2378"
"2.8400","2.3217","0.2388"
"2.8600","2.3379","0.2399"
"2.8800","2.3549","0.2410"
"2.9000","2.3722","0.2422"
"2.9200","2.3892","0.2433"
"2.9400","2.4058","0.2443"
"2.9600","2.4222","0.2453"
"2.9800","2.4389","0.2464"
"3.0000","2.4561","0.2476"
"3.0200","2.4730","0.2486"
"3.0400","2.4893","0.2496"
"3.0600","2.5055","0.2506"
"3.0800","2.5216","0.2516"
"3.1000","2.5378","0.2526"
"3.1200","2.5549","0.2537"
"3.1400","2.5720","0.2547"
"3.1600","2.5890","0.2558"
"3.1800","2.6058","0.2568"
"3.2000","2.6222","0.2577"
"3.2200","2.6382","0.2586"
"3.2400","2.6546","0.2595"
"3.2600","2.6718","0.2606"
"3.2800","2.6888","0.2616"
"3.3000","2.7057","0.2625"
"3.3200","2.7225","0.2635"
"3.3400","2.7390","0.2644"
"3.3600","2.7560","0.2654"
"3.3800","2.7732","0.2664"
"3.4000","2.7897","0.2673"
"3.4200","2.8057","0.2681"
"3.4400","2.8216","0.2689"
"3.4600","2.8378","0.2697"
"3.4800","2.8543","0.2707"
"3.5000","2.8716","0.2716"
"3.5200","2.8887","0.2726"
"3.5400","2.9053","0.2734"
"3.5600","2.9221","0.2743"
"3.5800","2.9386","0.2752"
"3.6000","2.9551","0.2760"
"3.6200","2.9719","0.2768"
"3.6400","2.9888","0.2777"
"3.6600","3.0055","0.2786"
"3.6800","3.0221","0.2794"
"3.7000","3.0388","0.2802"
"3.7200","3.0559","0.2811"
"3.7400","3.0733","0.2820"
"3.7600","3.0902","0.2828"
"3.7800","3.1061","0.2835"
"3.8000","3.1217","0.2842"
"3.8200","3.1379","0.2849"
"3.8400","3.1544","0.2857"
"3.8600","3.1714","0.2865"
"3.8800","3.1886","0.2873"
"3.9000","3.2053","0.2881"
"3.9200","3.2218","0.2888"
"3.9400","3.2384","0.2895"
"3.9600","3.2551","0.2903"
"3.9800","3.2718","0.2910"
"4.0000","3.2888","0.2918"
"4.0200","3.3054","0.2925"
"4.0400","3.3218","0.2932"
"4.0600","3.3385","0.2939"
"4.0800","3.3553","0.2946"
"4.1000","3.3726","0.2954"
"4.1200","3.3901","0.2961"
"4.1400","3.4068","0.2968"
"4.1600","3.4226","0.2973"
"4.1800","3.4384","0.2979"
"4.2000","3.4547","0.2985"
"4.2200","3.4712","0.2991"
"4.2400","3.4883","0.2999"
"4.2600","3.5054","0.3005"
"4.2800","3.5218","0.3011"
"4.3000","3.5384","0.3017"
"4.3200","3.5554","0.3024"
"4.3400","3.5722","0.3030"
"4.3600","3.5889","0.3036"
"4.3800","3.6055","0.3042"
"4.4000","3.6219","0.3047"
"4.4200","3.6384","0.3053"
"4.4400","3.6553","0.3059"
"4.4600","3.6724","0.3065"
"4.4800","3.6896","0.3072"
"4.5000","3.7067","0.3078"
"4.5200","3.7228","0.3082"
"4.5400","3.7386","0.3086"
"4.5600","3.7550","0.3092"
"4.5800","3.7718","0.3097"
"4.6000","3.7886","0.3103"
"4.6200","3.8054","0.3108"
"4.6400","3.8218","0.3112"
"4.6600","3.8381","0.3117"
"4.6800","3.8550","0.3122"
"4.7000","3.8722","0.3128"
"4.7200","3.8891","0.3133"
"4.7400","3.9057","0.3138"
"4.7600","3.9220","0.3142"
"4.7800","3.9382","0.3147"
"4.8000","3.9550","0.3152"
"4.8200","3.9723","0.3157"
"4.8400","3.9894","0.3162"
"4.8600","4.0064","0.3167"
"4.8800","4.0232","0.3172"
"4.9000","4.0395","0.3176"
"4.9200","4.0555","0.3180"
"4.9400","4.0717","0.3184"
"4.9600","4.0882","0.3188"
"4.9800","4.1050","0.3192"
"5.0000","4.1216","0.3197"
"5.0200","4.1379","0.3200"
"5.0400","4.1548","0.3205"
"5.0600","4.1724","0.3210"
"5.0800","4.1894","0.3215"
"5.1000","4.2057","0.3218"
"5.1200","4.2219","0.3222"
"5.1400","4.2383","0.3226"
"5.1600","4.2552","0.3230"
"5.1800","4.2724","0.3235"
"5.2000","4.2894","0.3239"
"5.2200","4.3059","0.3242"
"5.2400","4.3226","0.3246"
"5.2600","4.3393","0.3250"
"5.2800","4.3556","0.3253"
"5.3000","4.3720","0.3256"
"5.3200","4.3887","0.3260"
"5.3400","4.4051","0.3264"
"5.3600","4.4216","0.3267"
"5.3800","4.4380","0.3270"
"5.4000","4.4546","0.3273"
"5.4200","4.4718","0.3277"
"5.4400","4.4891","0.3281"
"5.4600","4.5058","0.3285"
"5.4800","4.5217","0.3287"
"5.5000","4.5379","0.3289"
"5.5200","4.5546","0.3293"
"5.5400","4.5718","0.3296"
"5.5600","4.5893","0.3301"
"5.5800","4.6063","0.3304"
"5.6000","4.6229","0.3306"
"5.6200","4.6396","0.3309"
"5.6400","4.6561","0.3312"
"5.6600","4.6725","0.3314"
"5.6800","4.6888","0.3317"
"5.7000","4.7051","0.3319"
"5.7200","4.7216","0.3322"
"5.7400","4.7384","0.3325"
"5.7600","4.7552","0.3328"
"5.7800","4.7719","0.3330"
"5.8000","4.7890","0.3333"
"5.8200","4.8058","0.3336"
"5.8400","4.8219","0.3338"
"5.8600","4.8380","0.3340"
"5.8800","4.8547","0.3342"
"5.9000","4.8721","0.3346"
"5.9200","4.8894","0.3349"
"5.9400","4.9059","0.3351"
"5.9600","4.9219","0.3352"
"5.9800","4.9385","0.3354"
"6.0000","4.9560","0.3358"
"6.0200","4.9731","0.3360"
"6.0400","4.9894","0.3361"
"6.0600","5.0055","0.3363"
"6.0800","5.0214","0.3364"
"6.1000","5.0376","0.3366"
"6.1200","5.0545","0.3368"
"6.1400","5.0717","0.3371"
"6.1600","5.0889","0.3374"
"6.1800","5.1058","0.3376"
"6.2000","5.1221","0.3377"
"6.2200","5.1380","0.3378"
"6.2400","5.1545","0.3380"
"6.2600","5.1718","0.3383"
"6.2800","5.1890","0.3385"
"6.3000","5.2059","0.3388"
"6.3200","5.2223","0.3389"
"6.3400","5.2386","0.3391"
"6.3600","5.2556","0.3393"
"6.3800","5.2730","0.3396"
"6.4000","5.2897","0.3397"
"6.4200","5.3057","0.3398"
"6.4400","5.3216","0.3399"
"6.4600","5.3378","0.3400"
"6.4800","5.3547","0.3403"
"6.5000","5.3719","0.3405"
"6.5200","5.3888","0.3407"
"6.5400","5.4055","0.3409"
"6.5600","5.4222","0.3410"
"6.5800","5.4387","0.3412"
"6.6000","5.4552","0.3413"
"6.6200","5.4722","0.3415"
"6.6400","5.4891","0.3417"
"6.6600","5.5057","0.3418"
"6.6800","5.5222","0.3420"
"6.7000","5.5389","0.3421"
"6.7200","5.5561","0.3423"
"6.7400","5.5735","0.3426"
"6.7600","5.5902","0.3427"
"6.7800","5.6059","0.3427"
"6.8000","5.6217","0.3428"
"6.8200","5.6379","0.3429"
"6.8400","5.6546","0.3430"
"6.8600","5.6718","0.3432"
"6.8800","5.6889","0.3434"
"6.9000","5.7055","0.3435"
"6.9200","5.7219","0.3436"
"6.9400","5.7384","0.3438"
"6.9600","5.7549","0.3439"
"6.9800","5.7717","0.3440"
"7.0000","5.7887","0.3442"
"7.0200","5.8053","0.3443"
"7.0400","5.8217","0.3444"
"7.0600","5.8385","0.3446"
"7.0800","5.8554","0.3448"
"7.1000","5.8728","0.3449"
"7.1200","5.8902","0.3451"
"7.1400","5.9068","0.3452"
"7.1600","5.9226","0.3452"
"7.1800","5.9384","0.3453"
"7.2000","5.9546","0.3454"
"7.2200","5.9717","0.3455"
"7.2400","5.9889","0.3457"
"7.2600","6.0056","0.3458"
"7.2800","6.0219","0.3459"
"7.3000","6.0385","0.3460"
"7.3200","6.0555","0.3462"
"7.3400","6.0724","0.3463"
"7.3600","6.0891","0.3465"
"7.3800","6.1056","0.3465"
"7.4000","6.1219","0.3466"
"7.4200","6.1384","0.3467"
"7.4400","6.1555","0.3469"
"7.4600","6.1727","0.3471"
"7.4800","6.1899","0.3472"
"7.5000","6.2070","0.3473"
"7.5200","6.2230","0.3474"
"7.5400","6.2386","0.3474"
"7.5600","6.2550","0.3475"
"7.5800","6.2719","0.3476"
"7.6000","6.2888","0.3478"
"7.6200","6.3055","0.3479"
"7.6400","6.3219","0.3480"
"7.6600","6.3384","0.3480"
"7.6800","6.3550","0.3481"
"7.7000","6.3722","0.3483"
"7.7200","6.3894","0.3485"
"7.7400","6.4060","0.3486"
"7.7600","6.4222","0.3486"
"7.7800","6.4383","0.3487"
"7.8000","6.4552","0.3489"
"7.8200","6.4725","0.3490"
"7.8400","6.4893","0.3492"
"7.8600","6.5059","0.3493"
"7.8800","6.5225","0.3494"
"7.9000","6.5389","0.3495"
"7.9200","6.5555","0.3496"
"7.9400","6.5722","0.3497"
"7.9600","6.5887","0.3498"
"7.9800","6.6050","0.3498"
"8.0000","6.6216","0.3500"
"8.0200","6.6380","0.3501"
"8.0400","6.6548","0.3502"
"8.0600","6.6724","0.3504"
"8.0800","6.6894","0.3506"
"8.1000","6.7056","0.3506"
"8.1200","6.7219","0.3507"
"8.1400","6.7382","0.3508"
"8.1600","6.7550","0.3510"
"8.1800","6.7722","0.3511"
"8.2000","6.7894","0.3513"
"8.2200","6.8061","0.3514"
"8.2400","6.8228","0.3515"
"8.2600","6.8394","0.3517"
"8.2800","6.8556","0.3517"
"8.3000","6.8720","0.3518"
"8.3200","6.8887","0.3520"
"8.3400","6.9053","0.3521"
"8.3600","6.9217","0.3522"
"8.3800","6.9381","0.3523"
"8.4000","6.9546","0.3524"
"8.4200","6.9718","0.3526"
"8.4400","6.9892","0.3528"
"8.4600","7.0060","0.3529"
"8.4800","7.0220","0.3530"
"8.5000","7.0383","0.3531"
"8.5200","7.0550","0.3532"
"8.5400","7.0720","0.3534"
"8.5600","7.0894","0.3536"
"8.5800","7.1061","0.3537"
"8.6000","7.1227","0.3538"
"8.6200","7.1395","0.3540"
"8.6400","7.1563","0.3541"
"8.6600","7.1728","0.3542"
"8.6800","7.1890","0.3543"
"8.7000","7.2052","0.3544"
"8.7200","7.2218","0.3545"
"8.7400","7.2386","0.3547"
"8.7600","7.2555","0.3548"
"8.7800","7.2722","0.3550"
"8.8000","7.2893","0.3551"
"8.8200","7.3061","0.3552"
"8.8400","7.3221","0.3553"
"8.8600","7.3383","0.3554"
"8.8800","7.3550","0.3555"
"8.9000","7.3722","0.3557"
"8.9200","7.3893","0.3559"
"8.9400","7.4059","0.3560"
"8.9600","7.4222","0.3561"
"8.9800","7.4388","0.3562"
"9.0000","7.4561","0.3564"
"9.0200","7.4730","0.3565"
"9.0400","7.4892","0.3566"
"9.0600","7.5054","0.3566"
"9.0800","7.5216","0.3567"
"9.1000","7.5378","0.3568"
"9.1200","7.5546","0.3569"
"9.1400","7.5718","0.3571"
"9.1600","7.5890","0.3573"
"9.1800","7.6060","0.3574"
"9.2000","7.6224","0.3575"
"9.2200","7.6383","0.3576"
"9.2400","7.6547","0.3577"
"9.2600","7.6717","0.3578"
"9.2800","7.6889","0.3580"
"9.3000","7.7059","0.3581"
"9.3200","7.7226","0.3582"
"9.3400","7.7389","0.3583"
"9.3600","7.7559","0.3585"
"9.3800","7.7733","0.3587"
"9.4000","7.7899","0.3588"
"9.4200","7.8056","0.3588"
"9.4400","7.8215","0.3588"
"9.4600","7.8377","0.3589"
"9.4800","7.8544","0.3590"
"9.5000","7.8717","0.3592"
"9.5200","7.8888","0.3594"
"9.5400","7.9056","0.3595"
"9.5600","7.9225","0.3596"
"9.5800","7.9389","0.3597"
"9.6000","7.9553","0.3598"
"9.6200","7.9720","0.3599"
"9.6400","7.9889","0.3601"
"9.6600","8.0058","0.3602"
"9.6800","8.0223","0.3603"
"9.7000","8.0388","0.3604"
"9.7200","8.0558","0.3606"
"9.7400","8.0736","0.3608"
"9.7600","8.0907","0.3610"
"9.7800","8.1064","0.3610"
"9.8000","8.1219","0.3609"
"9.8200","8.1379","0.3610"
"9.8400","8.1545","0.3612"
"9.8600","8.1716","0.3614"
"9.8800","8.1887","0.3615"
"9.9000","8.2054","0.3617"
"9.9200","8.2220","0.3618"
"9.9400","8.2387","0.3618"
"9.9600","8.2553","0.3620"
"9.9800","8.2720","0.3621"
"10.0000","8.2888","0.3622"
"10.0200","8.3052","0.3623"
"10.0400","8.3217","0.3624"
"10.0600","8.3386","0.3626"
"10.0800","8.3555","0.3627"
"10.1000","8.3726","0.3628"
"10.1200","8.3900","0.3630"
"10.1400","8.4067","0.3631"
"10.1600","8.4225","0.3631"
"10.1800","8.4383","0.3632"
"10.2000","8.4546","0.3632"
"10.2200","8.4715","0.3634"
"10.2400","8.4886","0.3636"
"10.2600","8.5055","0.3637"
"10.2800","8.5217","0.3637"
"10.3000","8.5382","0.3639"
"10.3200","8.5551","0.3640"
"10.3400","8.5720","0.3641"
"10.3600","8.5889","0.3643"
"10.3800","8.6058","0.3644"
"10.4000","8.6224","0.3645"
"10.4200","8.6388","0.3646"
"10.4400","8.6556","0.3647"
"10.4600","8.6725","0.3648"
"10.4800","8.6896","0.3650"
"10.5000","8.7066","0.3651"
"10.5200","8.7227","0.3651"
"10.5400","8.7385","0.3651"
"10.5600","8.7549","0.3652"
"10.5800","8.7717","0.3654"
"10.6000","8.7886","0.3655"
"10.6200","8.8054","0.3656"
"10.6400","8.8217","0.3656"
"10.6600","8.8381","0.3657"
"10.6800","8.8551","0.3659"
"10.7000","8.8723","0.3660"
"10.7200","8.8891","0.3662"
"10.7400","8.9058","0.3662"
"10.7600","8.9221","0.3663"
"10.7800","8.9382","0.3664"
"10.8000","8.9550","0.3665"
"10.8200","8.9723","0.3667"
"10.8400","8.9893","0.3668"
"10.8600","9.0063","0.3669"
"10.8800","9.0230","0.3670"
"10.9000","9.0392","0.3671"
"10.9200","9.0553","0.3671"
"10.9400","9.0718","0.3672"
"10.9600","9.0884","0.3673"
"10.9800","9.1048","0.3674"
"11.0000","9.1214","0.3675"
"11.0200","9.1379","0.3675"
"11.0400","9.1547","0.3676"
"11.0600","9.1720","0.3678"
"11.0800","9.1891","0.3680"
"11.1000","9.2060","0.3681"
"11.1200","9.2225","0.3681"
"11.1400","9.2385","0.3681"
"11.1600","9.2550","0.3682"
"11.1800","9.2722","0.3684"
"11.2000","9.2895","0.3686"
"11.2200","9.3063","0.3687"
"11.2400","9.3230","0.3688"
"11.2600","9.3395","0.3689"
"11.2800","9.3555","0.3689"
"11.3000","9.3719","0.3690"
"11.3200","9.3887","0.3691"
"11.3400","9.4054","0.3692"
"11.3600","9.4218","0.3693"
"11.3800","9.4381","0.3693"
"11.4000","9.4547","0.3694"
"11.4200","9.4720","0.3696"
"11.4400","9.4894","0.3698"
"11.4600","9.5060","0.3699"
"11.4800","9.5219","0.3699"
"11.5000","9.5382","0.3700"
"11.5200","9.5548","0.3701"
"11.5400","9.5720","0.3703"
"11.5600","9.5895","0.3705"
"11.5800","9.6062","0.3706"
"11.6000","9.6227","0.3706"
"11.6200","9.6392","0.3707"
"11.6400","9.6557","0.3708"
"11.6600","9.6723","0.3709"
"11.6800","9.6888","0.3710"
"11.7000","9.7052","0.3711"
"11.7200","9.7216","0.3711"
"11.7400","9.7382","0.3712"
"11.7600","9.7549","0.3713"
"11.7800","9.7717","0.3714"
"11.8000","9.7889","0.3716"
"11.8200","9.8058","0.3717"
"11.8400","9.8219","0.3717"
"11.8600","9.8379","0.3718"
"11.8800","9.8546","0.3719"
"11.9000","9.8720","0.3721"
"11.9200","9.8894","0.3722"
"11.9400","9.9064","0.3724"
"11.9600","9.9228","0.3724"
"11.9800","9.9392","0.3725"
"12.0000","9.9561","0.3726"
"12.0200","9.9729","0.3727"
"12.0400","9.9892","0.3728"
"12.0600","10.0055","0.3728"
"12.0800","10.0216","0.3729"
"12.1000","10.0378","0.3729"
"12.1200","10.0547","0.3731"
"12.1400","10.0719","0.3732"
"12.1600","10.0891","0.3734"
"12.1800","10.1060","0.3735"
"12.2000","10.1223","0.3736"
"12.2200","10.1382","0.3736"
"12.2400","10.1546","0.3737"
"12.2600","10.1718","0.3739"
"12.2800","10.1890","0.3740"
"12.3000","10.2059","0.3741"
"12.3200","10.2224","0.3742"
"12.3400","10.2388","0.3742"
"12.3600","10.2557","0.3744"
"12.3800","10.2730","0.3746"
"12.4000","10.2898","0.3746"
"12.4200","10.3057","0.3746"
"12.4400","10.3215","0.3746"
"12.4600","10.3376","0.3747"
"12.4800","10.3543","0.3748"
"12.5000","10.3717","0.3750"
"12.5200","10.3887","0.3751"
"12.5400","10.4054","0.3752"
"12.5600","10.4222","0.3753"
"12.5800","10.4386","0.3754"
"12.6000","10.4551","0.3755"
"12.6200","10.4720","0.3756"
"12.6400","10.4890","0.3757"
"12.6600","10.5058","0.3758"
"12.6800","10.5223","0.3759"
"12.7000","10.5389","0.3760"
"12.7200","10.5559","0.3761"
"12.7400","10.5734","0.3763"
"12.7600","10.5903","0.3764"
"12.7800","10.6060","0.3764"
"12.8000","10.6217","0.3764"
"12.8200","10.6379","0.3764"
"12.8400","10.6547","0.3766"
"12.8600","10.6718","0.3767"
"12.8800","10.6888","0.3768"
"12.9000","10.7053","0.3769"
"12.9200","10.7219","0.3770"
"12.9400","10.7387","0.3771"
"12.9600","10.7553","0.3772"
"12.9800","10.7720","0.3773"
"13.0000","10.7889","0.3774"
"13.0200","10.8057","0.3775"
"13.0400","10.8221","0.3775"
"13.0600","10.8387","0.3776"
"13.0800","10.8556","0.3777"
"13.1000","10.8729","0.3778"
"13.1200","10.8903","0.3780"
"13.1400","10.9067","0.3780"
"13.1600","10.9224","0.3780"
"13.1800","10.9382","0.3780"
"13.2000","10.9546","0.3781"
"13.2200","10.9715","0.3782"
"13.2400","10.9887","0.3784"
"13.2600","11.0054","0.3785"
"13.2800","11.0217","0.3785"
"13.3000","11.0384","0.3786"
"13.3200","11.0556","0.3788"
"13.3400","11.0725","0.3789"
"13.3600","11.0890","0.3790"
"13.3800","11.1055","0.3790"
"13.4000","11.1219","0.3791"
"13.4200","11.1384","0.3792"
"13.4400","11.1555","0.3793"
"13.4600","11.1727","0.3794"
"13.4800","11.1897","0.3795"
"13.5000","11.2066","0.3797"
"13.5200","11.2228","0.3797"
"13.5400","11.2387","0.3797"
"13.5600","11.2551","0.3798"
"13.5800","11.2719","0.3799"
"13.6000","11.2887","0.3800"
"13.6200","11.3054","0.3801"
"13.6400","11.3217","0.3801"
"13.6600","11.3383","0.3802"
"13.6800","11.3553","0.3803"
"13.7000","11.3724","0.3804"
"13.7200","11.3892","0.3805"
"13.7400","11.4057","0.3806"
"13.7600","11.4220","0.3807"
"13.7800","11.4384","0.3807"
"13.8000","11.4554","0.3809"
"13.8200","11.4728","0.3810"
"13.8400","11.4898","0.3811"
"13.8600","11.5065","0.3812"
"13.8800","11.5230","0.3812"
"13.9000","11.5391","0.3813"
"13.9200","11.5552","0.3813"
"13.9400","11.5716","0.3814"
"13.9600","11.5880","0.3815"
"13.9800","11.6044","0.3815"
"14.0000","11.6211","0.3817"
"14.0200","11.6378","0.3817"
"14.0400","11.6548","0.3819"
"14.0600","11.6723","0.3820"
"14.0800","11.6892","0.3821"
"14.1000","11.7053","0.3822"
"14.1200","11.7216","0.3822"
"14.1400","11.7381","0.3823"
"14.1600","11.7551","0.3824"
"14.1800","11.7724","0.3826"
"14.2000","11.7893","0.3827"
"14.2200","11.8059","0.3827"
"14.2400","11.8226","0.3828"
"14.2600","11.8393","0.3829"
"14.2800","11.8556","0.3830"
"14.3000","11.8721","0.3830"
"14.3200","11.8888","0.3832"
"14.3400","11.9052","0.3832"
"14.3600","11.9217","0.3833"
"14.3800","11.9383","0.3833"
"14.4000","11.9550","0.3834"
"14.4200","11.9721","0.3836"
"14.4400","11.9894","0.3837"
"14.4600","12.0060","0.3838"
"14.4800","12.0219","0.3838"
"14.5000","12.0381","0.3838"
"14.5200","12.0548","0.3839"
"14.5400","12.0720","0.3841"
"14.5600","12.0894","0.3842"
"14.5800","12.1062","0.3843"
"14.6000","12.1228","0.3844"
"14.6200","12.1395","0.3845"
"14.6400","12.1562","0.3846"
"14.6600","12.1727","0.3847"
"14.6800","12.1890","0.3847"
"14.7000","12.2052","0.3847"
"14.7200","12.2214","0.3848"
"14.7400","12.2382","0.3849"
"14.7600","12.2553","0.3851"
"14.7800","12.2721","0.3852"
"14.8000","12.2891","0.3853"
"14.8200","12.3058","0.3853"
"14.8400","12.3218","0.3854"
"14.8600","12.3379","0.3854"
"14.8800","12.3548","0.3855"
"14.9000","12.3722","0.3857"
"14.9200","12.3894","0.3858"
"14.9400","12.4059","0.3859"
"14.9600","12.4221","0.3859"
"14.9800","12.4387","0.3860"
"15.0000","12.4560","0.3862"
"15.0200","12.4730","0.3863"
"15.0400","12.4893","0.3863"
"15.0600","12.5056","0.3864"
"15.0800","12.5216","0.3864"
"15.1000","12.5379","0.3865"
"15.1200","12.5549","0.3866"
"15.1400","12.5720","0.3868"
"15.1600","12.5892","0.3869"
"15.1800","12.6062","0.3870"
"15.2000","12.6225","0.3870"
"15.2200","12.6383","0.3870"
"15.2400","12.6546","0.3871"
"15.2600","12.6718","0.3872"
"15.2800","12.6891","0.3874"
"15.3000","12.7062","0.3875"
"15.3200","12.7226","0.3876"
"15.3400","12.7388","0.3876"
"15.3600","12.7558","0.3877"
"15.3800","12.7731","0.3879"
"15.4000","12.7897","0.3880"
"15.4200","12.8057","0.3880"
"15.4400","12.8216","0.3880"
"15.4600","12.8377","0.3881"
"15.4800","12.8543","0.3882"
"15.5000","12.8716","0.3883"
"15.5200","12.8889","0.3885"
"15.5400","12.9060","0.3886"
"15.5600","12.9227","0.3887"
"15.5800","12.9389","0.3887"
"15.6000","12.9550","0.3888"
"15.6200","12.9719","0.3889"
"15.6400","12.9889","0.3890"
"15.6600","13.0057","0.3891"
"15.6800","13.0222","0.3891"
"15.7000","13.0386","0.3892"
"15.7200","13.0554","0.3894"
"15.7400","13.0731","0.3895"
"15.7600","13.0903","0.3896"
"15.7800","13.1062","0.3897"
"15.8000","13.1219","0.3896"
"15.8200","13.1379","0.3897"
"15.8400","13.1543","0.3897"
"15.8600","13.1714","0.3899"
"15.8800","13.1886","0.3901"
"15.9000","13.2055","0.3902"
"15.9200","13.2222","0.3902"
"15.9400","13.2387","0.3903"
"15.9600","13.2551","0.3904"
"15.9800","13.2717","0.3905"
"16.0000","13.2887","0.3906"
"16.0200","13.3055","0.3907"
"16.0400","13.3221","0.3908"
"16.0600","13.3388","0.3908"
"16.0800","13.3556","0.3909"
"16.1000","13.3729","0.3911"
"16.1200","13.3903","0.3912"
"16.1400","13.4067","0.3913"
"16.1600","13.4225","0.3913"
"16.1800","13.4383","0.3913"
"16.2000","13.4546","0.3913"
"16.2200","13.4716","0.3915"
"16.2400","13.4890","0.3916"
"16.2600","13.5058","0.3917"
"16.2800","13.5219","0.3917"
"16.3000","13.5384","0.3918"
"16.3200","13.5555","0.3920"
"16.3400","13.5722","0.3920"
"16.3600","13.5890","0.3921"
"16.3800","13.6056","0.3922"
"16.4000","13.6221","0.3923"
"16.4200","13.6386","0.3923"
"16.4400","13.6556","0.3924"
"16.4600","13.6727","0.3926"
"16.4800","13.6899","0.3927"
"16.5000","13.7068","0.3928"
"16.5200","13.7228","0.3928"
"16.5400","13.7385","0.3928"
"16.5600","13.7549","0.3929"
"16.5800","13.7716","0.3929"
"16.6000","13.7886","0.3931"
"16.6200","13.8055","0.3932"
"16.6400","13.8218","0.3932"
"16.6600","13.8382","0.3933"
"16.6800","13.8552","0.3934"
"16.7000","13.8724","0.3935"
"16.7200","13.8892","0.3936"
"16.7400","13.9057","0.3937"
"16.7600","13.9221","0.3937"
"16.7800","13.9383","0.3938"
"16.8000","13.9552","0.3939"
"16.8200","13.9724","0.3940"
"16.8400","13.9894","0.3941"
"16.8600","14.0063","0.3942"
"16.8800","14.0229","0.3943"
"16.9000","14.0389","0.3943"
"16.9200","14.0550","0.3943"
"16.9400","14.0716","0.3944"
"16.9600","14.0883","0.3945"
"16.9800","14.1050","0.3946"
"17.0000","14.1218","0.3947"
"17.0200","14.1382","0.3947"
"17.0400","14.1549","0.3948"
"17.0600","14.1723","0.3949"
"17.0800","14.1894","0.3951"
"17.1000","14.2058","0.3951"
"17.1200","14.2220","0.3951"
"17.1400","14.2382","0.3952"
"17.1600","14.2550","0.3953"
"17.1800","14.2723","0.3954"
"17.2000","14.2894","0.3956"
"17.2200","14.3061","0.3956"
"17.2400","14.3228","0.3957"
"17.2600","14.3394","0.3958"
"17.2800","14.3557","0.3958"
"17.3000","14.3723","0.3959"
"17.3200","14.3889","0.3960"
"17.3400","14.4052","0.3960"
"17.3600","14.4216","0.3961"
"17.3800","14.4381","0.3962"
"17.4000","14.4549","0.3963"
"17.4200","14.4720","0.3964"
"17.4400","14.4894","0.3966"
"17.4600","14.5060","0.3966"
"17.4800","14.5220","0.3966"
"17.5000","14.5382","0.3967"
"17.5200","14.5549","0.3968"
"17.5400","14.5721","0.3969"
"17.5600","14.5895","0.3970"
"17.5800","14.6062","0.3971"
"17.6000","14.6226","0.3971"
"17.6200","14.6394","0.3972"
"17.6400","14.6560","0.3973"
"17.6600","14.6724","0.3973"
"17.6800","14.6887","0.3974"
"17.7000","14.7050","0.3974"
"17.7200","14.7214","0.3975"
"17.7400","14.7383","0.3976"
"17.7600","14.7552","0.3977"
"17.7800","14.7719","0.3978"
"17.8000","14.7889","0.3979"
"17.8200","14.8058","0.3980"
"17.8400","14.8219","0.3980"
"17.8600","14.8381","0.3981"
"17.8800","14.8548","0.3982"
"17.9000","14.8721","0.3983"
"17.9200","14.8893","0.3984"
"17.9400","14.9060","0.3985"
"17.9600","14.9222","0.3985"
"17.9800","14.9387","0.3986"
"18.0000","14.9560","0.3988"
"18.0200","14.9731","0.3989"
"18.0400","14.9896","0.3989"
"18.0600","15.0056","0.3990"
"18.0800","15.0213","0.3989"
"18.1000","15.0375","0.3990"
"18.1200","15.0547","0.3991"
"18.1400","15.0720","0.3993"
"18.1600","15.0891","0.3994"
"18.1800","15.1060","0.3995"
"18.2000","15.1223","0.3995"
"18.2200","15.1382","0.3995"
"18.2400","15.1547","0.3996"
"18.2600","15.1719","0.3998"
"18.2800","15.1890","0.3999"
"18.3000","15.2059","0.4000"
"18.3200","15.2224","0.4000"
"18.3400","15.2388","0.4000"
"18.3600","15.2558","0.4002"
"18.3800","15.2732","0.4003"
"18.4000","15.2899","0.4004"
"18.4200","15.3058","0.4004"
"18.4400","15.3216","0.4004"
"18.4600","15.3377","0.4004"
"18.4800","15.3545","0.4005"
"18.5000","15.3718","0.4007"
"18.5200","15.3889","0.4008"
"18.5400","15.4057","0.4009"
"18.5600","15.4224","0.4009"
"18.5800","15.4388","0.4010"
"18.6000","15.4554","0.4010"
"18.6200","15.4725","0.4011"
"18.6400","15.4895","0.4012"
"18.6600","15.5061","0.4013"
"18.6800","15.5223","0.4013"
"18.7000","15.5384","0.4013"
"18.7200","15.5553","0.4014"
"18.7400","15.5732","0.4016"
"18.7600","15.5905","0.4017"
"18.7800","15.6062","0.4017"
"18.8000","15.6216","0.4017"
"18.8200","15.6376","0.4017"
"18.8400","15.6542","0.4018"
"18.8600","15.6714","0.4019"
"18.8800","15.6886","0.4020"
"18.9000","15.7053","0.4021"
"18.9200","15.7220","0.4022"
"18.9400","15.7387","0.4023"
"18.9600","15.7553","0.4023"
"18.9800","15.7718","0.4024"
"19.0000","15.7886","0.4025"
"19.0200","15.8054","0.4025"
"19.0400","15.8219","0.4026"
"19.0600","15.8386","0.4027"
"19.0800","15.8555","0.4028"
"19.1000","15.8728","0.4029"
"19.1200","15.8903","0.4031"
"19.1400","15.9068","0.4031"
"19.1600","15.9225","0.4031"
"19.1800","15.9382","0.4031"
"19.2000","15.9546","0.4031"
"19.2200","15.9715","0.4033"
"19.2400","15.9886","0.4034"
"19.2600","16.0054","0.4035"
"19.2800","16.0217","0.4035"
"19.3000","16.0384","0.4036"
"19.3200","16.0554","0.4037"
"19.3400","16.0722","0.4038"
"19.3600","16.0890","0.4039"
"19.3800","16.1058","0.4040"
"19.4000","16.1223","0.4040"
"19.4200","16.1387","0.4041"
"19.4400","16.1555","0.4041"
"19.4600","16.1725","0.4043"
"19.4800","16.1898","0.4044"
"19.5000","16.2069","0.4045"
"19.5200","16.2229","0.4045"
"19.5400","16.2386","0.4045"
"19.5600","16.2549","0.4045"
"19.5800","16.2716","0.4046"
"19.6000","16.2886","0.4047"
"19.6200","16.3054","0.4048"
"19.6400","16.3218","0.4049"
"19.6600","16.3383","0.4049"
"19.6800","16.3554","0.4051"
"19.7000","16.3726","0.4052"
"19.7200","16.3892","0.4052"
"19.7400","16.4057","0.4053"
"19.7600","16.4222","0.4053"
"19.7800","16.4386","0.4054"
"19.8000","16.4551","0.4054"
"19.8200","16.4721","0.4056"
"19.8400","16.4892","0.4057"
"19.8600","16.5063","0.4058"
"19.8800","16.5230","0.4058"
"19.9000","16.5391","0.4058"
"19.9200","16.5553","0.4059"
"19.9400","16.5718","0.4060"
"19.9600","16.5883","0.4061"
"19.9800","16.6047","0.4061"
"20.0000","16.6213","0.4062"
"20.0200","16.6379","0.4062"
"20.0400","16.6548","0.4063"
"20.0600","16.6722","0.4065"
"20.0800","16.6892","0.4066"
"20.1000","16.7056","0.4066"
"20.1200","16.7218","0.4067"
"20.1400","16.7382","0.4067"
"20.1600","16.7551","0.4068"
"20.1800","16.7724","0.4069"
"20.2000","16.7895","0.4070"
"20.2200","16.8061","0.4070"
"20.2400","16.8227","0.4071"
"20.2600","16.8393","0.4072"
"20.2800","16.8555","0.4072"
"20.3000","16.8720","0.4072"
"20.3200","16.8886","0.4073"
"20.3400","16.9051","0.4073"
"20.3600","16.9215","0.4074"
"20.3800","16.9380","0.4074"
"20.4000","16.9548","0.4075"
"20.4200","16.9720","0.4077"
"20.4400","16.9893","0.4078"
"20.4600","17.0059","0.4078"
"20.4800","17.0219","0.4078"
"20.5000","17.0382","0.4079"
"20.5200","17.0548","0.4080"
"20.5400","17.0719","0.4080"
"20.5600","17.0892","0.4082"
"20.5800","17.1060","0.4082"
"20.6000","17.1226","0.4083"
"20.6200","17.1394","0.4084"
"20.6400","17.1561","0.4085"
"20.6600","17.1726","0.4085"
"20.6800","17.1890","0.4085"
"20.7000","17.2053","0.4086"
"20.7200","17.2216","0.4086"
"20.7400","17.2384","0.4087"
"20.7600","17.2556","0.4088"
"20.7800","17.2724","0.4089"
"20.8000","17.2893","0.4090"
"20.8200","17.3060","0.4091"
"20.8400","17.3220","0.4091"
"20.8600","17.3382","0.4091"
"20.8800","17.3547","0.4091"
"20.9000","17.3719","0.4093"
"20.9200","17.3892","0.4094"
"20.9400","17.4061","0.4094"
"20.9600","17.4225","0.4095"
"20.9800","17.4390","0.4095"
"21.0000","17.4561","0.4096"
"21.0200","17.4730","0.4097"
"21.0400","17.4893","0.4097"
"21.0600","17.5056","0.4097"
"21.0800","17.5216","0.4097"
"21.1000","17.5380","0.4098"
"21.1200","17.5550","0.4099"
"21.1400","17.5720","0.4100"
"21.1600","17.5891","0.4101"
"21.1800","17.6061","0.4102"
"21.2000","17.6226","0.4103"
"21.2200","17.6385","0.4103"
"21.2400","17.6548","0.4103"
"21.2600","17.6719","0.4104"
"21.2800","17.6890","0.4105"
"21.3000","17.7059","0.4106"
"21.3200","17.7225","0.4107"
"21.3400","17.7389","0.4107"
"21.3600","17.7558","0.4108"
"21.3800","17.7729","0.4109"
"21.4000","17.7895","0.4110"
"21.4200","17.8055","0.4110"
"21.4400","17.8215","0.4110"
"21.4600","17.8376","0.4110"
"21.4800","17.8543","0.4111"
"21.5000","17.8717","0.4113"
"21.5200","17.8887","0.4114"
"21.5400","17.9052","0.4114"
"21.5600","17.9219","0.4115"
"21.5800","17.9386","0.4115"
"21.6000","17.9552","0.4116"
"21.6200","17.9720","0.4117"
"21.6400","17.9889","0.4118"
"21.6600","18.0057","0.4119"
"21.6800","18.0223","0.4119"
"21.7000","18.0387","0.4119"
"21.7200","18.0554","0.4120"
"21.7400","18.0731","0.4122"
"21.7600","18.0904","0.4123"
"21.7800","18.1064","0.4123"
"21.8000","18.1221","0.4123"
"21.8200","18.1382","0.4123"
"21.8400","18.1547","0.4123"
"21.8600","18.1718","0.4125"
"21.8800","18.1889","0.4126"
"21.9000","18.2056","0.4126"
"21.9200","18.2223","0.4127"
"21.9400","18.2389","0.4128"
"21.9600","18.2554","0.4128"
"21.9800","18.2718","0.4129"
"22.0000","18.2887","0.4130"
"22.0200","18.3055","0.4130"
"22.0400","18.3221","0.4131"
"22.0600","18.3388","0.4132"
"22.0800","18.3555","0.4132"
"22.1000","18.3728","0.4134"
"22.1200","18.3904","0.4135"
"22.1400","18.4067","0.4136"
"22.1600","18.4223","0.4135"
"22.1800","18.4382","0.4135"
"22.2000","18.4548","0.4136"
"22.2200","18.4716","0.4137"
"22.2400","18.4887","0.4138"
"22.2600","18.5055","0.4139"
"22.2800","18.5217","0.4139"
"22.3000","18.5383","0.4140"
"22.3200","18.5554","0.4141"
"22.3400","18.5723","0.4142"
"22.3600","18.5890","0.4142"
"22.3800","18.6054","0.4143"
"22.4000","18.6218","0.4143"
"22.4200","18.6384","0.4144"
"22.4400","18.6554","0.4145"
"22.4600","18.6725","0.4146"
"22.4800","18.6898","0.4147"
"22.5000","18.7069","0.4148"
"22.5200","18.7230","0.4148"
"22.5400","18.7386","0.4148"
"22.5600","18.7549","0.4148"
"22.5800","18.7716","0.4149"
"22.6000","18.7886","0.4150"
"22.6200","18.8054","0.4151"
"22.6400","18.8218","0.4151"
"22.6600","18.8383","0.4152"
"22.6800","18.8553","0.4153"
"22.7000","18.8726","0.4154"
"22.7200","18.8894","0.4154"
"22.7400","18.9060","0.4155"
"22.7600","18.9224","0.4155"
"22.7800","18.9385","0.4155"
"22.8000","18.9551","0.4156"
"22.8200","18.9723","0.4157"
"22.8400","18.9894","0.4158"
"22.8600","19.0064","0.4159"
"22.8800","19.0230","0.4159"
"22.9000","19.0392","0.4159"
"22.9200","19.0555","0.4160"
"22.9400","19.0720","0.4160"
"22.9600","19.0885","0.4161"
"22.9800","19.1049","0.4161"
"23.0000","19.1213","0.4162"
"23.0200","19.1378","0.4162"
"23.0400","19.1547","0.4163"
"23.0600","19.1722","0.4164"
"23.0800","19.1893","0.4165"
"23.1000","19.2056","0.4166"
"23.1200","19.2219","0.4166"
"23.1400","19.2383","0.4166"
"23.1600","19.2552","0.4167"
"23.1800","19.2726","0.4168"
"23.2000","19.2897","0.4169"
"23.2200","19.3062","0.4170"
"23.2400","19.3228","0.4170"
"23.2600","19.3393","0.4170"
"23.2800","19.3554","0.4170"
"23.3000","19.3719","0.4171"
"23.3200","19.3887","0.4172"
"23.3400","19.4053","0.4172"
"23.3600","19.4217","0.4172"
"23.3800","19.4382","0.4173"
"23.4000","19.4549","0.4174"
"23.4200","19.4721","0.4175"
"23.4400","19.4893","0.4176"
"23.4600","19.5058","0.4176"
"23.4800","19.5218","0.4176"
"23.5000","19.5380","0.4176"
"23.5200","19.5547","0.4177"
"23.5400","19.5718","0.4178"
"23.5600","19.5893","0.4179"
"23.5800","19.6063","0.4180"
"23.6000","19.6231","0.4180"
"23.6200","19.6398","0.4181"
"23.6400","19.6562","0.4181"
"23.6600","19.6726","0.4182"
"23.6800","19.6890","0.4182"
"23.7000","19.7052","0.4182"
"23.7200","19.7214","0.4182"
"23.7400","19.7380","0.4182"
"23.7600","19.7550","0.4183"
"23.7800","19.7721","0.4184"
"23.8000","19.7892","0.4185"
"23.8200","19.8059","0.4186"
"23.8400","19.8220","0.4186"
"23.8600","19.8380","0.4186"
"23.8800","19.8547","0.4187"
"23.9000","19.8720","0.4188"
"23.9200","19.8894","0.4189"
"23.9400","19.9062","0.4190"
"23.9600","19.9223","0.4190"
"23.9800","19.9386","0.4190"
"24.0000","19.9559","0.4191"
"24.0200","19.9730","0.4192"
"24.0400","19.9895","0.4192"
"24.0600","20.0055","0.4192"
"24.0800","20.0214","0.4192"
"24.1000","20.0378","0.4193"
"24.1200","20.0548","0.4194"
"24.1400","20.0719","0.4195"
"24.1600","20.0890","0.4196"
"24.1800","20.1060","0.4197"
"24.2000","20.1223","0.4197"
"24.2200","20.1379","0.4196"
"24.2400","20.1542","0.4197"
"24.2600","20.1718","0.4198"
"24.2800","20.1894","0.4199"
"24.3000","20.2063","0.4200"
"24.3200","20.2225","0.4200"
"24.3400","20.2388","0.4200"
"24.3600","20.2560","0.4202"
"24.3800","20.2734","0.4203"
"24.4000","20.2899","0.4203"
"24.4200","20.3057","0.4203"
"24.4400","20.3215","0.4202"
"24.4600","20.3377","0.4203"
"24.4800","20.3545","0.4203"
"24.5000","20.3717","0.4205"
"24.5200","20.3888","0.4205"
"24.5400","20.4056","0.4206"
"24.5600","20.4223","0.4206"
"24.5800","20.4387","0.4207"
"24.6000","20.4551","0.4207"
"24.6200","20.4719","0.4208"
"24.6400","20.4888","0.4209"
"24.6600","20.5056","0.4209"
"24.6800","20.5222","0.4210"
"24.7000","20.5386","0.4210"
"24.7200","20.5552","0.4211"
"24.7400","20.5727","0.4212"
"24.7600","20.5903","0.4214"
"24.7800","20.6065","0.4213"
"24.8000","20.6219","0.4213"
"24.8200","20.6377","0.4213"
"24.8400","20.6541","0.4213"
"24.8600","20.6713","0.4215"
"24.8800","20.6886","0.4216"
"24.9000","20.7055","0.4216"
"24.9200","20.7222","0.4217"
"24.9400","20.7389","0.4217"
"24.9600","20.7555","0.4218"
"24.9800","20.7720","0.4218"
"25.0000","20.7886","0.4219"
"25.0200","20.8052","0.4219"
"25.0400","20.8219","0.4220"
"25.0600","20.8388","0.4221"
"25.0800","20.8557","0.4221"
"25.1000","20.8729","0.4222"
"25.1200","20.8903","0.4223"
"25.1400","20.9067","0.4223"
"25.1600","20.9223","0.4223"
"25.1800","20.9381","0.4223"
"25.2000","20.9546","0.4224"
"25.2200","20.9715","0.4224"
"25.2400","20.9887","0.4225"
"25.2600","21.0055","0.4226"
"25.2800","21.0219","0.4226"
"25.3000","21.0385","0.4227"
"25.3200","21.0554","0.4228"
"25.3400","21.0723","0.4229"
"25.3600","21.0891","0.4229"
"25.3800","21.1057","0.4230"
"25.4000","21.1220","0.4230"
"25.4200","21.1384","0.4230"
"25.4400","21.1553","0.4231"
"25.4600","21.1724","0.4232"
"25.4800","21.1897","0.4233"
"25.5000","21.2065","0.4233"
"25.5200","21.2225","0.4233"
"25.5400","21.2383","0.4233"
"25.5600","21.2548","0.4234"
"25.5800","21.2717","0.4235"
"25.6000","21.2886","0.4235"
"25.6200","21.3053","0.4236"
"25.6400","21.3216","0.4236"
"25.6600","21.3383","0.4237"
"25.6800","21.3555","0.4238"
"25.7000","21.3725","0.4239"
"25.7200","21.3889","0.4239"
"25.7400","21.4054","0.4239"
"25.7600","21.4222","0.4240"
"25.7800","21.4388","0.4240"
"25.8000","21.4556","0.4241"
"25.8200","21.4724","0.4242"
"25.8400","21.4893","0.4243"
"25.8600","21.5062","0.4243"
"25.8800","21.5228","0.4243"
"25.9000","21.5390","0.4244"
"25.9200","21.5554","0.4244"
"25.9400","21.5718","0.4244"
"25.9600","21.5884","0.4245"
"25.9800","21.6049","0.4245"
"26.0000","21.6216","0.4246"
"26.0200","21.6382","0.4246"
"26.0400","21.6550","0.4247"
"26.0600","21.6724","0.4248"
"26.0800","21.6893","0.4249"
"26.1000","21.7056","0.4249"
"26.1200","21.7219","0.4249"
"26.1400","21.7382","0.4249"
"26.1600","21.7551","0.4250"
"26.1800","21.7726","0.4251"
"26.2000","21.7897","0.4252"
"26.2200","21.8062","0.4252"
"26.2400","21.8227","0.4252"
"26.2600","21.8393","0.4252"
"26.2800","21.8555","0.4253"
"26.3000","21.8720","0.4253"
"26.3200","21.8886","0.4254"
"26.3400","21.9050","0.4254"
"26.3600","21.9215","0.4254"
"26.3800","21.9382","0.4255"
"26.4000","21.9550","0.4255"
"26.4200","21.9722","0.4257"
"26.4400","21.9894","0.4258"
"26.4600","22.0059","0.4258"
"26.4800","22.0218","0.4257"
"26.5000","22.0380","0.4258"
"26.5200","22.0547","0.4258"
"26.5400","22.0718","0.4260"
"26.5600","22.0893","0.4261"
"26.5800","22.1059","0.4261"
"26.6000","22.1225","0.4261"
"26.6200","22.1393","0.4262"
"26.6400","22.1561","0.4263"
"26.6600","22.1727","0.4263"
"26.6800","22.1891","0.4264"
"26.7000","22.2055","0.4264"
"26.7200","22.2216","0.4264"
"26.7400","22.2380","0.4264"
"26.7600","22.2551","0.4265"
"26.7800","22.2723","0.4266"
"26.8000","22.2893","0.4267"
"26.8200","22.3059","0.4268"
"26.8400","22.3220","0.4267"
"26.8600","22.3381","0.4267"
"26.8800","22.3548","0.4268"
"26.9000","22.3720","0.4269"
"26.9200","22.3894","0.4271"
"26.9400","22.4061","0.4271"
"26.9600","22.4222","0.4271"
"26.9800","22.4386","0.4271"
"27.0000","22.4560","0.4272"
"27.0200","22.4733","0.4273"
"27.0400","22.4896","0.4273"
"27.0600","22.5057","0.4273"
"27.0800","22.5217","0.4273"
"27.1000","22.5381","0.4273"
"27.1200","22.5551","0.4274"
"27.1400","22.5721","0.4275"
"27.1600","22.5891","0.4276"
"27.1800","22.6060","0.4276"
"27.2000","22.6224","0.4277"
"27.2200","22.6384","0.4276"
"27.2400","22.6547","0.4277"
"27.2600","22.6717","0.4277"
"27.2800","22.6889","0.4279"
"27.3000","22.7059","0.4279"
"27.3200","22.7225","0.4280"
"27.3400","22.7388","0.4280"
"27.3600","22.7558","0.4280"
"27.3800","22.7733","0.4282"
"27.4000","22.7900","0.4282"
"27.4200","22.8059","0.4282"
"27.4400","22.8217","0.4281"
"27.4600","22.8377","0.4282"
"27.4800","22.8545","0.4282"
"27.5000","22.8718","0.4283"
"27.5200","22.8889","0.4284"
"27.5400","22.9056","0.4284"
"27.5600","22.9223","0.4285"
"27.5800","22.9386","0.4285"
"27.6000","22.9550","0.4285"
"27.6200","22.9719","0.4286"
"27.6400","22.9889","0.4287"
"27.6600","23.0056","0.4287"
"27.6800","23.0221","0.4287"
"27.7000","23.0386","0.4288"
"27.7200","23.0553","0.4288"
"27.7400","23.0729","0.4289"
"27.7600","23.0904","0.4290"
"27.7800","23.1064","0.4290"
"27.8000","23.1219","0.4289"
"27.8200","23.1379","0.4290"
"27.8400","23.1545","0.4290"
"27.8600","23.1717","0.4291"
"27.8800","23.1888","0.4292"
"27.9000","23.2054","0.4292"
"27.9200","23.2222","0.4293"
"27.9400","23.2390","0.4293"
"27.9600","23.2555","0.4293"
"27.9800","23.2719","0.4293"
"28.0000","23.2888","0.4294"
"28.0200","23.3055","0.4294"
"28.0400","23.3220","0.4295"
"28.0600","23.3388","0.4295"
"28.0800","23.3556","0.4296"
"28.1000","23.3728","0.4296"
"28.1200","23.3903","0.4298"
"28.1400","23.4070","0.4298"
"28.1600","23.4228","0.4297"
"28.1800","23.4385","0.4297"
"28.2000","23.4549","0.4297"
"28.2200","23.4717","0.4298"
"28.2400","23.4887","0.4299"
"28.2600","23.5056","0.4299"
"28.2800","23.5220","0.4299"
"28.3000","23.5386","0.4300"
"28.3200","23.5555","0.4301"
"28.3400","23.5723","0.4301"
"28.3600","23.5890","0.4301"
"28.3800","23.6057","0.4302"
"28.4000","23.6221","0.4302"
"28.4200","23.6385","0.4302"
"28.4400","23.6554","0.4303"
"28.4600","23.6723","0.4303"
"28.4800","23.6893","0.4304"
"28.5000","23.7066","0.4305"
"28.5200","23.7232","0.4305"
"28.5400","23.7390","0.4305"
"28.5600","23.7549","0.4305"
"28.5800","23.7714","0.4305"
"28.6000","23.7883","0.4306"
"28.6200","23.8052","0.4306"
"28.6400","23.8217","0.4307"
"28.6600","23.8382","0.4307"
"28.6800","23.8552","0.4308"
"28.7000","23.8722","0.4308"
"28.7200","23.8889","0.4309"
"28.7400","23.9054","0.4309"
"28.7600","23.9220","0.4310"
"28.7800","23.9386","0.4310"
"28.8000","23.9552","0.4311"
"28.8200","23.9723","0.4311"
"28.8400","23.9894","0.4312"
"28.8600","24.0064","0.4313"
"28.8800","24.0230","0.4313"
"28.9000","24.0391","0.4313"
"28.9200","24.0553","0.4313"
"28.9400","24.0719","0.4314"
"28.9600","24.0885","0.4314"
"28.9800","24.1047","0.4314"
"29.0000","24.1212","0.4315"
"29.0200","24.1379","0.4315"
"29.0400","24.1550","0.4316"
"29.0600","24.1725","0.4317"
"29.0800","24.1894","0.4318"
"29.1000","24.2055","0.4318"
"29.1200","24.2218","0.4318"
"29.1400","24.2383","0.4319"
"29.1600","24.2552","0.4319"
"29.1800","24.2724","0.4320"
"29.2000","24.2895","0.4321"
"29.2200","24.3063","0.4321"
"29.2400","24.3230","0.4322"
"29.2600","24.3395","0.4322"
"29.2800","24.3558","0.4322"
"29.3000","24.3722","0.4322"
"29.3200","24.3887","0.4323"
"29.3400","24.4050","0.4323"
"29.3600","24.4215","0.4323"
"29.3800","24.4382","0.4324"
"29.4000","24.4551","0.4325"
"29.4200","24.4723","0.4325"
"29.4400","24.4894","0.4326"
"29.4600","24.5057","0.4326"
"29.4800","24.5216","0.4326"
"29.5000","24.5379","0.4326"
"29.5200","24.5547","0.4327"
"29.5400","24.5719","0.4328"
"29.5600","24.5893","0.4329"
"29.5800","24.6061","0.4329"
"29.6000","24.6225","0.4329"
"29.6200","24.6393","0.4330"
"29.6400","24.6560","0.4330"
"29.6600","24.6725","0.4330"
"29.6800","24.6889","0.4331"
"29.7000","24.7050","0.4331"
"29.7200","24.7211","0.4330"
"29.7400","24.7377","0.4331"
"29.7600","24.7549","0.4332"
"29.7800","24.7722","0.4333"
"29.8000","24.7893","0.4334"
"29.8200","24.8059","0.4334"
"29.8400","24.8218","0.4334"
"29.8600","24.8379","0.4333"
"29.8800","24.8547","0.4334"
"29.9000","24.8720","0.4335"
"29.9200","24.8892","0.4336"
"29.9400","24.9061","0.4336"
"29.9600","24.9224","0.4336"
"29.9800","24.9388","0.4337"
"30.0000","24.9559","0.4337"
"30.0200","24.9729","0.4338"
"30.0400","24.9893","0.4338"
"30.0600","25.0054","0.4338"
"30.0800","25.0213","0.4338"
"30.1000","25.0378","0.4338"
"30.1200","25.0548","0.4339"
"30.1400","25.0720","0.4340"
"30.1600","25.0891","0.4341"
"30.1800","25.1061","0.4341"
"30.2000","25.1223","0.4341"
"30.2200","25.1381","0.4341"
"30.2400","25.1546","0.4341"
"30.2600","25.1719","0.4342"
"30.2800","25.1890","0.4343"
"30.3000","25.2057","0.4343"
"30.3200","25.2221","0.4343"
"30.3400","25.2386","0.4343"
"30.3600","25.2558","0.4344"
"30.3800","25.2732","0.4345"
"30.4000","25.2900","0.4345"
"30.4200","25.3059","0.4345"
"30.4400","25.3215","0.4345"
"30.4600","25.3376","0.4345"
"30.4800","25.3544","0.4345"
"30.5000","25.3720","0.4347"
"30.5200","25.3892","0.4347"
"30.5400","25.4059","0.4348"
"30.5600","25.4225","0.4348"
"30.5800","25.4387","0.4348"
"30.6000","25.4551","0.4348"
"30.6200","25.4720","0.4349"
"30.6400","25.4890","0.4350"
"30.6600","25.5058","0.4350"
"30.6800","25.5223","0.4350"
"30.7000","25.5388","0.4350"
"30.7200","25.5556","0.4351"
"30.7400","25.5732","0.4352"
"30.7600","25.5905","0.4353"
"30.7800","25.6064","0.4352"
"30.8000","25.6217","0.4351"
"30.8200","25.6376","0.4351"
"30.8400","25.6543","0.4352"
"30.8600","25.6717","0.4353"
"30.8800","25.6889","0.4353"
"30.9000","25.7056","0.4354"
"30.9200","25.7222","0.4354"
"30.9400","25.7389","0.4354"
"30.9600","25.7555","0.4355"
"30.9800","25.7720","0.4355"
"31.0000","25.7889","0.4356"
"31.0200","25.8055","0.4356"
"31.0400","25.8221","0.4356"
"31.0600","25.8388","0.4357"
"31.0800","25.8555","0.4357"
"31.1000","25.8727","0.4358"
"31.1200","25.8901","0.4359"
"31.1400","25.9066","0.4359"
"31.1600","25.9224","0.4358"
"31.1800","25.9382","0.4358"
"31.2000","25.9546","0.4358"
"31.2200","25.9715","0.4359"
"31.2400","25.9886","0.4360"
"31.2600","26.0054","0.4360"
"31.2800","26.0217","0.4360"
"31.3000","26.0383","0.4361"
"31.3200","26.0553","0.4361"
"31.3400","26.0722","0.4362"
"31.3600","26.0889","0.4362"
"31.3800","26.1054","0.4362"
"31.4000","26.1218","0.4362"
"31.4200","26.1385","0.4363"
"31.4400","26.1555","0.4364"
"31.4600","26.1726","0.4364"
"31.4800","26.1898","0.4365"
"31.5000","26.2070","0.4366"
"31.5200","26.2230","0.4366"
"31.5400","26.2385","0.4365"
"31.5600","26.2547","0.4365"
"31.5800","26.2715","0.4366"
"31.6000","26.2885","0.4367"
"31.6200","26.3055","0.4367"
"31.6400","26.3219","0.4367"
"31.6600","26.3383","0.4367"
"31.6800","26.3553","0.4368"
"31.7000","26.3725","0.4369"
"31.7200","26.3891","0.4369"
"31.7400","26.4056","0.4369"
"31.7600","26.4221","0.4370"
"31.7800","26.4387","0.4370"
"31.8000","26.4555","0.4370"
"31.8200","26.4726","0.4371"
"31.8400","26.4897","0.4371"
"31.8600","26.5065","0.4372"
"31.8800","26.5230","0.4372"
"31.9000","26.5391","0.4372"
"31.9200","26.5553","0.4371"
"31.9400","26.5717","0.4372"
"31.9600","26.5882","0.4372"
"31.9800","26.6048","0.4373"
"32.0000","26.6214","0.4373"
"32.0200","26.6379","0.4373"
"32.0400","26.6547","0.4374"
"32.0600","26.6721","0.4375"
"32.0800","26.6891","0.4375"
"32.1000","26.7055","0.4375"
"32.1200","26.7219","0.4375"
"32.1400","26.7383","0.4375"
"32.1600","26.7552","0.4376"
"32.1800","26.7724","0.4377"
"32.2000","26.7896","0.4378"
"32.2200","26.8062","0.4378"
"32.2400","26.8227","0.4378"
"32.2600","26.8393","0.4378"
"32.2800","26.8555","0.4378"
"32.3000","26.8719","0.4378"
"32.3200","26.8886","0.4379"
"32.3400","26.9051","0.4379"
"32.3600","26.9216","0.4379"
"32.3800","26.9382","0.4379"
"32.4000","26.9551","0.4380"
"32.4200","26.9723","0.4381"
"32.4400","26.9895","0.4382"
"32.4600","27.0059","0.4382"
"32.4800","27.0217","0.4381"
"32.5000","27.0381","0.4381"
"32.5200","27.0551","0.4382"
"32.5400","27.0722","0.4383"
"32.5600","27.0896","0.4384"
"32.5800","27.1064","0.4384"
"32.6000","27.1231","0.4384"
"32.6200","27.1398","0.4385"
"32.6400","27.1564","0.4385"
"32.6600","27.1728","0.4385"
"32.6800","27.1892","0.4385"
"32.7000","27.2054","0.4385"
"32.7200","27.2214","0.4385"
"32.7400","27.2379","0.4385"
"32.7600","27.2551","0.4386"
"32.7800","27.2722","0.4387"
"32.8000","27.2892","0.4387"
"32.8200","27.3059","0.4388"
"32.8400","27.3221","0.4387"
"32.8600","27.3383","0.4387"
"32.8800","27.3548","0.4387"
"32.9000","27.3719","0.4388"
"32.9200","27.3892","0.4389"
"32.9400","27.4061","0.4389"
"32.9600","27.4224","0.4389"
"32.9800","27.4389","0.4389"
"33.0000","27.4560","0.4390"
"33.0200","27.4729","0.4391"
"33.0400","27.4892","0.4390"
"33.0600","27.5052","0.4390"
"33.0800","27.5213","0.4390"
"33.1000","27.5378","0.4390"
"33.1200","27.5549","0.4391"
"33.1400","27.5720","0.4392"
"33.1600","27.5890","0.4392"
"33.1800","27.6060","0.4393"
"33.2000","27.6224","0.4393"
"33.2200","27.6384","0.4393"
"33.2400","27.6548","0.4393"
"33.2600","27.6719","0.4394"
"33.2800","27.6890","0.4394"
"33.3000","27.7059","0.4394"
"33.3200","27.7225","0.4395"
"33.3400","27.7390","0.4395"
"33.3600","27.7560","0.4396"
"33.3800","27.7733","0.4396"
"33.4000","27.7899","0.4396"
"33.4200","27.8058","0.4396"
"33.4400","27.8216","0.4396"
"33.4600","27.8377","0.4396"
"33.4800","27.8545","0.4396"
"33.5000","27.8717","0.4397"
"33.5200","27.8887","0.4398"
"33.5400","27.9055","0.4398"
"33.5600","27.9224","0.4398"
"33.5800","27.9389","0.4398"
"33.6000","27.9553","0.4398"
"33.6200","27.9721","0.4398"
"33.6400","27.9890","0.4399"
"33.6600","28.0056","0.4399"
"33.6800","28.0221","0.4399"
"33.7000","28.0388","0.4399"
"33.7200","28.0558","0.4400"
"33.7400","28.0732","0.4401"
"33.7600","28.0904","0.4401"
"33.7800","28.1064","0.4401"
"33.8000","28.1218","0.4400"
"33.8200","28.1376","0.4400"
"33.8400","28.1541","0.4400"
"33.8600","28.1715","0.4401"
"33.8800","28.1889","0.4402"
"33.9000","28.2057","0.4402"
"33.9200","28.2222","0.4402"
"33.9400","28.2389","0.4403"
"33.9600","28.2553","0.4403"
"33.9800","28.2717","0.4403"
"34.0000","28.2884","0.4403"
"34.0200","28.3052","0.4404"
"34.0400","28.3220","0.4404"
"34.0600","28.3389","0.4405"
"34.0800","28.3557","0.4405"
"34.1000","28.3730","0.4406"
"34.1200","28.3904","0.4406"
"34.1400","28.4068","0.4406"
"34.1600","28.4224","0.4406"
"34.1800","28.4382","0.4405"
"34.2000","28.4547","0.4406"
"34.2200","28.4716","0.4406"
"34.2400","28.4886","0.4407"
"34.2600","28.5054","0.4407"
"34.2800","28.5217","0.4407"
"34.3000","28.5385","0.4408"
"34.3200","28.5557","0.4409"
"34.3400","28.5725","0.4409"
"34.3600","28.5891","0.4409"
"34.3800","28.6057","0.4409"
"34.4000","28.6222","0.4409"
"34.4200","28.6387","0.4409"
"34.4400","28.6556","0.4410"
"34.4600","28.6725","0.4411"
"34.4800","28.6896","0.4411"
"34.5000","28.7066","0.4411"
"34.5200","28.7228","0.4411"
"34.5400","28.7386","0.4411"
"34.5600","28.7549","0.4411"
"34.5800","28.7716","0.4411"
"34.6000","28.7885","0.4412"
"34.6200","28.8054","0.4412"
"34.6400","28.8217","0.4412"
"34.6600","28.8381","0.4413"
"34.6800","28.8553","0.4413"
"34.7000","28.8725","0.4414"
"34.7200","28.8890","0.4414"
"34.7400","28.9053","0.4414"
"34.7600","28.9219","0.4414"
"34.7800","28.9386","0.4414"
"34.8000","28.9555","0.4415"
"34.8200","28.9724","0.4415"
"34.8400","28.9894","0.4415"
"34.8600","29.0064","0.4416"
"34.8800","29.0229","0.4416"
"34.9000","29.0389","0.4416"
"34.9200","29.0551","0.4416"
"34.9400","29.0717","0.4416"
"34.9600","29.0884","0.4416"
"34.9800","29.1050","0.4417"
"35.0000","29.1216","0.4417"
"35.0200","29.1382","0.4417"
"35.0400","29.1553","0.4417"
"35.0600","29.1727","0.4418"
"35.0800","29.1896","0.4419"
"35.1000","29.2057","0.4418"
"35.1200","29.2218","0.4418"
"35.1400","29.2380","0.4418"
"35.1600","29.2549","0.4419"
"35.1800","29.2724","0.4419"
"35.2000","29.2896","0.4420"
"35.2200","29.3062","0.4420"
"35.2400","29.3227","0.4421"
"35.2600","29.3391","0.4421"
"35.2800","29.3552","0.4420"
"35.3000","29.3717","0.4421"
"35.3200","29.3885","0.4421"
"35.3400","29.4050","0.4421"
"35.3600","29.4215","0.4421"
"35.3800","29.4380","0.4422"
"35.4000","29.4546","0.4422"
"35.4200","29.4718","0.4423"
"35.4400","29.4892","0.4423"
"35.4600","29.5058","0.4424"
"35.4800","29.5217","0.4423"
"35.5000","29.5380","0.4423"
"35.5200","29.5548","0.4424"
"35.5400","29.5721","0.4425"
"35.5600","29.5895","0.4425"
"35.5800","29.6063","0.4426"
"35.6000","29.6228","0.4426"
"35.6200","29.6395","0.4426"
"35.6400","29.6561","0.4426"
"35.6600","29.6726","0.4426"
"35.6800","29.6891","0.4426"
"35.7000","29.7053","0.4426"
"35.7200","29.7213","0.4426"
"35.7400","29.7376","0.4426"
"35.7600","29.7550","0.4427"
"35.7800","29.7727","0.4428"
"35.8000","29.7899","0.4429"
"35.8200","29.8063","0.4429"
"35.8400","29.8219","0.4428"
"35.8600","29.8380","0.4428"
"35.8800","29.8548","0.4428"
"35.9000","29.8720","0.4429"
"35.9200","29.8895","0.4430"
"35.9400","29.9065","0.4431"
"35.9600","29.9229","0.4430"
"35.9800","29.9394","0.4430"
"36.0000","29.9562","0.4431"
"36.0200","29.9729","0.4431"
"36.0400","29.9893","0.4431"
"36.0600","30.0055","0.4431"
"36.0800","30.0215","0.4431"
"36.1000","30.0377","0.4431"
"36.1200","30.0547","0.4431"
"36.1400","30.0719","0.4432"
"36.1600","30.0889","0.4433"
"36.1800","30.1059","0.4433"
"36.2000","30.1224","0.4433"
"36.2200","30.1383","0.4433"
"36.2400","30.1545","0.4433"
"36.2600","30.1714","0.4433"
"36.2800","30.1887","0.4434"
"36.3000","30.2058","0.4435"
"36.3200","30.2224","0.4435"
"36.3400","30.2388","0.4435"
"36.3600","30.2557","0.4435"
"36.3800","30.2731","0.4436"
"36.4000","30.2899","0.4436"
"36.4200","30.3060","0.4436"
"36.4400","30.3217","0.4435"
"36.4600","30.3375","0.4435"
"36.4800","30.3541","0.4436"
"36.5000","30.3717","0.4437"
"36.5200","30.3889","0.4437"
"36.5400","30.4056","0.4437"
"36.5600","30.4223","0.4437"
"36.5800","30.4387","0.4438"
"36.6000","30.4551","0.4438"
"36.6200","30.4720","0.4438"
"36.6400","30.4890","0.4438"
"36.6600","30.5058","0.4439"
"36.6800","30.5224","0.4439"
"36.7000","30.5389","0.4439"
"36.7200","30.5556","0.4439"
"36.7400","30.5731","0.4440"
"36.7600","30.5906","0.4441"
"36.7800","30.6069","0.4441"
"36.8000","30.6224","0.4440"
"36.8200","30.6380","0.4440"
"36.8400","30.6544","0.4439"
"36.8600","30.6715","0.4440"
"36.8800","30.6886","0.4441"
"36.9000","30.7052","0.4441"
"36.9200","30.7219","0.4441"
"36.9400","30.7389","0.4442"
"36.9600","30.7554","0.4442"
"36.9800","30.7717","0.4442"
"37.0000","30.7883","0.4443"
"37.0200","30.8050","0.4443"
"37.0400","30.8219","0.4443"
"37.0600","30.8388","0.4443"
"37.0800","30.8556","0.4444"
"37.1000","30.8731","0.4444"
"37.1200","30.8904","0.4445"
"37.1400","30.9066","0.4445"
"37.1600","30.9223","0.4444"
"37.1800","30.9382","0.4444"
"37.2000","30.9548","0.4444"
"37.2200","30.9717","0.4445"
"37.2400","30.9886","0.4445"
"37.2600","31.0054","0.4446"
"37.2800","31.0217","0.4446"
"37.3000","31.0385","0.4446"
"37.3200","31.0556","0.4447"
"37.3400","31.0725","0.4447"
"37.3600","31.0891","0.4447"
"37.3800","31.1054","0.4447"
"37.4000","31.1218","0.4447"
"37.4200","31.1384","0.4447"
"37.4400","31.1554","0.4448"
"37.4600","31.1725","0.4449"
"37.4800","31.1897","0.4449"
"37.5000","31.2068","0.4450"
"37.5200","31.2229","0.4449"
"37.5400","31.2386","0.4449"
"37.5600","31.2549","0.4449"
"37.5800","31.2716","0.4449"
"37.6000","31.2884","0.4450"
"37.6200","31.3053","0.4450"
"37.6400","31.3217","0.4450"
"37.6600","31.3384","0.4450"
"37.6800","31.3555","0.4451"
"37.7000","31.3727","0.4451"
"37.7200","31.3892","0.4451"
"37.7400","31.4054","0.4451"
"37.7600","31.4218","0.4451"
"37.7800","31.4386","0.4452"
"37.8000","31.4555","0.4452"
"37.8200","31.4724","0.4453"
"37.8400","31.4892","0.4453"
"37.8600","31.5063","0.4453"
"37.8800","31.5230","0.4453"
"37.9000","31.5390","0.4453"
"37.9200","31.5552","0.4453"
"37.9400","31.5721","0.4453"
"37.9600","31.5888","0.4454"
"37.9800","31.6051","0.4454"
"38.0000","31.6215","0.4454"
"38.0200","31.6381","0.4454"
"38.0400","31.6551","0.4454"
"38.0600","31.6726","0.4455"
"38.0800","31.6895","0.4455"
"38.1000","31.7058","0.4455"
"38.1200","31.7221","0.4455"
"38.1400","31.7385","0.4455"
"38.1600","31.7553","0.4456"
"38.1800","31.7724","0.4456"
"38.2000","31.7895","0.4457"
"38.2200","31.8061","0.4457"
"38.2400","31.8228","0.4457"
"38.2600","31.8392","0.4457"
"38.2800","31.8554","0.4457"
"38.3000","31.8719","0.4457"
"38.3200","31.8886","0.4458"
"38.3400","31.9050","0.4457"
"38.3600","31.9213","0.4457"
"38.3800","31.9380","0.4457"
"38.4000","31.9550","0.4458"
"38.4200","31.9723","0.4459"
"38.4400","31.9893","0.4459"
"38.4600","32.0056","0.4459"
"38.4800","32.0214","0.4459"
"38.5000","32.0378","0.4459"
"38.5200","32.0548","0.4459"
"38.5400","32.0721","0.4460"
"38.5600","32.0895","0.4461"
"38.5800","32.1061","0.4461"
"38.6000","32.1226","0.4461"
"38.6200","32.1394","0.4461"
"38.6400","32.1562","0.4462"
"38.6600","32.1727","0.4462"
"38.6800","32.1891","0.4462"
"38.7000","32.2053","0.4462"
"38.7200","32.2213","0.4461"
"38.7400","32.2378","0.4461"
"38.7600","32.2549","0.4462"
"38.7800","32.2722","0.4463"
"38.8000","32.2896","0.4464"
"38.8200","32.3063","0.4464"
"38.8400","32.3222","0.4463"
"38.8600","32.3381","0.4463"
"38.8800","32.3546","0.4463"
"38.9000","32.3719","0.4464"
"38.9200","32.3893","0.4465"
"38.9400","32.4064","0.4465"
"38.9600","32.4228","0.4465"
"38.9800","32.4391","0.4465"
"39.0000","32.4561","0.4465"
"39.0200","32.4729","0.4466"
"39.0400","32.4894","0.4466"
"39.0600","32.5056","0.4466"
"39.0800","32.5215","0.4465"
"39.1000","32.5378","0.4465"
"39.1200","32.5549","0.4466"
"39.1400","32.5722","0.4466"
"39.1600","32.5892","0.4467"
"39.1800","32.6060","0.4467"
"39.2000","32.6224","0.4467"
"39.2200","32.6385","0.4467"
"39.2400","32.6548","0.4467"
"39.2600","32.6716","0.4467"
"39.2800","32.6886","0.4468"
"39.3000","32.7055","0.4468"
"39.3200","32.7223","0.4468"
"39.3400","32.7388","0.4468"
"39.3600","32.7559","0.4469"
"39.3800","32.7731","0.4469"
"39.4000","32.7898","0.4469"
"39.4200","32.8058","0.4469"
"39.4400","32.8217","0.4468"
"39.4600","32.8377","0.4468"
"39.4800","32.8542","0.4468"
"39.5000","32.8716","0.4469"
"39.5200","32.8889","0.4470"
"39.5400","32.9058","0.4470"
"39.5600","32.9224","0.4470"
"39.5800","32.9386","0.4470"
"39.6000","32.9549","0.4470"
"39.6200","32.9718","0.4470"
"39.6400","32.9888","0.4471"
"39.6600","33.0057","0.4471"
"39.6800","33.0224","0.4471"
"39.7000","33.0389","0.4471"
"39.7200","33.0555","0.4471"
"39.7400","33.0728","0.4472"
"39.7600","33.0901","0.4473"
"39.7800","33.1064","0.4472"
"39.8000","33.1222","0.4472"
"39.8200","33.1380","0.4471"
"39.8400","33.1542","0.4471"
"39.8600","33.1713","0.4472"
"39.8800","33.1887","0.4473"
"39.9000","33.2057","0.4473"
"39.9200","33.2222","0.4473"
"39.9400","33.2388","0.4473"
"39.9600","33.2553","0.4473"
"39.9800","33.2717","0.4473"
"40.0000","33.2885","0.4473"
"40.0200","33.3052","0.4474"
"40.0400","33.3219","0.4474"
"40.0600","33.3387","0.4474"
"40.0800","33.3554","0.4474"
"40.1000","33.3727","0.4475"
"40.1200","33.3903","0.4476"
"40.1400","33.4069","0.4476"
"40.1600","33.4227","0.4475"
"40.1800","33.4382","0.4474"
"40.2000","33.4546","0.4474"
"40.2200","33.4717","0.4475"
"40.2400","33.4889","0.4476"
"40.2600","33.5057","0.4476"
"40.2800","33.5219","0.4475"
"40.3000","33.5385","0.4476"
"40.3200","33.5555","0.4476"
"40.3400","33.5724","0.4476"
"40.3600","33.5891","0.4477"
"40.3800","33.6056","0.4477"
"40.4000","33.6220","0.4477"
"40.4200","33.6386","0.4477"
"40.4400","33.6556","0.4477"
"40.4600","33.6727","0.4478"
"40.4800","33.6899","0.4478"
"40.5000","33.7068","0.4478"
"40.5200","33.7228","0.4478"
"40.5400","33.7384","0.4477"
"40.5600","33.7548","0.4477"
"40.5800","33.7716","0.4477"
"40.6000","33.7884","0.4478"
"40.6200","33.8052","0.4478"
"40.6400","33.8218","0.4478"
"40.6600","33.8384","0.4478"
"40.6800","33.8555","0.4479"
"40.7000","33.8726","0.4479"
"40.7200","33.8891","0.4479"
"40.7400","33.9054","0.4479"
"40.7600","33.9218","0.4479"
"40.7800","33.9385","0.4479"
"40.8000","33.9556","0.4480"
"40.8200","33.9727","0.4480"
"40.8400","33.9894","0.4480"
"40.8600","34.0062","0.4480"
"40.8800","34.0228","0.4481"
"40.9000","34.0389","0.4480"
"40.9200","34.0550","0.4480"
"40.9400","34.0716","0.4480"
"40.9600","34.0884","0.4480"
"40.9800","34.1049","0.4480"
"41.0000","34.1214","0.4480"
"41.0200","34.1378","0.4480"
"41.0400","34.1547","0.4480"
"41.0600","34.1722","0.4481"
"41.0800","34.1891","0.4482"
"41.1000","34.2054","0.4481"
"41.1200","34.2218","0.4482"
"41.1400","34.2382","0.4482"
"41.1600","34.2551","0.4482"
"41.1800","34.2724","0.4483"
"41.2000","34.2894","0.4483"
"41.2200","34.3061","0.4483"
"41.2400","34.3228","0.4483"
"41.2600","34.3393","0.4483"
"41.2800","34.3554","0.4483"
"41.3000","34.3718","0.4483"
"41.3200","34.3886","0.4483"
"41.3400","34.4052","0.4483"
"41.3600","34.4218","0.4484"
"41.3800","34.4383","0.4484"
"41.4000","34.4550","0.4484"
"41.4200","34.4723","0.4485"
"41.4400","34.4895","0.4485"
"41.4600","34.5058","0.4485"
"41.4800","34.5217","0.4485"
"41.5000","34.5381","0.4485"
"41.5200","34.5550","0.4485"
"41.5400","34.5723","0.4486"
"41.5600","34.5896","0.4487"
"41.5800","34.6063","0.4487"
"41.6000","34.6228","0.4487"
"41.6200","34.6395","0.4487"
"41.6400","34.6561","0.4487"
"41.6600","34.6725","0.4487"
"41.6800","34.6889","0.4487"
"41.7000","34.7052","0.4487"
"41.7200","34.7213","0.4487"
"41.7400","34.7376","0.4487"
"41.7600","34.7547","0.4487"
"41.7800","34.7722","0.4488"
"41.8000","34.7895","0.4489"
"41.8200","34.8061","0.4489"
"41.8400","34.8219","0.4488"
"41.8600","34.8380","0.4488"
"41.8800","34.8545","0.4488"
"41.9000","34.8717","0.4489"
"41.9200","34.8890","0.4489"
"41.9400","34.9061","0.4490"
"41.9600","34.9225","0.4490"
"41.9800","34.9390","0.4490"
"42.0000","34.9560","0.4490"
"42.0200","34.9728","0.4491"
"42.0400","34.9893","0.4491"
"42.0600","35.0056","0.4490"
"42.0800","35.0214","0.4490"
"42.1000","35.0374","0.4490"
"42.1200","35.0544","0.4490"
"42.1400","35.0718","0.4491"
"42.1600","35.0892","0.4492"
"42.1800","35.1062","0.4492"
"42.2000","35.1227","0.4492"
"42.2200","35.1386","0.4492"
"42.2400","35.1547","0.4491"
"42.2600","35.1718","0.4492"
"42.2800","35.1891","0.4493"
"42.3000","35.2062","0.4493"
"42.3200","35.2227","0.4493"
"42.3400","35.2390","0.4493"
"42.3600","35.2560","0.4494"
"42.3800","35.2735","0.4494"
"42.4000","35.2903","0.4494"
"42.4200","35.3062","0.4494"
"42.4400","35.3219","0.4493"
"42.4600","35.3378","0.4493"
"42.4800","35.3544","0.4493"
"42.5000","35.3718","0.4494"
"42.5200","35.3891","0.4495"
"42.5400","35.4058","0.4494"
"42.5600","35.4224","0.4495"
"42.5800","35.4387","0.4495"
"42.6000","35.4551","0.4495"
"42.6200","35.4720","0.4495"
"42.6400","35.4890","0.4495"
"42.6600","35.5058","0.4496"
"42.6800","35.5224","0.4496"
"42.7000","35.5390","0.4496"
"42.7200","35.5558","0.4496"
"42.7400","35.5731","0.4497"
"42.7600","35.5902","0.4497"
"42.7800","35.6065","0.4497"
"42.8000","35.6221","0.4496"
"42.8200","35.6378","0.4496"
"42.8400","35.6543","0.4496"
"42.8600","35.6716","0.4497"
"42.8800","35.6889","0.4497"
"42.9000","35.7055","0.4497"
"42.9200","35.7220","0.4497"
"42.9400","35.7387","0.4497"
"42.9600","35.7554","0.4498"
"42.9800","35.7720","0.4498"
"43.0000","35.7887","0.4498"
"43.0200","35.8054","0.4498"
"43.0400","35.8221","0.4498"
"43.0600","35.8389","0.4499"
"43.0800","35.8556","0.4499"
"43.1000","35.8727","0.4499"
"43.1200","35.8903","0.4500"
"43.1400","35.9069","0.4500"
"43.1600","35.9225","0.4499"
"43.1800","35.9381","0.4498"
"43.2000","35.9546","0.4499"
"43.2200","35.9716","0.4499"
"43.2400","35.9889","0.4500"
"43.2600","36.0055","0.4500"
"43.2800","36.0217","0.4499"
"43.3000","36.0383","0.4499"
"43.3200","36.0554","0.4500"
"43.3400","36.0722","0.4500"
"43.3600","36.0888","0.4500"
"43.3800","36.1053","0.4500"
"43.4000","36.1217","0.4500"
"43.4200","36.1384","0.4501"
"43.4400","36.1555","0.4501"
"43.4600","36.1726","0.4501"
"43.4800","36.1898","0.4502"
"43.5000","36.2069","0.4502"
"43.5200","36.2230","0.4502"
"43.5400","36.2385","0.4501"
"43.5600","36.2548","0.4501"
"43.5800","36.2716","0.4501"
"43.6000","36.2886","0.4502"
"43.6200","36.3054","0.4502"
"43.6400","36.3218","0.4501"
"43.6600","36.3384","0.4501"
"43.6800","36.3554","0.4502"
"43.7000","36.3726","0.4503"
"43.7200","36.3891","0.4503"
"43.7400","36.4053","0.4502"
"43.7600","36.4217","0.4502"
"43.7800","36.4384","0.4502"
"43.8000","36.4556","0.4503"
"43.8200","36.4726","0.4503"
"43.8400","36.4895","0.4504"
"43.8600","36.5065","0.4504"
"43.8800","36.5231","0.4504"
"43.9000","36.5392","0.4503"
"43.9200","36.5553","0.4503"
"43.9400","36.5719","0.4503"
"43.9600","36.5885","0.4503"
"43.9800","36.6050","0.4503"
"44.0000","36.6214","0.4503"
"44.0200","36.6380","0.4503"
"44.0400","36.6550","0.4504"
"44.0600","36.6725","0.4504"
"44.0800","36.6893","0.4505"
"44.1000","36.7056","0.4505"
"44.1200","36.7220","0.4504"
"44.1400","36.7384","0.4504"
"44.1600","36.7551","0.4504"
"44.1800","36.7723","0.4505"
"44.2000","36.7895","0.4505"
"44.2200","36.8063","0.4505"
"44.2400","36.8229","0.4506"
"44.2600","36.8394","0.4505"
"44.2800","36.8555","0.4505"
"44.3000","36.8719","0.4505"
"44.3200","36.8886","0.4505"
"44.3400","36.9051","0.4505"
"44.3600","36.9216","0.4505"
"44.3800","36.9381","0.4505"
"44.4000","36.9548","0.4505"
"44.4200","36.9720","0.4506"
"44.4400","36.9893","0.4507"
"44.4600","37.0057","0.4507"
"44.4800","37.0216","0.4506"
"44.5000","37.0380","0.4506"
"44.5200","37.0549","0.4506"
"44.5400","37.0721","0.4507"
"44.5600","37.0895","0.4508"
"44.5800","37.1063","0.4507"
"44.6000","37.1228","0.4508"
"44.6200","37.1396","0.4508"
"44.6400","37.1562","0.4508"
"44.6600","37.1725","0.4508"
"44.6800","37.1888","0.4507"
"44.7000","37.2052","0.4507"
"44.7200","37.2215","0.4507"
"44.7400","37.2380","0.4507"
"44.7600","37.2550","0.4508"
"44.7800","37.2724","0.4509"
"44.8000","37.2896","0.4509"
"44.8200","37.3061","0.4509"
"44.8400","37.3217","0.4508"
"44.8600","37.3377","0.4508"
"44.8800","37.3546","0.4508"
"44.9000","37.3720","0.4509"
"44.9200","37.3895","0.4510"
"44.9400","37.4065","0.4510"
"44.9600","37.4230","0.4510"
"44.9800","37.4395","0.4510"
"45.0000","37.4564","0.4510"
"45.0200","37.4729","0.4510"
"45.0400","37.4892","0.4510"
"45.0600","37.5054","0.4510"
"45.0800","37.5214","0.4509"
"45.1000","37.5377","0.4509"
"45.1200","37.5547","0.4510"
"45.1400","37.5718","0.4511"
"45.1600","37.5889","0.4511"
"45.1800","37.6059","0.4511"
"45.2000","37.6224","0.4511"
"45.2200","37.6384","0.4511"
"45.2400","37.6548","0.4511"
"45.2600","37.6717","0.4511"
"45.2800","37.6888","0.4512"
"45.3000","37.7059","0.4512"
"45.3200","37.7226","0.4512"
"45.3400","37.7389","0.4512"
"45.3600","37.7559","0.4512"
"45.3800","37.7731","0.4513"
"45.4000","37.7898","0.4513"
"45.4200","37.8059","0.4512"
"45.4400","37.8218","0.4512"
"45.4600","37.8378","0.4512"
"45.4800","37.8546","0.4512"
"45.5000","37.8719","0.4513"
"45.5200","37.8889","0.4513"
"45.5400","37.9055","0.4513"
"45.5600","37.9223","0.4513"
"45.5800","37.9388","0.4513"
"45.6000","37.9552","0.4513"
"45.6200","37.9722","0.4513"
"45.6400","37.9892","0.4513"
"45.6600","38.0060","0.4513"
"45.6800","38.0228","0.4514"
"45.7000","38.0394","0.4513"
"45.7200","38.0561","0.4514"
"45.7400","38.0733","0.4514"
"45.7600","38.0905","0.4515"
"45.7800","38.1064","0.4514"
"45.8000","38.1219","0.4513"
"45.8200","38.1377","0.4513"
"45.8400","38.1543","0.4513"
"45.8600","38.1717","0.4514"
"45.8800","38.1890","0.4515"
"45.9000","38.2056","0.4515"
"45.9200","38.2221","0.4514"
"45.9400","38.2386","0.4514"
"45.9600","38.2551","0.4514"
"45.9800","38.2717","0.4514"
"46.0000","38.2886","0.4515"
"46.0200","38.3053","0.4515"
"46.0400","38.3219","0.4515"
"46.0600","38.3387","0.4515"
"46.0800","38.3554","0.4515"
"46.1000","38.3727","0.4516"
"46.1200","38.3902","0.4517"
"46.1400","38.4067","0.4517"
"46.1600","38.4225","0.4516"
"46.1800","38.4382","0.4515"
"46.2000","38.4546","0.4515"
"46.2200","38.4715","0.4516"
"46.2400","38.4887","0.4516"
"46.2600","38.5056","0.4516"
"46.2800","38.5219","0.4516"
"46.3000","38.5387","0.4516"
"46.3200","38.5557","0.4517"
"46.3400","38.5724","0.4517"
"46.3600","38.5892","0.4517"
"46.3800","38.6057","0.4517"
"46.4000","38.6222","0.4517"
"46.4200","38.6389","0.4517"
"46.4400","38.6558","0.4517"
"46.4600","38.6728","0.4517"
"46.4800","38.6898","0.4518"
"46.5000","38.7068","0.4518"
"46.5200","38.7230","0.4517"
"46.5400","38.7386","0.4517"
"46.5600","38.7550","0.4517"
"46.5800","38.7720","0.4517"
"46.6000","38.7889","0.4518"
"46.6200","38.8055","0.4518"
"46.6400","38.8217","0.4517"
"46.6600","38.8382","0.4518"
"46.6800","38.8553","0.4518"
"46.7000","38.8726","0.4519"
"46.7200","38.8891","0.4519"
"46.7400","38.9054","0.4518"
"46.7600","38.9218","0.4518"
"46.7800","38.9385","0.4518"
"46.8000","38.9556","0.4519"
"46.8200","38.9725","0.4519"
"46.8400","38.9893","0.4519"
"46.8600","39.0063","0.4519"
"46.8800","39.0227","0.4519"
"46.9000","39.0386","0.4519"
"46.9200","39.0549","0.4518"
"46.9400","39.0717","0.4519"
"46.9600","39.0886","0.4519"
"46.9800","39.1052","0.4519"
"47.0000","39.1215","0.4519"
"47.0200","39.1377","0.4519"
"47.0400","39.1546","0.4519"
"47.0600","39.1721","0.4520"
"47.0800","39.1890","0.4520"
"47.1000","39.2053","0.4520"
"47.1200","39.2218","0.4520"
"47.1400","39.2385","0.4520"
"47.1600","39.2554","0.4520"
"47.1800","39.2725","0.4521"
"47.2000","39.2895","0.4521"
"47.2200","39.3062","0.4521"
"47.2400","39.3229","0.4521"
"47.2600","39.3393","0.4521"
"47.2800","39.3554","0.4521"
"47.3000","39.3719","0.4520"
"47.3200","39.3887","0.4521"
"47.3400","39.4051","0.4521"
"47.3600","39.4216","0.4521"
"47.3800","39.4382","0.4521"
"47.4000","39.4552","0.4521"
"47.4200","39.4724","0.4522"
"47.4400","39.4894","0.4522"
"47.4600","39.5057","0.4522"
"47.4800","39.5217","0.4521"
"47.5000","39.5382","0.4521"
"47.5200","39.5549","0.4522"
"47.5400","39.5720","0.4522"
"47.5600","39.5895","0.4523"
"47.5800","39.6063","0.4523"
"47.6000","39.6228","0.4523"
"47.6200","39.6396","0.4523"
"47.6400","39.6562","0.4523"
"47.6600","39.6727","0.4523"
"47.6800","39.6891","0.4523"
"47.7000","39.7053","0.4523"
"47.7200","39.7214","0.4522"
"47.7400","39.7379","0.4522"
"47.7600","39.7549","0.4523"
"47.7800","39.7724","0.4524"
"47.8000","39.7898","0.4524"
"47.8200","39.8063","0.4524"
"47.8400","39.8219","0.4523"
"47.8600","39.8380","0.4523"
"47.8800","39.8547","0.4523"
"47.9000","39.8720","0.4523"
"47.9200","39.8893","0.4524"
"47.9400","39.9063","0.4525"
"47.9600","39.9228","0.4524"
"47.9800","39.9391","0.4524"
"48.0000","39.9559","0.4524"
"48.0200","39.9726","0.4524"
"48.0400","39.9890","0.4524"
"48.0600","40.0053","0.4524"
"48.0800","40.0215","0.4524"
"48.1000","40.0379","0.4524"
"48.1200","40.0548","0.4524"
"48.1400","40.0721","0.4525"
"48.1600","40.0893","0.4525"
"48.1800","40.1062","0.4525"
"48.2000","40.1225","0.4525"
"48.2200","40.1383","0.4524"
"48.2400","40.1547","0.4524"
"48.2600","40.1717","0.4525"
"48.2800","40.1887","0.4525"
"48.3000","40.2057","0.4525"
"48.3200","40.2224","0.4525"
"48.3400","40.2389","0.4525"
"48.3600","40.2558","0.4526"
"48.3800","40.2730","0.4526"
"48.4000","40.2897","0.4526"
"48.4200","40.3058","0.4526"
"48.4400","40.3217","0.4525"
"48.4600","40.3376","0.4525"
"48.4800","40.3542","0.4525"
"48.5000","40.3716","0.4526"
"48.5200","40.3889","0.4526"
"48.5400","40.4057","0.4526"
"48.5600","40.4223","0.4526"
"48.5800","40.4386","0.4526"
"48.6000","40.4549","0.4526"
"48.6200","40.4717","0.4526"
"48.6400","40.4888","0.4527"
"48.6600","40.5058","0.4527"
"48.6800","40.5225","0.4527"
"48.7000","40.5391","0.4527"
"48.7200","40.5560","0.4528"
"48.7400","40.5733","0.4528"
"48.7600","40.5904","0.4529"
"48.7800","40.6065","0.4528"
"48.8000","40.6223","0.4527"
"48.8200","40.6382","0.4527"
"48.8400","40.6545","0.4527"
"48.8600","40.6716","0.4527"
"48.8800","40.6889","0.4528"
"48.9000","40.7056","0.4528"
"48.9200","40.7220","0.4528"
"48.9400","40.7388","0.4528"
"48.9600","40.7555","0.4528"
"48.9800","40.7720","0.4528"
"49.0000","40.7888","0.4528"
"49.0200","40.8054","0.4528"
"49.0400","40.8218","0.4528"
"49.0600","40.8386","0.4528"
"49.0800","40.8555","0.4529"
"49.1000","40.8727","0.4529"
"49.1200","40.8901","0.4530"
"49.1400","40.9068","0.4530"
"49.1600","40.9226","0.4529"
"49.1800","40.9382","0.4528"
"49.2000","40.9545","0.4528"
"49.2200","40.9715","0.4529"
"49.2400","40.9888","0.4530"
"49.2600","41.0053","0.4529"
"49.2800","41.0214","0.4529"
"49.3000","41.0382","0.4529"
"49.3200","41.0555","0.4530"
"49.3400","41.0724","0.4530"
"49.3600","41.0889","0.4530"
"49.3800","41.1053","0.4530"
"49.4000","41.1218","0.4530"
"49.4200","41.1386","0.4530"
"49.4400","41.1556","0.4531"
"49.4600","41.1726","0.4531"
"49.4800","41.1895","0.4531"
"49.5000","41.2064","0.4532"
"49.5200","41.2226","0.4531"
"49.5400","41.2385","0.4531"
"49.5600","41.2548","0.4531"
"49.5800","41.2716","0.4531"
"49.6000","41.2886","0.4531"
"49.6200","41.3055","0.4531"
"49.6400","41.3218","0.4531"
"49.6600","41.3384","0.4531"
"49.6800","41.3556","0.4532"
"49.7000","41.3728","0.4532"
"49.7200","41.3895","0.4532"
"49.7400","41.4057","0.4532"
"49.7600","41.4218","0.4531"
"49.7800","41.4384","0.4532"
"49.8000","41.4556","0.4532"
"49.8200","41.4729","0.4533"
"49.8400","41.4897","0.4533"
"49.8600","41.5063","0.4533"
"49.8800","41.5228","0.4533"
"49.9000","41.5391","0.4532"
"49.9200","41.5553","0.4532"
"49.9400","41.5719","0.4533"
"49.9600","41.5888","0.4533"
"49.9800","41.6053","0.4533"
"50.0000","41.6218","0.4532"
"50.0200","41.6380","0.4532"
"50.0400","41.6549","0.4533"
"50.0600","41.6725","0.4533"
"50.0800","41.6895","0.4534"
"50.1000","41.7056","0.4533"
"50.1200","41.7216","0.4533"
"50.1400","41.7381","0.4533"
"50.1600","41.7552","0.4533"
"50.1800","41.7726","0.4534"
"50.2000","41.7896","0.4534"
"50.2200","41.8064","0.4534"
"50.2400","41.8230","0.4534"
"50.2600","41.8394","0.4534"
"50.2800","41.8554","0.4533"
"50.3000","41.8718","0.4533"
"50.3200","41.8885","0.4534"
"50.3400","41.9050","0.4534"
"50.3600","41.9216","0.4534"
"50.3800","41.9381","0.4534"
"50.4000","41.9549","0.4534"
"50.4200","41.9722","0.4535"
"50.4400","41.9895","0.4535"
"50.4600","42.0059","0.4535"
"50.4800","42.0217","0.4534"
"50.5000","42.0382","0.4534"
"50.5200","42.0551","0.4535"
"50.5400","42.0722","0.4535"
"50.5600","42.0895","0.4535"
"50.5800","42.1060","0.4535"
"50.6000","42.1225","0.4535"
"50.6200","42.1393","0.4535"
"50.6400","42.1559","0.4535"
"50.6600","42.1723","0.4536"
"50.6800","42.1888","0.4535"
"50.7000","42.2051","0.4535"
"50.7200","42.2213","0.4535"
"50.7400","42.2377","0.4535"
"50.7600","42.2547","0.4535"
"50.7800","42.2721","0.4536"
"50.8000","42.2896","0.4537"
"50.8200","42.3063","0.4537"
"50.8400","42.3220","0.4536"
"50.8600","42.3379","0.4536"
"50.8800","42.3545","0.4536"
"50.9000","42.3718","0.4536"
"50.9200","42.3892","0.4537"
"50.9400","42.4064","0.4537"
"50.9600","42.4230","0.4537"
"50.9800","42.4393","0.4537"
"51.0000","42.4560","0.4537"
"51.0200","42.4726","0.4537"
"51.0400","42.4891","0.4537"
"51.0600","42.5055","0.4537"
"51.0800","42.5215","0.4536"
"51.1000","42.5377","0.4536"
"51.1200","42.5547","0.4537"
"51.1400","42.5720","0.4537"
"51.1600","42.5892","0.4537"
"51.1800","42.6061","0.4538"
"51.2000","42.6225","0.4537"
"51.2200","42.6385","0.4537"
"51.2400","42.6549","0.4537"
"51.2600","42.6718","0.4537"
"51.2800","42.6889","0.4537"
"51.3000","42.7058","0.4538"
"51.3200","42.7225","0.4538"
"51.3400","42.7390","0.4538"
"51.3600","42.7562","0.4538"
"51.3800","42.7734","0.4539"
"51.4000","42.7899","0.4538"
"51.4200","42.8058","0.4538"
"51.4400","42.8217","0.4537"
"51.4600","42.8377","0.4537"
"51.4800","42.8544","0.4537"
"51.5000","42.8717","0.4538"
"51.5200","42.8888","0.4538"
"51.5400","42.9056","0.4538"
"51.5600","42.9224","0.4538"
"51.5800","42.9387","0.4538"
"51.6000","42.9550","0.4538"
"51.6200","42.9718","0.4538"
"51.6400","42.9888","0.4539"
"51.6600","43.0058","0.4539"
"51.6800","43.0225","0.4539"
"51.7000","43.0391","0.4539"
"51.7200","43.0559","0.4539"
"51.7400","43.0731","0.4539"
"51.7600","43.0902","0.4539"
"51.7800","43.1064","0.4539"
"51.8000","43.1223","0.4539"
"51.8200","43.1382","0.4538"
"51.8400","43.1545","0.4538"
"51.8600","43.1717","0.4539"
"51.8800","43.1889","0.4539"
"51.9000","43.2055","0.4539"
"51.9200","43.2221","0.4539"
"51.9400","43.2388","0.4539"
"51.9600","43.2554","0.4539"
"51.9800","43.2719","0.4539"
"52.0000","43.2886","0.4539"
"52.0200","43.3053","0.4539"
"52.0400","43.3219","0.4539"
"52.0600","43.3389","0.4539"
"52.0800","43.3560","0.4540"
"52.1000","43.3733","0.4540"
"52.1200","43.3905","0.4541"
"52.1400","43.4068","0.4540"
"52.1600","43.4223","0.4539"
"52.1800","43.4382","0.4539"
"52.2000","43.4546","0.4539"
"52.2200","43.4716","0.4539"
"52.2400","43.4888","0.4539"
"52.2600","43.5055","0.4539"
"52.2800","43.5218","0.4539"
"52.3000","43.5386","0.4539"
"52.3200","43.5556","0.4540"
"52.3400","43.5725","0.4540"
"52.3600","43.5891","0.4540"
"52.3800","43.6055","0.4540"
"52.4000","43.6220","0.4539"
"52.4200","43.6388","0.4539"
"52.4400","43.6559","0.4540"
"52.4600","43.6729","0.4540"
"52.4800","43.6899","0.4540"
"52.5000","43.7068","0.4540"
"52.5200","43.7229","0.4540"
"52.5400","43.7386","0.4539"
"52.5600","43.7549","0.4539"
"52.5800","43.7717","0.4539"
"52.6000","43.7886","0.4540"
"52.6200","43.8053","0.4540"
"52.6400","43.8217","0.4539"
"52.6600","43.8382","0.4540"
"52.6800","43.8555","0.4540"
"52.7000","43.8729","0.4541"
"52.7200","43.8893","0.4540"
"52.7400","43.9051","0.4539"
"52.7600","43.9213","0.4539"
"52.7800","43.9384","0.4540"
"52.8000","43.9560","0.4540"
"52.8200","43.9731","0.4540"
"52.8400","43.9896","0.4540"
"52.8600","44.0062","0.4540"
"52.8800","44.0228","0.4540"
"52.9000","44.0390","0.4540"
"52.9200","44.0551","0.4539"
"52.9400","44.0717","0.4540"
"52.9600","44.0884","0.4540"
"52.9800","44.1050","0.4540"
"53.0000","44.1214","0.4540"
"53.0200","44.1377","0.4539"
"53.0400","44.1545","0.4539"
"53.0600","44.1722","0.4540"
"53.0800","44.1892","0.4541"
"53.1000","44.2054","0.4540"
"53.1200","44.2217","0.4540"
"53.1400","44.2382","0.4540"
"53.1600","44.2552","0.4540"
"53.1800","44.2725","0.4541"
"53.2000","44.2897","0.4541"
"53.2200","44.3063","0.4541"
"53.2400","44.3230","0.4541"
"53.2600","44.3393","0.4541"
"53.2800","44.3554","0.4540"
"53.3000","44.3719","0.4540"
"53.3200","44.3886","0.4540"
"53.3400","44.4051","0.4540"
"53.3600","44.4215","0.4540"
"53.3800","44.4382","0.4540"
"53.4000","44.4551","0.4540"
"53.4200","44.4722","0.4541"
"53.4400","44.4892","0.4541"
"53.4600","44.5054","0.4541"
"53.4800","44.5214","0.4540"
"53.5000","44.5381","0.4540"
"53.5200","44.5553","0.4541"
"53.5400","44.5725","0.4541"
"53.5600","44.5896","0.4542"
"53.5800","44.6062","0.4541"
"53.6000","44.6226","0.4541"
"53.6200","44.6394","0.4541"
"53.6400","44.6561","0.4541"
"53.6600","44.6727","0.4541"
"53.6800","44.6890","0.4541"
"53.7000","44.7053","0.4541"
"53.7200","44.7215","0.4541"
"53.7400","44.7379","0.4540"
"53.7600","44.7547","0.4541"
"53.7800","44.7719","0.4541"
"53.8000","44.7895","0.4542"
"53.8200","44.8063","0.4542"
"53.8400","44.8221","0.4541"
"53.8600","44.8380","0.4541"
"53.8800","44.8546","0.4541"
"53.9000","44.8720","0.4541"
"53.9200","44.8892","0.4542"
"53.9400","44.9061","0.4542"
"53.9600","44.9225","0.4542"
"53.9800","44.9390","0.4542"
"54.0000","44.9560","0.4542"
"54.0200","44.9727","0.4542"
"54.0400","44.9890","0.4542"
"54.0600","45.0054","0.4542"
"54.0800","45.0216","0.4541"
"54.1000","45.0380","0.4541"
"54.1200","45.0549","0.4541"
"54.1400","45.0721","0.4542"
"54.1600","45.0892","0.4542"
"54.1800","45.1061","0.4542"
"54.2000","45.1225","0.4542"
"54.2200","45.1385","0.4542"
"54.2400","45.1548","0.4541"
"54.2600","45.1717","0.4542"
"54.2800","45.1888","0.4542"
"54.3000","45.2056","0.4542"
"54.3200","45.2222","0.4542"
"54.3400","45.2388","0.4542"
"54.3600","45.2559","0.4542"
"54.3800","45.2732","0.4543"
"54.4000","45.2898","0.4543"
"54.4200","45.3058","0.4542"
"54.4400","45.3215","0.4542"
"54.4600","45.3373","0.4541"
"54.4800","45.3540","0.4541"
"54.5000","45.3717","0.4542"
"54.5200","45.3891","0.4543"
"54.5400","45.4060","0.4543"
"54.5600","45.4228","0.4543"
"54.5800","45.4390","0.4542"
"54.6000","45.4551","0.4542"
"54.6200","45.4717","0.4542"
"54.6400","45.4886","0.4542"
"54.6600","45.5055","0.4542"
"54.6800","45.5222","0.4542"
"54.7000","45.5389","0.4542"
"54.7200","45.5557","0.4543"
"54.7400","45.5729","0.4543"
"54.7600","45.5898","0.4543"
"54.7800","45.6060","0.4543"
"54.8000","45.6221","0.4543"
"54.8200","45.6383","0.4542"
"54.8400","45.6546","0.4542"
"54.8600","45.6715","0.4542"
"54.8800","45.6887","0.4543"
"54.9000","45.7055","0.4543"
"54.9200","45.7221","0.4543"
"54.9400","45.7386","0.4543"
"54.9600","45.7552","0.4543"
"54.9800","45.7719","0.4543"
"55.0000","45.7888","0.4543"
"55.0200","45.8054","0.4543"
"55.0400","45.8219","0.4543"
"55.0600","45.8386","0.4543"
"55.0800","45.8555","0.4544"
"55.1000","45.8728","0.4544"
"55.1200","45.8903","0.4545"
"55.1400","45.9067","0.4544"
"55.1600","45.9223","0.4544"
"55.1800","45.9381","0.4543"
"55.2000","45.9548","0.4543"
"55.2200","45.9719","0.4544"
"55.2400","45.9890","0.4544"
"55.2600","46.0055","0.4544"
"55.2800","46.0217","0.4543"
"55.3000","46.0384","0.4544"
"55.3200","46.0556","0.4544"
"55.3400","46.0723","0.4544"
"55.3600","46.0888","0.4544"
"55.3800","46.1054","0.4544"
"55.4000","46.1219","0.4544"
"55.4200","46.1387","0.4544"
"55.4400","46.1559","0.4544"
"55.4600","46.1729","0.4544"
"55.4800","46.1899","0.4545"
"55.5000","46.2068","0.4545"
"55.5200","46.2228","0.4544"
"55.5400","46.2386","0.4544"
"55.5600","46.2551","0.4543"
"55.5800","46.2717","0.4543"
"55.6000","46.2885","0.4544"
"55.6200","46.3053","0.4544"
"55.6400","46.3217","0.4544"
"55.6600","46.3382","0.4544"
"55.6800","46.3554","0.4544"
"55.7000","46.3726","0.4545"
"55.7200","46.3891","0.4544"
"55.7400","46.4052","0.4544"
"55.7600","46.4214","0.4544"
"55.7800","46.4380","0.4544"
"55.8000","46.4555","0.4545"
"55.8200","46.4729","0.4545"
"55.8400","46.4895","0.4545"
"55.8600","46.5062","0.4545"
"55.8800","46.5228","0.4545"
"55.9000","46.5390","0.4545"
"55.9200","46.5553","0.4544"
"55.9400","46.5719","0.4544"
"55.9600","46.5886","0.4545"
"55.9800","46.6052","0.4545"
"56.0000","46.6218","0.4545"
"56.0200","46.6381","0.4544"
"56.0400","46.6547","0.4544"
"56.0600","46.6722","0.4545"
"56.0800","46.6892","0.4545"
"56.1000","46.7055","0.4545"
"56.1200","46.7218","0.4544"
"56.1400","46.7384","0.4544"
"56.1600","46.7555","0.4545"
"56.1800","46.7726","0.4545"
"56.2000","46.7894","0.4545"
"56.2200","46.8061","0.4545"
"56.2400","46.8230","0.4545"
"56.2600","46.8396","0.4545"
"56.2800","46.8557","0.4545"
"56.3000","46.8722","0.4545"
"56.3200","46.8890","0.4545"
"56.3400","46.9054","0.4544"
"56.3600","46.9217","0.4544"
"56.3800","46.9381","0.4544"
"56.4000","46.9548","0.4544"
"56.4200","46.9721","0.4545"
"56.4400","46.9893","0.4545"
"56.4600","47.0058","0.4545"
"56.4800","47.0216","0.4544"
"56.5000","47.0380","0.4544"
"56.5200","47.0549","0.4545"
"56.5400","47.0721","0.4545"
"56.5600","47.0895","0.4546"
"56.5800","47.1062","0.4546"
"56.6000","47.1228","0.4546"
"56.6200","47.1395","0.4546"
"56.6400","47.1561","0.4546"
"56.6600","47.1726","0.4545"
"56.6800","47.1890","0.4545"
"56.7000","47.2053","0.4545"
"56.7200","47.2215","0.4545"
"56.7400","47.2379","0.4545"
"56.7600","47.2549","0.4545"
"56.7800","47.2721","0.4546"
"56.8000","47.2895","0.4546"
"56.8200","47.3063","0.4546"
"56.8400","47.3220","0.4545"
"56.8600","47.3379","0.4545"
"56.8800","47.3546","0.4545"
"56.9000","47.3718","0.4545"
"56.9200","47.3891","0.4546"
"56.9400","47.4061","0.4546"
"56.9600","47.4226","0.4546"
"56.9800","47.4392","0.4546"
"57.0000","47.4563","0.4546"
"57.0200","47.4730","0.4546"
"57.0400","47.4893","0.4546"
"57.0600","47.5056","0.4546"
"57.0800","47.5216","0.4545"
"57.1000","47.5378","0.4545"
"57.1200","47.5548","0.4545"
"57.1400","47.5719","0.4546"
"57.1600","47.5891","0.4546"
"57.1800","47.6060","0.4546"
"57.2000","47.6225","0.4546"
"57.2200","47.6385","0.4546"
"57.2400","47.6549","0.4545"
"57.2600","47.6719","0.4546"
"57.2800","47.6889","0.4546"
"57.3000","47.7058","0.4546"
"57.3200","47.7225","0.4546"
"57.3400","47.7389","0.4546"
"57.3600","47.7560","0.4546"
"57.3800","47.7733","0.4547"
"57.4000","47.7899","0.4547"
"57.4200","47.8059","0.4546"
"57.4400","47.8218","0.4546"
"57.4600","47.8378","0.4545"
"57.4800","47.8544","0.4546"
"57.5000","47.8718","0.4546"
"57.5200","47.8889","0.4547"
"57.5400","47.9058","0.4547"
"57.5600","47.9225","0.4547"
"57.5800","47.9388","0.4547"
"57.6000","47.9550","0.4546"
"57.6200","47.9717","0.4546"
"57.6400","47.9888","0.4546"
"57.6600","48.0057","0.4547"
"57.6800","48.0224","0.4547"
"57.7000","48.0389","0.4546"
"57.7200","48.0557","0.4547"
"57.7400","48.0730","0.4547"
"57.7600","48.0900","0.4547"
"57.7800","48.1063","0.4547"
"57.8000","48.1224","0.4546"
"57.8200","48.1383","0.4546"
"57.8400","48.1544","0.4545"
"57.8600","48.1713","0.4546"
"57.8800","48.1887","0.4546"
"57.9000","48.2055","0.4546"
"57.9200","48.2219","0.4546"
"57.9400","48.2384","0.4546"
"57.9600","48.2551","0.4546"
"57.9800","48.2719","0.4546"
"58.0000","48.2888","0.4546"
"58.0200","48.3054","0.4546"
"58.0400","48.3218","0.4546"
"58.0600","48.3385","0.4547"
"58.0800","48.3553","0.4547"
"58.1000","48.3725","0.4547"
"58.1200","48.3900","0.4548"
"58.1400","48.4066","0.4547"
"58.1600","48.4225","0.4547"
"58.1800","48.4383","0.4546"
"58.2000","48.4546","0.4546"
"58.2200","48.4714","0.4547"
"58.2400","48.4886","0.4547"
"58.2600","48.5055","0.4547"
"58.2800","48.5218","0.4547"
"58.3000","48.5385","0.4547"
"58.3200","48.5555","0.4547"
"58.3400","48.5723","0.4547"
"58.3600","48.5890","0.4547"
"58.3800","48.6055","0.4547"
"58.4000","48.6220","0.4547"
"58.4200","48.6387","0.4547"
"58.4400","48.6557","0.4547"
"58.4600","48.6728","0.4548"
"58.4800","48.6900","0.4548"
"58.5000","48.7071","0.4548"
"58.5200","48.7233","0.4547"
"58.5400","48.7388","0.4547"
"58.5600","48.7549","0.4546"
"58.5800","48.7716","0.4546"
"58.6000","48.7885","0.4547"
"58.6200","48.8053","0.4547"
"58.6400","48.8217","0.4547"
"58.6600","48.8383","0.4546"
"58.6800","48.8555","0.4547"
"58.7000","48.8726","0.4547"
"58.7200","48.8892","0.4547"
"58.7400","48.9053","0.4546"
"58.7600","48.9215","0.4546"
"58.7800","48.9380","0.4546"
"58.8000","48.9553","0.4547"
"58.8200","48.9727","0.4547"
"58.8400","48.9895","0.4547"
"58.8600","49.0063","0.4547"
"58.8800","49.0229","0.4547"
"58.9000","49.0389","0.4546"
"58.9200","49.0550","0.4546"
"58.9400","49.0717","0.4546"
"58.9600","49.0886","0.4546"
"58.9800","49.1051","0.4546"
"59.0000","49.1216","0.4546"
"59.0200","49.1379","0.4546"
"59.0400","49.1547","0.4546"
"59.0600","49.1721","0.4547"
"59.0800","49.1892","0.4547"
"59.1000","49.2056","0.4546"
"59.1200","49.2218","0.4546"
"59.1400","49.2382","0.4546"
"59.1600","49.2551","0.4546"
"59.1800","49.2724","0.4547"
"59.2000","49.2894","0.4547"
"59.2200","49.3062","0.4547"
"59.2400","49.3228","0.4547"
"59.2600","49.3394","0.4546"
"59.2800","49.3554","0.4546"
"59.3000","49.3717","0.4546"
"59.3200","49.3884","0.4546"
"59.3400","49.4051","0.4546"
"59.3600","49.4216","0.4546"
"59.3800","49.4380","0.4546"
"59.4000","49.4547","0.4546"
"59.4200","49.4720","0.4546"
"59.4400","49.4894","0.4547"
"59.4600","49.5058","0.4547"
"59.4800","49.5216","0.4546"
"59.5000","49.5379","0.4546"
"59.5200","49.5547","0.4546"
"59.5400","49.5722","0.4546"
"59.5600","49.5898","0.4547"
"59.5800","49.6064","0.4547"
"59.6000","49.6227","0.4547"
"59.6200","49.6395","0.4547"
"59.6400","49.6562","0.4547"
"59.6600","49.6726","0.4547"
"59.6800","49.6890","0.4547"
"59.7000","49.7055","0.4546"
"59.7200","49.7217","0.4546"
"59.7400","49.7382","0.4546"
"59.7600","49.7550","0.4546"
"59.7800","49.7720","0.4547"
"59.8000","49.7895","0.4547"
"59.8200","49.8064","0.4547"
"59.8400","49.8223","0.4547"
"59.8600","49.8381","0.4546"
"59.8800","49.8545","0.4546"
"59.9000","49.8717","0.4546"
"59.9200","49.8891","0.4547"
"59.9400","49.9062","0.4547"
"59.9600","49.9226","0.4547"
"59.9800","49.9391","0.4547"
"60.0000","49.9561","0.4547"
"60.0200","49.9727","0.4547"
"60.0400","49.9890","0.4547"
"60.0600","50.0052","0.4546"
"60.0800","50.0214","0.4546"
"60.1000","50.0378","0.4546"
"60.1200","50.0549","0.4546"
"60.1400","50.0721","0.4546"
"60.1600","50.0893","0.4547"
"60.1800","50.1060","0.4547"
"60.2000","50.1223","0.4546"
"60.2200","50.1382","0.4546"
"60.2400","50.1548","0.4546"
"60.2600","50.1718","0.4546"
"60.2800","50.1888","0.4547"
"60.3000","50.2058","0.4547"
"60.3200","50.2224","0.4546"
"60.3400","50.2389","0.4546"
"60.3600","50.2561","0.4547"
"60.3800","50.2733","0.4547"
"60.4000","50.2898","0.4547"
"60.4200","50.3057","0.4546"
"60.4400","50.3216","0.4546"
"60.4600","50.3377","0.4546"
"60.4800","50.3543","0.4546"
"60.5000","50.3717","0.4546"
"60.5200","50.3889","0.4546"
"60.5400","50.4057","0.4546"
"60.5600","50.4223","0.4546"
"60.5800","50.4385","0.4546"
"60.6000","50.4550","0.4546"
"60.6200","50.4718","0.4546"
"60.6400","50.4888","0.4547"
"60.6600","50.5056","0.4547"
"60.6800","50.5224","0.4547"
"60.7000","50.5391","0.4547"
"60.7200","50.5558","0.4547"
"60.7400","50.5730","0.4547"
"60.7600","50.5900","0.4547"
"60.7800","50.6061","0.4547"
"60.8000","50.6220","0.4546"
"60.8200","50.6381","0.4546"
"60.8400","50.6546","0.4545"
"60.8600","50.6717","0.4546"
"60.8800","50.6888","0.4546"
"60.9000","50.7054","0.4546"
"60.9200","50.7219","0.4546"
"60.9400","50.7387","0.4546"
"60.9600","50.7554","0.4546"
"60.9800","50.7720","0.4546"
"61.0000","50.7889","0.4546"
"61.0200","50.8055","0.4546"
"61.0400","50.8219","0.4546"
"61.0600","50.8387","0.4546"
"61.0800","50.8557","0.4546"
"61.1000","50.8730","0.4547"
"61.1200","50.8904","0.4547"
"61.1400","50.9068","0.4547"
"61.1600","50.9224","0.4546"
"61.1800","50.9383","0.4546"
"61.2000","50.9546","0.4546"
"61.2200","50.9716","0.4546"
"61.2400","50.9888","0.4546"
"61.2600","51.0054","0.4546"
"61.2800","51.0216","0.4546"
"61.3000","51.0383","0.4546"
"61.3200","51.0554","0.4546"
"61.3400","51.0724","0.4547"
"61.3600","51.0893","0.4546"
"61.3800","51.1055","0.4546"
"61.4000","51.1216","0.4546"
"61.4200","51.1384","0.4546"
"61.4400","51.1556","0.4546"
"61.4600","51.1729","0.4547"
"61.4800","51.1900","0.4547"
"61.5000","51.2068","0.4547"
"61.5200","51.2228","0.4547"
"61.5400","51.2386","0.4546"
"61.5600","51.2550","0.4546"
"61.5800","51.2718","0.4546"
"61.6000","51.2887","0.4546"
"61.6200","51.3055","0.4546"
"61.6400","51.3218","0.4546"
"61.6600","51.3384","0.4546"
"61.6800","51.3556","0.4546"
"61.7000","51.3728","0.4547"
"61.7200","51.3893","0.4546"
"61.7400","51.4054","0.4546"
"61.7600","51.4216","0.4546"
"61.7800","51.4383","0.4546"
"61.8000","51.4556","0.4546"
"61.8200","51.4730","0.4547"
"61.8400","51.4898","0.4547"
"61.8600","51.5065","0.4546"
"61.8800","51.5232","0.4547"
"61.9000","51.5394","0.4546"
"61.9200","51.5553","0.4545"
"61.9400","51.5718","0.4545"
"61.9600","51.5886","0.4545"
"61.9800","51.6051","0.4545"
"62.0000","51.6215","0.4545"
"62.0200","51.6380","0.4545"
"62.0400","51.6549","0.4545"
"62.0600","51.6725","0.4546"
"62.0800","51.6894","0.4546"
"62.1000","51.7056","0.4545"
"62.1200","51.7218","0.4545"
"62.1400","51.7383","0.4545"
"62.1600","51.7553","0.4545"
"62.1800","51.7726","0.4546"
"62.2000","51.7897","0.4546"
"62.2200","51.8064","0.4546"
"62.2400","51.8230","0.4546"
"62.2600","51.8395","0.4545"
"62.2800","51.8555","0.4545"
"62.3000","51.8719","0.4545"
"62.3200","51.8886","0.4545"
"62.3400","51.9052","0.4545"
"62.3600","51.9218","0.4545"
"62.3800","51.9383","0.4545"
"62.4000","51.9549","0.4545"
"62.4200","51.9720","0.4545"
"62.4400","51.9893","0.4545"
"62.4600","52.0058","0.4545"
"62.4800","52.0216","0.4545"
"62.5000","52.0378","0.4544"
"62.5200","52.0547","0.4545"
"62.5400","52.0721","0.4545"
"62.5600","52.0895","0.4546"
"62.5800","52.1061","0.4545"
"62.6000","52.1226","0.4545"
"62.6200","52.1395","0.4545"
"62.6400","52.1561","0.4545"
"62.6600","52.1726","0.4545"
"62.6800","52.1889","0.4545"
"62.7000","52.2051","0.4544"
"62.7200","52.2214","0.4544"
"62.7400","52.2381","0.4544"
"62.7600","52.2551","0.4545"
"62.7800","52.2722","0.4545"
"62.8000","52.2895","0.4545"
"62.8200","52.3063","0.4545"
"62.8400","52.3221","0.4545"
"62.8600","52.3380","0.4544"
"62.8800","52.3546","0.4544"
"62.9000","52.3719","0.4545"
"62.9200","52.3891","0.4545"
"62.9400","52.4059","0.4545"
"62.9600","52.4225","0.4545"
"62.9800","52.4392","0.4545"
"63.0000","52.4564","0.4545"
"63.0200","52.4730","0.4545"
"63.0400","52.4890","0.4544"
"63.0600","52.5052","0.4544"
"63.0800","52.5216","0.4544"
"63.1000","52.5382","0.4544"
"63.1200","52.5550","0.4544"
"63.1400","52.5720","0.4544"
"63.1600","52.5892","0.4545"
"63.1800","52.6062","0.4545"
"63.2000","52.6227","0.4545"
"63.2200","52.6386","0.4544"
"63.2400","52.6548","0.4544"
"63.2600","52.6716","0.4544"
"63.2800","52.6887","0.4544"
"63.3000","52.7056","0.4545"
"63.3200","52.7223","0.4545"
"63.3400","52.7388","0.4544"
"63.3600","52.7557","0.4544"
"63.3800","52.7730","0.4545"
"63.4000","52.7899","0.4545"
"63.4200","52.8060","0.4544"
"63.4400","52.8218","0.4544"
"63.4600","52.8379","0.4543"
"63.4800","52.8545","0.4543"
"63.5000","52.8717","0.4544"
"63.5200","52.8888","0.4544"
"63.5400","52.9056","0.4544"
"63.5600","52.9223","0.4544"
"63.5800","52.9386","0.4544"
"63.6000","52.9549","0.4544"
"63.6200","52.9717","0.4544"
"63.6400","52.9888","0.4544"
"63.6600","53.0057","0.4544"
"63.6800","53.0224","0.4544"
"63.7000","53.0390","0.4544"
"63.7200","53.0557","0.4544"
"63.7400","53.0730","0.4545"
"63.7600","53.0900","0.4545"
"63.7800","53.1061","0.4544"
"63.8000","53.1222","0.4544"
"63.8200","53.1383","0.4544"
"63.8400","53.1547","0.4543"
"63.8600","53.1717","0.4544"
"63.8800","53.1887","0.4544"
"63.9000","53.2055","0.4544"
"63.9200","53.2220","0.4544"
"63.9400","53.2385","0.4543"
"63.9600","53.2550","0.4544"
"63.9800","53.2719","0.4544"
"64.0000","53.2890","0.4544"
"64.0200","53.3055","0.4544"
"64.0400","53.3218","0.4544"
"64.0600","53.3385","0.4544"
"64.0800","53.3555","0.4544"
"64.1000","53.3727","0.4544"
"64.1200","53.3902","0.4545"
"64.1400","53.4067","0.4545"
"64.1600","53.4223","0.4544"
"64.1800","53.4380","0.4543"
"64.2000","53.4546","0.4543"
"64.2200","53.4716","0.4543"
"64.2400","53.4887","0.4544"
"64.2600","53.5055","0.4544"
"64.2800","53.5218","0.4543"
"64.3000","53.5384","0.4543"
"64.3200","53.5553","0.4544"
"64.3400","53.5722","0.4543"
"64.3600","53.5888","0.4544"
"64.3800","53.6053","0.4544"
"64.4000","53.6218","0.4543"
"64.4200","53.6386","0.4544"
"64.4400","53.6556","0.4544"
"64.4600","53.6727","0.4544"
"64.4800","53.6898","0.4544"
"64.5000","53.7068","0.4544"
"64.5200","53.7228","0.4544"
"64.5400","53.7385","0.4544"
"64.5600","53.7548","0.4543"
"64.5800","53.7716","0.4543"
"64.6000","53.7885","0.4543"
"64.6200","53.8054","0.4544"
"64.6400","53.8219","0.4544"
"64.6600","53.8384","0.4544"
"64.6800","53.8554","0.4544"
"64.7000","53.8726","0.4544"
"64.7200","53.8893","0.4544"
"64.7400","53.9055","0.4544"
"64.7600","53.9217","0.4543"
"64.7800","53.9382","0.4544"
"64.8000","53.9554","0.4544"
"64.8200","53.9729","0.4545"
"64.8400","53.9898","0.4544"
"64.8600","54.0063","0.4544"
"64.8800","54.0228","0.4544"
"64.9000","54.0389","0.4544"
"64.9200","54.0552","0.4544"
"64.9400","54.0719","0.4544"
"64.9600","54.0886","0.4544"
"64.9800","54.1052","0.4544"
"65.0000","54.1217","0.4544"
"65.0200","54.1380","0.4543"
"65.0400","54.1546","0.4543"
"65.0600","54.1720","0.4544"
"65.0800","54.1891","0.4544"
"65.1000","54.2054","0.4544"
"65.1200","54.2218","0.4544"
"65.1400","54.2383","0.4544"
"65.1600","54.2552","0.4544"
"65.1800","54.2726","0.4544"
"65.2000","54.2897","0.4545"
"65.2200","54.3064","0.4544"
"65.2400","54.3230","0.4544"
"65.2600","54.3394","0.4544"
"65.2800","54.3553","0.4544"
"65.3000","54.3717","0.4543"
"65.3200","54.3885","0.4544"
"65.3400","54.4052","0.4543"
"65.3600","54.4217","0.4543"
"65.3800","54.4380","0.4543"
"65.4000","54.4547","0.4543"
"65.4200","54.4721","0.4544"
"65.4400","54.4895","0.4544"
"65.4600","54.5060","0.4544"
"65.4800","54.5218","0.4543"
"65.5000","54.5380","0.4543"
"65.5200","54.5548","0.4543"
"65.5400","54.5721","0.4544"
"65.5600","54.5895","0.4544"
"65.5800","54.6062","0.4544"
"65.6000","54.6227","0.4544"
"65.6200","54.6396","0.4544"
"65.6400","54.6561","0.4544"
"65.6600","54.6725","0.4544"
"65.6800","54.6889","0.4544"
"65.7000","54.7053","0.4544"
"65.7200","54.7215","0.4544"
"65.7400","54.7380","0.4543"
"65.7600","54.7549","0.4544"
"65.7800","54.7719","0.4544"
"65.8000","54.7894","0.4544"
"65.8200","54.8065","0.4544"
"65.8400","54.8222","0.4544"
"65.8600","54.8378","0.4543"
"65.8800","54.8544","0.4543"
"65.9000","54.8717","0.4544"
"65.9200","54.8891","0.4544"
"65.9400","54.9061","0.4545"
"65.9600","54.9225","0.4544"
"65.9800","54.9390","0.4544"
"66.0000","54.9562","0.4544"
"66.0200","54.9734","0.4545"
"66.0400","54.9898","0.4544"
"66.0600","55.0058","0.4544"
"66.0800","55.0216","0.4543"
"66.1000","55.0378","0.4543"
"66.1200","55.0548","0.4543"
"66.1400","55.0719","0.4544"
"66.1600","55.0891","0.4544"
"66.1800","55.1061","0.4544"
"66.2000","55.1225","0.4544"
"66.2200","55.1384","0.4543"
"66.2400","55.1548","0.4543"
"66.2600","55.1718","0.4544"
"66.2800","55.1888","0.4544"
"66.3000","55.2057","0.4544"
"66.3200","55.2223","0.4544"
"66.3400","55.2387","0.4544"
"66.3600","55.2557","0.4544"
"66.3800","55.2730","0.4544"
"66.4000","55.2896","0.4544"
"66.4200","55.3057","0.4544"
"66.4400","55.3216","0.4543"
"66.4600","55.3377","0.4543"
"66.4800","55.3543","0.4543"
"66.5000","55.3717","0.4544"
"66.5200","55.3888","0.4544"
"66.5400","55.4057","0.4544"
"66.5600","55.4223","0.4544"
"66.5800","55.4384","0.4544"
"66.6000","55.4545","0.4543"
"66.6200","55.4715","0.4544"
"66.6400","55.4888","0.4544"
"66.6600","55.5057","0.4544"
"66.6800","55.5224","0.4544"
"66.7000","55.5390","0.4544"
"66.7200","55.5557","0.4544"
"66.7400","55.5730","0.4545"
"66.7600","55.5900","0.4545"
"66.7800","55.6061","0.4544"
"66.8000","55.6221","0.4544"
"66.8200","55.6384","0.4544"
"66.8400","55.6548","0.4543"
"66.8600","55.6718","0.4544"
"66.8800","55.6889","0.4544"
"66.9000","55.7055","0.4544"
"66.9200","55.7219","0.4544"
"66.9400","55.7386","0.4544"
"66.9600","55.7554","0.4544"
"66.9800","55.7721","0.4544"
"67.0000","55.7891","0.4544"
"67.0200","55.8058","0.4544"
"67.0400","55.8221","0.4544"
"67.0600","55.8387","0.4544"
"67.0800","55.8556","0.4544"
"67.1000","55.8730","0.4545"
"67.1200","55.8905","0.4545"
"67.1400","55.9070","0.4545"
"67.1600","55.9226","0.4544"
"67.1800","55.9384","0.4544"
"67.2000","55.9548","0.4544"
"67.2200","55.9717","0.4544"
"67.2400","55.9889","0.4544"
"67.2600","56.0057","0.4544"
"67.2800","56.0219","0.4544"
"67.3000","56.0385","0.4544"
"67.3200","56.0556","0.4544"
"67.3400","56.0725","0.4544"
"67.3600","56.0892","0.4544"
"67.3800","56.1056","0.4544"
"67.4000","56.1220","0.4544"
"67.4200","56.1386","0.4544"
"67.4400","56.1556","0.4544"
"67.4600","56.1727","0.4545"
"67.4800","56.1897","0.4545"
"67.5000","56.2066","0.4545"
"67.5200","56.2227","0.4544"
"67.5400","56.2386","0.4543"
"67.5600","56.2549","0.4543"
"67.5800","56.2716","0.4544"
"67.6000","56.2886","0.4544"
"67.6200","56.3053","0.4544"
"67.6400","56.3216","0.4544"
"67.6600","56.3381","0.4544"
"67.6800","56.3555","0.4544"
"67.7000","56.3728","0.4545"
"67.7200","56.3892","0.4544"
"67.7400","56.4053","0.4544"
"67.7600","56.4214","0.4544"
"67.7800","56.4379","0.4544"
"67.8000","56.4551","0.4544"
"67.8200","56.4726","0.4545"
"67.8400","56.4895","0.4544"
"67.8600","56.5062","0.4544"
"67.8800","56.5227","0.4544"
"67.9000","56.5388","0.4544"
"67.9200","56.5551","0.4544"
"67.9400","56.5720","0.4544"
"67.9600","56.5887","0.4544"
"67.9800","56.6051","0.4544"
"68.0000","56.6217","0.4544"
"68.0200","56.6381","0.4544"
"68.0400","56.6548","0.4544"
"68.0600","56.6722","0.4544"
"68.0800","56.6893","0.4545"
"68.1000","56.7056","0.4545"
"68.1200","56.7217","0.4544"
"68.1400","56.7381","0.4544"
"68.1600","56.7551","0.4544"
"68.1800","56.7725","0.4545"
"68.2000","56.7896","0.4545"
"68.2200","56.8062","0.4545"
"68.2400","56.8229","0.4545"
"68.2600","56.8394","0.4545"
"68.2800","56.8557","0.4545"
"68.3000","56.8721","0.4544"
"68.3200","56.8885","0.4544"
"68.3400","56.9049","0.4544"
"68.3600","56.9216","0.4544"
"68.3800","56.9383","0.4544"
"68.4000","56.9551","0.4544"
"68.4200","56.9723","0.4545"
"68.4400","56.9895","0.4545"
"68.4600","57.0059","0.4545"
"68.4800","57.0216","0.4544"
"68.5000","57.0379","0.4544"
"68.5200","57.0548","0.4544"
"68.5400","57.0721","0.4544"
"68.5600","57.0894","0.4545"
"68.5800","57.1061","0.4545"
"68.6000","57.1228","0.4545"
"68.6200","57.1396","0.4545"
"68.6400","57.1562","0.4545"
"68.6600","57.1727","0.4545"
"68.6800","57.1890","0.4544"
"68.7000","57.2053","0.4544"
"68.7200","57.2215","0.4544"
"68.7400","57.2381","0.4544"
"68.7600","57.2550","0.4544"
"68.7800","57.2719","0.4544"
"68.8000","57.2891","0.4545"
"68.8200","57.3060","0.4545"
"68.8400","57.3220","0.4544"
"68.8600","57.3379","0.4544"
"68.8800","57.3546","0.4544"
"68.9000","57.3718","0.4544"
"68.9200","57.3890","0.4545"
"68.9400","57.4059","0.4545"
"68.9600","57.4224","0.4545"
"68.9800","57.4391","0.4545"
"69.0000","57.4563","0.4545"
"69.0200","57.4729","0.4545"
"69.0400","57.4891","0.4545"
"69.0600","57.5053","0.4544"
"69.0800","57.5213","0.4544"
"69.1000","57.5377","0.4544"
"69.1200","57.5547","0.4544"
"69.1400","57.5718","0.4544"
"69.1600","57.5891","0.4545"
"69.1800","57.6061","0.4545"
"69.2000","57.6225","0.4545"
"69.2200","57.6384","0.4544"
"69.2400","57.6547","0.4544"
"69.2600","57.6719","0.4544"
"69.2800","57.6889","0.4545"
"69.3000","57.7059","0.4545"
"69.3200","57.7225","0.4545"
"69.3400","57.7390","0.4545"
"69.3600","57.7560","0.4545"
"69.3800","57.7732","0.4545"
"69.4000","57.7898","0.4545"
"69.4200","57.8059","0.4545"
"69.4400","57.8219","0.4544"
"69.4600","57.8381","0.4544"
"69.4800","57.8546","0.4544"
"69.5000","57.8718","0.4544"
"69.5200","57.8888","0.4544"
"69.5400","57.9056","0.4545"
"69.5600","57.9223","0.4545"
"69.5800","57.9386","0.4544"
"69.6000","57.9549","0.4544"
"69.6200","57.9717","0.4544"
"69.6400","57.9887","0.4544"
"69.6600","58.0057","0.4545"
"69.6800","58.0226","0.4545"
"69.7000","58.0392","0.4545"
"69.7200","58.0558","0.4545"
"69.7400","58.0731","0.4545"
"69.7600","58.0901","0.4545"
"69.7800","58.1059","0.4544"
"69.8000","58.1218","0.4544"
"69.8200","58.1381","0.4544"
"69.8400","58.1548","0.4544"
"69.8600","58.1718","0.4544"
"69.8800","58.1887","0.4544"
"69.9000","58.2052","0.4544"
"69.9200","58.2217","0.4544"
"69.9400","58.2385","0.4544"
"69.9600","58.2552","0.4544"
"69.9800","58.2720","0.4544"
"70.0000","58.2890","0.4545"
"70.0200","58.3057","0.4545"
"70.0400","58.3220","0.4544"
"70.0600","58.3385","0.4544"
"70.0800","58.3556","0.4545"
"70.1000","58.3731","0.4545"
"70.1200","58.3904","0.4545"
"70.1400","58.4066","0.4545"
"70.1600","58.4223","0.4544"
"70.1800","58.4379","0.4544"
"70.2000","58.4543","0.4543"
"70.2200","58.4713","0.4544"
"70.2400","58.4886","0.4544"
"70.2600","58.5055","0.4544"
"70.2800","58.5217","0.4544"
"70.3000","58.5383","0.4544"
"70.3200","58.5552","0.4544"
"70.3400","58.5720","0.4544"
"70.3600","58.5887","0.4544"
"70.3800","58.6052","0.4544"
"70.4000","58.6217","0.4544"
"70.4200","58.6386","0.4544"
"70.4400","58.6557","0.4544"
"70.4600","58.6728","0.4545"
"70.4800","58.6899","0.4545"
"70.5000","58.7068","0.4545"
"70.5200","58.7228","0.4545"
"70.5400","58.7386","0.4544"
"70.5600","58.7549","0.4543"
"70.5800","58.7716","0.4544"
"70.6000","58.7887","0.4544"
"70.6200","58.8056","0.4544"
"70.6400","58.8220","0.4544"
"70.6600","58.8384","0.4544"
"70.6800","58.8554","0.4544"
"70.7000","58.8726","0.4544"
"70.7200","58.8892","0.4544"
"70.7400","58.9055","0.4544"
"70.7600","58.9218","0.4543"
"70.7800","58.9382","0.4543"
"70.8000","58.9552","0.4544"
"70.8200","58.9727","0.4544"
"70.8400","58.9899","0.4544"
"70.8600","59.0066","0.4544"
"70.8800","59.0227","0.4544"
"70.9000","59.0387","0.4543"
"70.9200","59.0550","0.4543"
"70.9400","59.0719","0.4543"
"70.9600","59.0887","0.4543"
"70.9800","59.1051","0.4543"
"71.0000","59.1218","0.4543"
"71.0200","59.1382","0.4543"
"71.0400","59.1548","0.4543"
"71.0600","59.1721","0.4543"
"71.0800","59.1891","0.4544"
"71.1000","59.2056","0.4543"
"71.1200","59.2218","0.4543"
"71.1400","59.2381","0.4543"
"71.1600","59.2551","0.4543"
"71.1800","59.2725","0.4544"
"71.2000","59.2896","0.4544"
"71.2200","59.3062","0.4544"
"71.2400","59.3229","0.4544"
"71.2600","59.3394","0.4543"
"71.2800","59.3555","0.4543"
"71.3000","59.3719","0.4543"
"71.3200","59.3886","0.4543"
"71.3400","59.4051","0.4543"
"71.3600","59.4216","0.4543"
"71.3800","59.4381","0.4543"
"71.4000","59.4548","0.4543"
"71.4200","59.4721","0.4544"
"71.4400","59.4895","0.4544"
"71.4600","59.5060","0.4544"
"71.4800","59.5217","0.4543"
"71.5000","59.5380","0.4543"
"71.5200","59.5549","0.4543"
"71.5400","59.5724","0.4544"
"71.5600","59.5898","0.4544"
"71.5800","59.6065","0.4544"
"71.6000","59.6229","0.4544"
"71.6200","59.6396","0.4544"
"71.6400","59.6561","0.4543"
"71.6600","59.6725","0.4543"
"71.6800","59.6890","0.4543"
"71.7000","59.7055","0.4543"
"71.7200","59.7217","0.4542"
"71.7400","59.7382","0.4543"
"71.7600","59.7551","0.4543"
"71.7800","59.7720","0.4543"
"71.8000","59.7892","0.4543"
"71.8200","59.8063","0.4543"
"71.8400","59.8223","0.4543"
"71.8600","59.8382","0.4542"
"71.8800","59.8547","0.4542"
"71.9000","59.8719","0.4542"
"71.9200","59.8893","0.4543"
"71.9400","59.9062","0.4543"
"71.9600","59.9225","0.4543"
"71.9800","59.9390","0.4542"
"72.0000","59.9562","0.4543"
"72.0200","59.9730","0.4543"
"72.0400","59.9892","0.4542"
"72.0600","60.0053","0.4542"
"72.0800","60.0213","0.4542"
"72.1000","60.0377","0.4541"
"72.1200","60.0547","0.4542"
"72.1400","60.0720","0.4542"
"72.1600","60.0893","0.4543"
"72.1800","60.1061","0.4543"
"72.2000","60.1223","0.4542"
"72.2200","60.1381","0.4541"
"72.2400","60.1547","0.4541"
"72.2600","60.1719","0.4542"
"72.2800","60.1890","0.4542"
"72.3000","60.2057","0.4542"
"72.3200","60.2222","0.4542"
"72.3400","60.2388","0.4542"
"72.3600","60.2560","0.4542"
"72.3800","60.2734","0.4542"
"72.4000","60.2899","0.4542"
"72.4200","60.3057","0.4542"
"72.4400","60.3214","0.4541"
"72.4600","60.3375","0.4541"
"72.4800","60.3543","0.4541"
"72.5000","60.3718","0.4541"
"72.5200","60.3890","0.4542"
"72.5400","60.4056","0.4541"
"72.5600","60.4222","0.4541"
"72.5800","60.4386","0.4541"
"72.6000","60.4551","0.4541"
"72.6200","60.4719","0.4541"
"72.6400","60.4888","0.4541"
"72.6600","60.5057","0.4541"
"72.6800","60.5226","0.4541"
"72.7000","60.5392","0.4541"
"72.7200","60.5560","0.4541"
"72.7400","60.5732","0.4541"
"72.7600","60.5901","0.4542"
"72.7800","60.6060","0.4541"
"72.8000","60.6219","0.4540"
"72.8200","60.6383","0.4540"
"72.8400","60.6549","0.4540"
"72.8600","60.6717","0.4540"
"72.8800","60.6887","0.4541"
"72.9000","60.7054","0.4540"
"72.9200","60.7219","0.4540"
"72.9400","60.7386","0.4540"
"72.9600","60.7552","0.4540"
"72.9800","60.7719","0.4540"
"73.0000","60.7889","0.4540"
"73.0200","60.8056","0.4540"
"73.0400","60.8219","0.4540"
"73.0600","60.8386","0.4540"
"73.0800","60.8554","0.4540"
"73.1000","60.8728","0.4541"
"73.1200","60.8903","0.4541"
"73.1400","60.9068","0.4541"
"73.1600","60.9225","0.4540"
"73.1800","60.9382","0.4540"
"73.2000","60.9547","0.4539"
"73.2200","60.9716","0.4540"
"73.2400","60.9888","0.4540"
"73.2600","61.0057","0.4540"
"73.2800","61.0219","0.4540"
"73.3000","61.0384","0.4540"
"73.3200","61.0554","0.4540"
"73.3400","61.0723","0.4540"
"73.3600","61.0890","0.4540"
"73.3800","61.1054","0.4540"
"73.4000","61.1219","0.4539"
"73.4200","61.1387","0.4539"
"73.4400","61.1557","0.4540"
"73.4600","61.1728","0.4540"
"73.4800","61.1900","0.4540"
"73.5000","61.2068","0.4540"
"73.5200","61.2227","0.4539"
"73.5400","61.2385","0.4539"
"73.5600","61.2551","0.4539"
"73.5800","61.2720","0.4539"
"73.6000","61.2888","0.4539"
"73.6200","61.3055","0.4539"
"73.6400","61.3218","0.4539"
"73.6600","61.3383","0.4539"
"73.6800","61.3554","0.4539"
"73.7000","61.3726","0.4539"
"73.7200","61.3890","0.4539"
"73.7400","61.4052","0.4539"
"73.7600","61.4216","0.4539"
"73.7800","61.4381","0.4538"
"73.8000","61.4551","0.4538"
"73.8200","61.4726","0.4539"
"73.8400","61.4897","0.4539"
"73.8600","61.5065","0.4539"
"73.8800","61.5227","0.4539"
"73.9000","61.5388","0.4538"
"73.9200","61.5550","0.4538"
"73.9400","61.5715","0.4538"
"73.9600","61.5882","0.4538"
"73.9800","61.6050","0.4538"
"74.0000","61.6217","0.4538"
"74.0200","61.6381","0.4538"
"74.0400","61.6547","0.4538"
"74.0600","61.6721","0.4538"
"74.0800","61.6892","0.4538"
"74.1000","61.7055","0.4538"
"74.1200","61.7215","0.4538"
"74.1400","61.7380","0.4537"
"74.1600","61.7552","0.4538"
"74.1800","61.7726","0.4538"
"74.2000","61.7897","0.4538"
"74.2200","61.8063","0.4538"
"74.2400","61.8229","0.4538"
"74.2600","61.8394","0.4538"
"74.2800","61.8556","0.4537"
"74.3000","61.8720","0.4537"
"74.3200","61.8886","0.4537"
"74.3400","61.9051","0.4537"
"74.3600","61.9215","0.4537"
"74.3800","61.9380","0.4537"
"74.4000","61.9548","0.4537"
"74.4200","61.9721","0.4537"
"74.4400","61.9894","0.4538"
"74.4600","62.0059","0.4538"
"74.4800","62.0219","0.4537"
"74.5000","62.0381","0.4537"
"74.5200","62.0548","0.4537"
"74.5400","62.0721","0.4537"
"74.5600","62.0895","0.4538"
"74.5800","62.1061","0.4538"
"74.6000","62.1225","0.4537"
"74.6200","62.1394","0.4537"
"74.6400","62.1560","0.4537"
"74.6600","62.1723","0.4537"
"74.6800","62.1888","0.4537"
"74.7000","62.2052","0.4537"
"74.7200","62.2215","0.4536"
"74.7400","62.2380","0.4536"
"74.7600","62.2550","0.4536"
"74.7800","62.2720","0.4537"
"74.8000","62.2892","0.4537"
"74.8200","62.3060","0.4537"
"74.8400","62.3221","0.4537"
"74.8600","62.3382","0.4536"
"74.8800","62.3546","0.4536"
"74.9000","62.3718","0.4536"
"74.9200","62.3895","0.4537"
"74.9400","62.4065","0.4537"
"74.9600","62.4229","0.4536"
"74.9800","62.4394","0.4536"
"75.0000","62.4566","0.4537"
"75.0200","62.4733","0.4537"
"75.0400","62.4893","0.4536"
"75.0600","62.5053","0.4535"
"75.0800","62.5214","0.4535"
"75.1000","62.5378","0.4535"
"75.1200","62.5549","0.4535"
"75.1400","62.5721","0.4536"
"75.1600","62.5892","0.4536"
"75.1800","62.6060","0.4536"
"75.2000","62.6225","0.4536"
"75.2200","62.6385","0.4535"
"75.2400","62.6548","0.4535"
"75.2600","62.6717","0.4535"
"75.2800","62.6887","0.4535"
"75.3000","62.7057","0.4535"
"75.3200","62.7223","0.4535"
"75.3400","62.7387","0.4535"
"75.3600","62.7558","0.4535"
"75.3800","62.7732","0.4536"
"75.4000","62.7898","0.4536"
"75.4200","62.8057","0.4535"
"75.4400","62.8215","0.4534"
"75.4600","62.8377","0.4534"
"75.4800","62.8545","0.4534"
"75.5000","62.8718","0.4535"
"75.5200","62.8888","0.4535"
"75.5400","62.9055","0.4535"
"75.5600","62.9223","0.4534"
"75.5800","62.9388","0.4534"
"75.6000","62.9552","0.4534"
"75.6200","62.9720","0.4534"
"75.6400","62.9889","0.4534"
"75.6600","63.0057","0.4534"
"75.6800","63.0223","0.4534"
"75.7000","63.0390","0.4534"
"75.7200","63.0559","0.4534"
"75.7400","63.0732","0.4534"
"75.7600","63.0902","0.4535"
"75.7800","63.1062","0.4534"
"75.8000","63.1220","0.4533"
"75.8200","63.1383","0.4533"
"75.8400","63.1551","0.4533"
"75.8600","63.1722","0.4534"
"75.8800","63.1889","0.4533"
"75.9000","63.2053","0.4533"
"75.9200","63.2218","0.4533"
"75.9400","63.2387","0.4533"
"75.9600","63.2553","0.4533"
"75.9800","63.2720","0.4533"
"76.0000","63.2890","0.4533"
"76.0200","63.3058","0.4533"
"76.0400","63.3222","0.4533"
"76.0600","63.3388","0.4533"
"76.0800","63.3555","0.4533"
"76.1000","63.3727","0.4533"
"76.1200","63.3901","0.4533"
"76.1400","63.4066","0.4533"
"76.1600","63.4224","0.4532"
"76.1800","63.4382","0.4532"
"76.2000","63.4546","0.4532"
"76.2200","63.4715","0.4532"
"76.2400","63.4887","0.4532"
"76.2600","63.5055","0.4532"
"76.2800","63.5217","0.4531"
"76.3000","63.5382","0.4531"
"76.3200","63.5551","0.4532"
"76.3400","63.5719","0.4532"
"76.3600","63.5885","0.4532"
"76.3800","63.6051","0.4531"
"76.4000","63.6217","0.4531"
"76.4200","63.6385","0.4531"
"76.4400","63.6556","0.4532"
"76.4600","63.6728","0.4532"
"76.4800","63.6900","0.4532"
"76.5000","63.7069","0.4532"
"76.5200","63.7228","0.4532"
"76.5400","63.7384","0.4531"
"76.5600","63.7547","0.4530"
"76.5800","63.7715","0.4530"
"76.6000","63.7887","0.4531"
"76.6200","63.8057","0.4531"
"76.6400","63.8221","0.4530"
"76.6600","63.8385","0.4530"
"76.6800","63.8555","0.4530"
"76.7000","63.8728","0.4531"
"76.7200","63.8896","0.4531"
"76.7400","63.9060","0.4530"
"76.7600","63.9220","0.4530"
"76.7800","63.9382","0.4529"
"76.8000","63.9552","0.4530"
"76.8200","63.9726","0.4530"
"76.8400","63.9898","0.4530"
"76.8600","64.0067","0.4530"
"76.8800","64.0232","0.4530"
"76.9000","64.0391","0.4529"
"76.9200","64.0552","0.4529"
"76.9400","64.0719","0.4529"
"76.9600","64.0887","0.4529"
"76.9800","64.1050","0.4529"
"77.0000","64.1215","0.4528"
"77.0200","64.1382","0.4528"
"77.0400","64.1550","0.4528"
"77.0600","64.1723","0.4529"
"77.0800","64.1892","0.4529"
"77.1000","64.2055","0.4528"
"77.1200","64.2217","0.4528"
"77.1400","64.2382","0.4528"
"77.1600","64.2551","0.4528"
"77.1800","64.2725","0.4528"
"77.2000","64.2896","0.4529"
"77.2200","64.3061","0.4528"
"77.2400","64.3226","0.4528"
"77.2600","64.3392","0.4528"
"77.2800","64.3555","0.4528"
"77.3000","64.3719","0.4527"
"77.3200","64.3885","0.4527"
"77.3400","64.4049","0.4527"
"77.3600","64.4215","0.4527"
"77.3800","64.4381","0.4527"
"77.4000","64.4550","0.4527"
"77.4200","64.4722","0.4527"
"77.4400","64.4895","0.4528"
"77.4600","64.5059","0.4527"
"77.4800","64.5217","0.4527"
"77.5000","64.5378","0.4526"
"77.5200","64.5546","0.4526"
"77.5400","64.5721","0.4527"
"77.5600","64.5895","0.4527"
"77.5800","64.6062","0.4527"
"77.6000","64.6226","0.4527"
"77.6200","64.6393","0.4527"
"77.6400","64.6559","0.4526"
"77.6600","64.6724","0.4526"
"77.6800","64.6890","0.4526"
"77.7000","64.7054","0.4526"
"77.7200","64.7215","0.4525"
"77.7400","64.7380","0.4526"
"77.7600","64.7550","0.4526"
"77.7800","64.7721","0.4526"
"77.8000","64.7891","0.4526"
"77.8200","64.8061","0.4526"
"77.8400","64.8224","0.4526"
"77.8600","64.8384","0.4525"
"77.8800","64.8548","0.4525"
"77.9000","64.8718","0.4525"
"77.9200","64.8891","0.4526"
"77.9400","64.9061","0.4526"
"77.9600","64.9227","0.4525"
"77.9800","64.9393","0.4525"
"78.0000","64.9565","0.4526"
"78.0200","64.9732","0.4526"
"78.0400","64.9893","0.4525"
"78.0600","65.0053","0.4524"
"78.0800","65.0213","0.4524"
"78.1000","65.0377","0.4524"
"78.1200","65.0548","0.4524"
"78.1400","65.0722","0.4525"
"78.1600","65.0894","0.4525"
"78.1800","65.1063","0.4525"
"78.2000","65.1225","0.4524"
"78.2200","65.1383","0.4523"
"78.2400","65.1548","0.4523"
"78.2600","65.1719","0.4524"
"78.2800","65.1890","0.4524"
"78.3000","65.2058","0.4524"
"78.3200","65.2224","0.4523"
"78.3400","65.2389","0.4523"
"78.3600","65.2559","0.4523"
"78.3800","65.2732","0.4523"
"78.4000","65.2897","0.4523"
"78.4200","65.3056","0.4522"
"78.4400","65.3215","0.4522"
"78.4600","65.3377","0.4521"
"78.4800","65.3544","0.4522"
"78.5000","65.3717","0.4522"
"78.5200","65.3887","0.4522"
"78.5400","65.4054","0.4522"
"78.5600","65.4221","0.4522"
"78.5800","65.4384","0.4521"
"78.6000","65.4547","0.4521"
"78.6200","65.4716","0.4521"
"78.6400","65.4886","0.4521"
"78.6600","65.5056","0.4522"
"78.6800","65.5224","0.4521"
"78.7000","65.5390","0.4521"
"78.7200","65.5554","0.4521"
"78.7400","65.5727","0.4521"
"78.7600","65.5901","0.4522"
"78.7800","65.6063","0.4521"
"78.8000","65.6219","0.4520"
"78.8200","65.6381","0.4520"
"78.8400","65.6548","0.4520"
"78.8600","65.6719","0.4520"
"78.8800","65.6888","0.4520"
"78.9000","65.7053","0.4520"
"78.9200","65.7217","0.4520"
"78.9400","65.7384","0.4520"
"78.9600","65.7552","0.4520"
"78.9800","65.7720","0.4520"
"79.0000","65.7890","0.4520"
"79.0200","65.8056","0.4520"
"79.0400","65.8219","0.4519"
"79.0600","65.8384","0.4519"
"79.0800","65.8553","0.4519"
"79.1000","65.8729","0.4519"
"79.1200","65.8904","0.4520"
"79.1400","65.9069","0.4520"
"79.1600","65.9226","0.4519"
"79.1800","65.9384","0.4518"
"79.2000","65.9548","0.4518"
"79.2200","65.9718","0.4518"
"79.2400","65.9890","0.4518"
"79.2600","66.0059","0.4518"
"79.2800","66.0222","0.4518"
"79.3000","66.0387","0.4518"
"79.3200","66.0554","0.4518"
"79.3400","66.0722","0.4518"
"79.3600","66.0889","0.4518"
"79.3800","66.1054","0.4518"
"79.4000","66.1219","0.4517"
"79.4200","66.1386","0.4517"
"79.4400","66.1556","0.4517"
"79.4600","66.1728","0.4518"
"79.4800","66.1898","0.4518"
"79.5000","66.2066","0.4518"
"79.5200","66.2226","0.4517"
"79.5400","66.2383","0.4516"
"79.5600","66.2547","0.4516"
"79.5800","66.2716","0.4516"
"79.6000","66.2887","0.4516"
"79.6200","66.3055","0.4516"
"79.6400","66.3217","0.4516"
"79.6600","66.3382","0.4516"
"79.6800","66.3553","0.4517"
"79.7000","66.3726","0.4517"
"79.7200","66.3893","0.4517"
"79.7400","66.4056","0.4516"
"79.7600","66.4219","0.4516"
"79.7800","66.4384","0.4515"
"79.8000","66.4552","0.4515"
"79.8200","66.4725","0.4516"
"79.8400","66.4898","0.4516"
"79.8600","66.5068","0.4516"
"79.8800","66.5231","0.4516"
"79.9000","66.5389","0.4515"
"79.9200","66.5550","0.4515"
"79.9400","66.5717","0.4514"
"79.9600","66.5885","0.4514"
"79.9800","66.6050","0.4514"
"80.0000","66.6216","0.4514"
"80.0200","66.6380","0.4514"
"80.0400","66.6547","0.4514"
"80.0600","66.6721","0.4515"
"80.0800","66.6891","0.4514"
"80.1000","66.7054","0.4514"
"80.1200","66.7218","0.4514"
"80.1400","66.7382","0.4513"
"80.1600","66.7551","0.4514"
"80.1800","66.7725","0.4514"
"80.2000","66.7895","0.4514"
"80.2200","66.8061","0.4514"
"80.2400","66.8228","0.4514"
"80.2600","66.8395","0.4514"
"80.2800","66.8556","0.4513"
"80.3000","66.8719","0.4513"
"80.3200","66.8884","0.4513"
"80.3400","66.9048","0.4513"
"80.3600","66.9214","0.4512"
"80.3800","66.9381","0.4513"
"80.4000","66.9549","0.4513"
"80.4200","66.9723","0.4513"
"80.4400","66.9895","0.4513"
"80.4600","67.0058","0.4513"
"80.4800","67.0218","0.4512"
"80.5000","67.0382","0.4512"
"80.5200","67.0552","0.4512"
"80.5400","67.0724","0.4513"
"80.5600","67.0896","0.4513"
"80.5800","67.1063","0.4513"
"80.6000","67.1227","0.4512"
"80.6200","67.1394","0.4512"
"80.6400","67.1559","0.4512"
"80.6600","67.1724","0.4512"
"80.6800","67.1891","0.4512"
"80.7000","67.2057","0.4512"
"80.7200","67.2218","0.4511"
"80.7400","67.2382","0.4511"
"80.7600","67.2550","0.4511"
"80.7800","67.2719","0.4511"
"80.8000","67.2890","0.4512"
"80.8200","67.3059","0.4512"
"80.8400","67.3222","0.4511"
"80.8600","67.3383","0.4511"
"80.8800","67.3546","0.4511"
"80.9000","67.3717","0.4511"
"80.9200","67.3891","0.4511"
"80.9400","67.4062","0.4511"
"80.9600","67.4226","0.4511"
"80.9800","67.4391","0.4511"
"81.0000","67.4562","0.4511"
"81.0200","67.4729","0.4511"
"81.0400","67.4890","0.4511"
"81.0600","67.5051","0.4510"
"81.0800","67.5212","0.4510"
"81.1000","67.5377","0.4510"
"81.1200","67.5548","0.4510"
"81.1400","67.5721","0.4510"
"81.1600","67.5892","0.4511"
"81.1800","67.6061","0.4511"
"81.2000","67.6226","0.4510"
"81.2200","67.6386","0.4510"
"81.2400","67.6548","0.4510"
"81.2600","67.6717","0.4510"
"81.2800","67.6889","0.4510"
"81.3000","67.7058","0.4510"
"81.3200","67.7224","0.4510"
"81.3400","67.7389","0.4510"
"81.3600","67.7559","0.4510"
"81.3800","67.7732","0.4510"
"81.4000","67.7900","0.4510"
"81.4200","67.8063","0.4510"
"81.4400","67.8222","0.4509"
"81.4600","67.8381","0.4509"
"81.4800","67.8545","0.4508"
"81.5000","67.8717","0.4509"
"81.5200","67.8888","0.4509"
"81.5400","67.9055","0.4509"
"81.5600","67.9222","0.4509"
"81.5800","67.9387","0.4508"
"81.6000","67.9552","0.4508"
"81.6200","67.9722","0.4508"
"81.6400","67.9891","0.4508"
"81.6600","68.0058","0.4509"
"81.6800","68.0224","0.4508"
"81.7000","68.0390","0.4508"
"81.7200","68.0559","0.4508"
"81.7400","68.0731","0.4508"
"81.7600","68.0901","0.4509"
"81.7800","68.1061","0.4508"
"81.8000","68.1218","0.4507"
"81.8200","68.1381","0.4507"
"81.8400","68.1549","0.4507"
"81.8600","68.1719","0.4507"
"81.8800","68.1887","0.4507"
"81.9000","68.2052","0.4507"
"81.9200","68.2219","0.4507"
"81.9400","68.2385","0.4507"
"81.9600","68.2551","0.4507"
"81.9800","68.2718","0.4507"
"82.0000","68.2889","0.4507"
"82.0200","68.3055","0.4507"
"82.0400","68.3218","0.4507"
"82.0600","68.3384","0.4507"
"82.0800","68.3554","0.4507"
"82.1000","68.3728","0.4507"
"82.1200","68.3903","0.4508"
"82.1400","68.4068","0.4507"
"82.1600","68.4224","0.4506"
"82.1800","68.4379","0.4506"
"82.2000","68.4543","0.4506"
"82.2200","68.4715","0.4506"
"82.2400","68.4887","0.4506"
"82.2600","68.5056","0.4506"
"82.2800","68.5220","0.4505"
"82.3000","68.5385","0.4505"
"82.3200","68.5553","0.4506"
"82.3400","68.5721","0.4506"
"82.3600","68.5889","0.4505"
"82.3800","68.6055","0.4505"
"82.4000","68.6220","0.4505"
"82.4200","68.6387","0.4505"
"82.4400","68.6558","0.4505"
"82.4600","68.6728","0.4505"
"82.4800","68.6898","0.4505"
"82.5000","68.7068","0.4505"
"82.5200","68.7228","0.4505"
"82.5400","68.7385","0.4504"
"82.5600","68.7548","0.4504"
"82.5800","68.7715","0.4504"
"82.6000","68.7885","0.4504"
"82.6200","68.8055","0.4504"
"82.6400","68.8218","0.4504"
"82.6600","68.8381","0.4503"
"82.6800","68.8551","0.4503"
"82.7000","68.8724","0.4504"
"82.7200","68.8893","0.4504"
"82.7400","68.9058","0.4503"
"82.7600","68.9221","0.4503"
"82.7800","68.9383","0.4503"
"82.8000","68.9551","0.4503"
"82.8200","68.9725","0.4503"
"82.8400","68.9900","0.4504"
"82.8600","69.0069","0.4503"
"82.8800","69.0231","0.4503"
"82.9000","69.0389","0.4502"
"82.9200","69.0550","0.4502"
"82.9400","69.0717","0.4502"
"82.9600","69.0884","0.4502"
"82.9800","69.1050","0.4502"
"83.0000","69.1217","0.4502"
"83.0200","69.1383","0.4501"
"83.0400","69.1550","0.4501"
"83.0600","69.1721","0.4501"
"83.0800","69.1889","0.4501"
"83.1000","69.2053","0.4501"
"83.1200","69.2217","0.4501"
"83.1400","69.2384","0.4501"
"83.1600","69.2555","0.4501"
"83.1800","69.2728","0.4501"
"83.2000","69.2897","0.4501"
"83.2200","69.3063","0.4501"
"83.2400","69.3228","0.4501"
"83.2600","69.3393","0.4501"
"83.2800","69.3556","0.4500"
"83.3000","69.3720","0.4500"
"83.3200","69.3886","0.4500"
"83.3400","69.4050","0.4500"
"83.3600","69.4215","0.4499"
"83.3800","69.4380","0.4499"
"83.4000","69.4547","0.4499"
"83.4200","69.4719","0.4499"
"83.4400","69.4893","0.4500"
"83.4600","69.5059","0.4499"
"83.4800","69.5219","0.4499"
"83.5000","69.5381","0.4498"
"83.5200","69.5549","0.4498"
"83.5400","69.5722","0.4499"
"83.5600","69.5896","0.4499"
"83.5800","69.6063","0.4499"
"83.6000","69.6228","0.4499"
"83.6200","69.6395","0.4498"
"83.6400","69.6560","0.4498"
"83.6600","69.6723","0.4498"
"83.6800","69.6887","0.4498"
"83.7000","69.7052","0.4497"
"83.7200","69.7216","0.4497"
"83.7400","69.7381","0.4497"
"83.7600","69.7549","0.4497"
"83.7800","69.7717","0.4497"
"83.8000","69.7890","0.4497"
"83.8200","69.8061","0.4497"
"83.8400","69.8225","0.4497"
"83.8600","69.8386","0.4496"
"83.8800","69.8550","0.4496"
"83.9000","69.8717","0.4496"
"83.9200","69.8889","0.4496"
"83.9400","69.9061","0.4496"
"83.9600","69.9226","0.4496"
"83.9800","69.9391","0.4496"
"84.0000","69.9563","0.4496"
"84.0200","69.9732","0.4496"
"84.0400","69.9893","0.4495"
"84.0600","70.0052","0.4495"
"84.0800","70.0211","0.4494"
"84.1000","70.0376","0.4494"
"84.1200","70.0548","0.4494"
"84.1400","70.0721","0.4494"
"84.1600","70.0892","0.4495"
"84.1800","70.1061","0.4495"
"84.2000","70.1224","0.4494"
"84.2200","70.1383","0.4493"
"84.2400","70.1545","0.4493"
"84.2600","70.1716","0.4494"
"84.2800","70.1889","0.4494"
"84.3000","70.2059","0.4494"
"84.3200","70.2223","0.4493"
"84.3400","70.2386","0.4493"
"84.3600","70.2559","0.4494"
"84.3800","70.2733","0.4494"
"84.4000","70.2899","0.4494"
"84.4200","70.3058","0.4493"
"84.4400","70.3218","0.4493"
"84.4600","70.3380","0.4492"
"84.4800","70.3548","0.4492"
"84.5000","70.3719","0.4492"
"84.5200","70.3888","0.4492"
"84.5400","70.4055","0.4492"
"84.5600","70.4223","0.4492"
"84.5800","70.4387","0.4492"
"84.6000","70.4550","0.4491"
"84.6200","70.4719","0.4491"
"84.6400","70.4889","0.4492"
"84.6600","70.5057","0.4491"
"84.6800","70.5224","0.4491"
"84.7000","70.5391","0.4491"
"84.7200","70.5559","0.4491"
"84.7400","70.5732","0.4491"
"84.7600","70.5903","0.4491"
"84.7800","70.6064","0.4491"
"84.8000","70.6220","0.4490"
"84.8200","70.6378","0.4489"
"84.8400","70.6545","0.4489"
"84.8600","70.6719","0.4490"
"84.8800","70.6892","0.4490"
"84.9000","70.7057","0.4489"
"84.9200","70.7221","0.4489"
"84.9400","70.7387","0.4489"
"84.9600","70.7552","0.4489"
"84.9800","70.7718","0.4489"
"85.0000","70.7889","0.4489"
"85.0200","70.8057","0.4489"
"85.0400","70.8221","0.4488"
"85.0600","70.8386","0.4488"
"85.0800","70.8554","0.4488"
"85.1000","70.8727","0.4488"
"85.1200","70.8901","0.4489"
"85.1400","70.9066","0.4488"
"85.1600","70.9223","0.4487"
"85.1800","70.9380","0.4487"
"85.2000","70.9546","0.4486"
"85.2200","70.9716","0.4487"
"85.2400","70.9886","0.4487"
"85.2600","71.0055","0.4487"
"85.2800","71.0219","0.4486"
"85.3000","71.0386","0.4486"
"85.3200","71.0555","0.4486"
"85.3400","71.0723","0.4486"
"85.3600","71.0889","0.4486"
"85.3800","71.1055","0.4486"
"85.4000","71.1220","0.4485"
"85.4200","71.1387","0.4485"
"85.4400","71.1558","0.4485"
"85.4600","71.1729","0.4485"
"85.4800","71.1900","0.4485"
"85.5000","71.2069","0.4486"
"85.5200","71.2229","0.4485"
"85.5400","71.2387","0.4484"
"85.5600","71.2553","0.4484"
"85.5800","71.2722","0.4484"
"85.6000","71.2892","0.4484"
"85.6200","71.3057","0.4484"
"85.6400","71.3216","0.4483"
"85.6600","71.3380","0.4483"
"85.6800","71.3552","0.4483"
"85.7000","71.3726","0.4483"
"85.7200","71.3893","0.4483"
"85.7400","71.4056","0.4482"
"85.7600","71.4219","0.4482"
"85.7800","71.4383","0.4482"
"85.8000","71.4552","0.4481"
"85.8200","71.4724","0.4482"
"85.8400","71.4896","0.4482"
"85.8600","71.5067","0.4482"
"85.8800","71.5231","0.4481"
"85.9000","71.5389","0.4481"
"85.9200","71.5550","0.4480"
"85.9400","71.5716","0.4480"
"85.9600","71.5884","0.4480"
"85.9800","71.6049","0.4480"
"86.0000","71.6217","0.4480"
"86.0200","71.6382","0.4479"
"86.0400","71.6549","0.4479"
"86.0600","71.6722","0.4479"
"86.0800","71.6891","0.4479"
"86.1000","71.7054","0.4478"
"86.1200","71.7218","0.4478"
"86.1400","71.7383","0.4478"
"86.1600","71.7552","0.4478"
"86.1800","71.7724","0.4478"
"86.2000","71.7895","0.4478"
"86.2200","71.8062","0.4478"
"86.2400","71.8228","0.4478"
"86.2600","71.8396","0.4477"
"86.2800","71.8560","0.4477"
"86.3000","71.8724","0.4476"
"86.3200","71.8887","0.4476"
"86.3400","71.9050","0.4475"
"86.3600","71.9214","0.4475"
"86.3800","71.9379","0.4475"
"86.4000","71.9547","0.4475"
"86.4200","71.9721","0.4475"
"86.4400","71.9895","0.4475"
"86.4600","72.0059","0.4475"
"86.4800","72.0218","0.4474"
"86.5000","72.0380","0.4474"
"86.5200","72.0549","0.4474"
"86.5400","72.0720","0.4474"
"86.5600","72.0894","0.4474"
"86.5800","72.1062","0.4473"
"86.6000","72.1227","0.4473"
"86.6200","72.1396","0.4473"
"86.6400","72.1562","0.4473"
"86.6600","72.1727","0.4472"
"86.6800","72.1890","0.4472"
"86.7000","72.2053","0.4471"
"86.7200","72.2217","0.4471"
"86.7400","72.2383","0.4471"
"86.7600","72.2552","0.4471"
"86.7800","72.2722","0.4471"
"86.8000","72.2894","0.4471"
"86.8200","72.3061","0.4470"
"86.8400","72.3223","0.4470"
"86.8600","72.3384","0.4469"
"86.8800","72.3548","0.4469"
"86.9000","72.3718","0.4469"
"86.9200","72.3892","0.4469"
"86.9400","72.4062","0.4469"
"86.9600","72.4225","0.4468"
"86.9800","72.4389","0.4468"
"87.0000","72.4560","0.4468"
"87.0200","72.4731","0.4468"
"87.0400","72.4894","0.4467"
"87.0600","72.5054","0.4467"
"87.0800","72.5213","0.4466"
"87.1000","72.5376","0.4465"
"87.1200","72.5546","0.4465"
"87.1400","72.5718","0.4466"
"87.1600","72.5890","0.4465"
"87.1800","72.6061","0.4466"
"87.2000","72.6227","0.4465"
"87.2200","72.6386","0.4464"
"87.2400","72.6547","0.4463"
"87.2600","72.6716","0.4463"
"87.2800","72.6888","0.4463"
"87.3000","72.7057","0.4463"
"87.3200","72.7224","0.4463"
"87.3400","72.7390","0.4462"
"87.3600","72.7559","0.4462"
"87.3800","72.7729","0.4462"
"87.4000","72.7895","0.4462"
"87.4200","72.8058","0.4461"
"87.4400","72.8218","0.4460"
"87.4600","72.8379","0.4460"
"87.4800","72.8546","0.4459"
"87.5000","72.8719","0.4460"
"87.5200","72.8888","0.4459"
"87.5400","72.9055","0.4459"
"87.5600","72.9222","0.4459"
"87.5800","72.9387","0.4458"
"87.6000","72.9550","0.4458"
"87.6200","72.9718","0.4458"
"87.6400","72.9888","0.4457"
"87.6600","73.0057","0.4457"
"87.6800","73.0225","0.4457"
"87.7000","73.0391","0.4457"
"87.7200","73.0560","0.4456"
"87.7400","73.0734","0.4456"
"87.7600","73.0906","0.4456"
"87.7800","73.1066","0.4455"
"87.8000","73.1221","0.4454"
"87.8200","73.1380","0.4453"
"87.8400","73.1546","0.4453"
"87.8600","73.1719","0.4453"
"87.8800","73.1888","0.4453"
"87.9000","73.2053","0.4452"
"87.9200","73.2220","0.4452"
"87.9400","73.2389","0.4452"
"87.9600","73.2555","0.4451"
"87.9800","73.2718","0.4450"
"88.0000","73.2887","0.4450"
"88.0200","73.3058","0.4450"
"88.0400","73.3224","0.4449"
"88.0600","73.3388","0.4449"
"88.0800","73.3553","0.4448"
"88.1000","73.3724","0.4448"
"88.1200","73.3899","0.4448"
"88.1400","73.4067","0.4448"
"88.1600","73.4227","0.4447"
"88.1800","73.4385","0.4446"
"88.2000","73.4546","0.4445"
"88.2200","73.4714","0.4445"
"88.2400","73.4886","0.4445"
"88.2600","73.5056","0.4444"
"88.2800","73.5219","0.4443"
"88.3000","73.5384","0.4443"
"88.3200","73.5552","0.4443"
"88.3400","73.5720","0.4442"
"88.3600","73.5888","0.4442"
"88.3800","73.6054","0.4441"
"88.4000","73.6219","0.4441"
"88.4200","73.6385","0.4440"
"88.4400","73.6555","0.4440"
"88.4600","73.6727","0.4439"
"88.4800","73.6898","0.4439"
"88.5000","73.7066","0.4439"
"88.5200","73.7225","0.4438"
"88.5400","73.7381","0.4436"
"88.5600","73.7545","0.4436"
"88.5800","73.7714","0.4436"
"88.6000","73.7885","0.4435"
"88.6200","73.8054","0.4435"
"88.6400","73.8218","0.4434"
"88.6600","73.8382","0.4433"
"88.6800","73.8553","0.4433"
"88.7000","73.8726","0.4433"
"88.7200","73.8894","0.4432"
"88.7400","73.9058","0.4431"
"88.7600","73.9222","0.4431"
"88.7800","73.9385","0.4430"
"88.8000","73.9551","0.4429"
"88.8200","73.9723","0.4428"
"88.8400","73.9896","0.4428"
"88.8600","74.0069","0.4428"
"88.8800","74.0234","0.4427"
"88.9000","74.0391","0.4426"
"88.9200","74.0551","0.4425"
"88.9400","74.0717","0.4424"
"88.9600","74.0885","0.4424"
"88.9800","74.1051","0.4423"
"89.0000","74.1217","0.4422"
"89.0200","74.1383","0.4422"
"89.0400","74.1550","0.4421"
"89.0600","74.1724","0.4421"
"89.0800","74.1893","0.4420"
"89.1000","74.2055","0.4419"
"89.1200","74.2215","0.4418"
"89.1400","74.2380","0.4417"
"89.1600","74.2552","0.4417"
"89.1800","74.2726","0.4417"
"89.2000","74.2897","0.4416"
"89.2200","74.3063","0.4415"
"89.2400","74.3229","0.4414"
"89.2600","74.3395","0.4413"
"89.2800","74.3557","0.4412"
"89.3000","74.3720","0.4412"
"89.3200","74.3885","0.4411"
"89.3400","74.4049","0.4409"
"89.3600","74.4214","0.4409"
"89.3800","74.4380","0.4408"
"89.4000","74.4548","0.4407"
"89.4200","74.4721","0.4407"
"89.4400","74.4895","0.4406"
"89.4600","74.5060","0.4405"
"89.4800","74.5219","0.4404"
"89.5000","74.5382","0.4402"
"89.5200","74.5551","0.4402"
"89.5400","74.5723","0.4401"
"89.5600","74.5896","0.4401"
"89.5800","74.6062","0.4400"
"89.6000","74.6226","0.4399"
"89.6200","74.6393","0.4398"
"89.6400","74.6559","0.4397"
"89.6600","74.6724","0.4396"
"89.6800","74.6890","0.4394"
"89.7000","74.7053","0.4393"
"89.7200","74.7215","0.4392"
"89.7400","74.7380","0.4391"
"89.7600","74.7550","0.4390"
"89.7800","74.7722","0.4390"
"89.8000","74.7892","0.4389"
"89.8200","74.8058","0.4388"
"89.8400","74.8220","0.4386"
"89.8600","74.8383","0.4385"
"89.8800","74.8549","0.4384"
"89.9000","74.8719","0.4383"
"89.9200","74.8891","0.4382"
"89.9400","74.9061","0.4381"
"89.9600","74.9227","0.4380"
"89.9800","74.9393","0.4379"
"90.0000","74.9564","0.4378"
"90.0200","74.9732","0.4377"
"90.0400","74.9894","0.4375"
"90.0600","75.0055","0.4374"
"90.0800","75.0214","0.4372"
"90.1000","75.0378","0.4371"
"90.1200","75.0549","0.4370"
"90.1400","75.0721","0.4369"
"90.1600","75.0891","0.4368"
"90.1800","75.1060","0.4366"
"90.2000","75.1224","0.4365"
"90.2200","75.1383","0.4363"
"90.2400","75.1547","0.4362"
"90.2600","75.1719","0.4361"
"90.2800","75.1892","0.4360"
"90.3000","75.2060","0.4359"
"90.3200","75.2223","0.4357"
"90.3400","75.2388","0.4356"
"90.3600","75.2563","0.4355"
"90.3800","75.2737","0.4354"
"90.4000","75.2901","0.4352"
"90.4200","75.3058","0.4350"
"90.4400","75.3218","0.4348"
"90.4600","75.3380","0.4346"
"90.4800","75.3547","0.4345"
"90.5000","75.3720","0.4344"
"90.5200","75.3890","0.4343"
"90.5400","75.4055","0.4341"
"90.5600","75.4221","0.4340"
"90.5800","75.4385","0.4338"
"90.6000","75.4549","0.4336"
"90.6200","75.4719","0.4335"
"90.6400","75.4889","0.4334"
"90.6600","75.5058","0.4332"
"90.6800","75.5223","0.4331"
"90.7000","75.5389","0.4329"
"90.7200","75.5557","0.4328"
"90.7400","75.5731","0.4326"
"90.7600","75.5902","0.4325"
"90.7800","75.6064","0.4323"
"90.8000","75.6222","0.4321"
"90.8200","75.6381","0.4319"
"90.8400","75.6545","0.4317"
"90.8600","75.6718","0.4316"
"90.8800","75.6890","0.4315"
"90.9000","75.7056","0.4313"
"90.9200","75.7220","0.4311"
"90.9400","75.7388","0.4309"
"90.9600","75.7554","0.4307"
"90.9800","75.7720","0.4306"
"91.0000","75.7889","0.4304"
"91.0200","75.8056","0.4303"
"91.0400","75.8222","0.4301"
"91.0600","75.8389","0.4299"
"91.0800","75.8556","0.4297"
"91.1000","75.8727","0.4296"
"91.1200","75.8902","0.4295"
"91.1400","75.9069","0.4293"
"91.1600","75.9227","0.4290"
"91.1800","75.9385","0.4288"
"91.2000","75.9549","0.4286"
"91.2200","75.9717","0.4284"
"91.2400","75.9888","0.4283"
"91.2600","76.0058","0.4281"
"91.2800","76.0223","0.4279"
"91.3000","76.0389","0.4278"
"91.3200","76.0557","0.4276"
"91.3400","76.0723","0.4274"
"91.3600","76.0891","0.4273"
"91.3800","76.1057","0.4271"
"91.4000","76.1221","0.4269"
"91.4200","76.1388","0.4267"
"91.4400","76.1557","0.4265"
"91.4600","76.1729","0.4264"
"91.4800","76.1900","0.4263"
"91.5000","76.2068","0.4261"
"91.5200","76.2227","0.4259"
"91.5400","76.2384","0.4257"
"91.5600","76.2548","0.4255"
"91.5800","76.2717","0.4253"
"91.6000","76.2888","0.4252"
"91.6200","76.3057","0.4250"
"91.6400","76.3219","0.4248"
"91.6600","76.3381","0.4246"
"91.6800","76.3551","0.4245"
"91.7000","76.3725","0.4244"
"91.7200","76.3893","0.4242"
"91.7400","76.4055","0.4241"
"91.7600","76.4217","0.4239"
"91.7800","76.4382","0.4238"
"91.8000","76.4551","0.4236"
"91.8200","76.4725","0.4235"
"91.8400","76.4898","0.4234"
"91.8600","76.5069","0.4233"
"91.8800","76.5232","0.4231"
"91.9000","76.5390","0.4229"
"91.9200","76.5550","0.4228"
"91.9400","76.5716","0.4226"
"91.9600","76.5883","0.4225"
"91.9800","76.6048","0.4224"
"92.0000","76.6216","0.4222"
"92.0200","76.6385","0.4221"
"92.0400","76.6554","0.4220"
"92.0600","76.6725","0.4219"
"92.0800","76.6891","0.4218"
"92.1000","76.7053","0.4217"
"92.1200","76.7217","0.4215"
"92.1400","76.7382","0.4214"
"92.1600","76.7551","0.4213"
"92.1800","76.7723","0.4213"
"92.2000","76.7893","0.4212"
"92.2200","76.8061","0.4211"
"92.2400","76.8228","0.4210"
"92.2600","76.8394","0.4209"
"92.2800","76.8556","0.4208"
"92.3000","76.8721","0.4207"
"92.3200","76.8885","0.4206"
"92.3400","76.9049","0.4205"
"92.3600","76.9214","0.4204"
"92.3800","76.9381","0.4204"
"92.4000","76.9549","0.4203"
"92.4200","76.9721","0.4203"
"92.4400","76.9893","0.4202"
"92.4600","77.0058","0.4202"
"92.4800","77.0217","0.4201"
"92.5000","77.0380","0.4200"
"92.5200","77.0550","0.4199"
"92.5400","77.0725","0.4200"
"92.5600","77.0896","0.4199"
"92.5800","77.1060","0.4199"
"92.6000","77.1226","0.4198"
"92.6200","77.1395","0.4198"
"92.6400","77.1562","0.4197"
"92.6600","77.1726","0.4197"
"92.6800","77.1888","0.4196"
"92.7000","77.2051","0.4195"
"92.7200","77.2214","0.4195"
"92.7400","77.2382","0.4195"
"92.7600","77.2555","0.4195"
"92.7800","77.2727","0.4195"
"92.8000","77.2896","0.4195"
"92.8200","77.3060","0.4194"
"92.8400","77.3221","0.4194"
"92.8600","77.3384","0.4193"
"92.8800","77.3550","0.4193"
"92.9000","77.3720","0.4193"
"92.9200","77.3891","0.4193"
"92.9400","77.4061","0.4193"
"92.9600","77.4226","0.4193"
"92.9800","77.4390","0.4193"
"93.0000","77.4563","0.4193"
"93.0200","77.4733","0.4193"
"93.0400","77.4894","0.4193"
"93.0600","77.5053","0.4192"
"93.0800","77.5212","0.4192"
"93.1000","77.5377","0.4192"
"93.1200","77.5549","0.4192"
"93.1400","77.5722","0.4193"
"93.1600","77.5891","0.4193"
"93.1800","77.6059","0.4193"
"93.2000","77.6224","0.4193"
"93.2200","77.6385","0.4192"
"93.2400","77.6548","0.4192"
"93.2600","77.6718","0.4193"
"93.2800","77.6888","0.4193"
"93.3000","77.7056","0.4193"
"93.3200","77.7222","0.4193"
"93.3400","77.7387","0.4193"
"93.3600","77.7559","0.4194"
"93.3800","77.7733","0.4194"
"93.4000","77.7899","0.4194"
"93.4200","77.8057","0.4194"
"93.4400","77.8215","0.4194"
"93.4600","77.8378","0.4194"
"93.4800","77.8547","0.4194"
"93.5000","77.8720","0.4195"
"93.5200","77.8889","0.4195"
"93.5400","77.9055","0.4195"
"93.5600","77.9222","0.4196"
"93.5800","77.9387","0.4196"
"93.6000","77.9551","0.4196"
"93.6200","77.9719","0.4197"
"93.6400","77.9890","0.4197"
"93.6600","78.0058","0.4198"
"93.6800","78.0224","0.4198"
"93.7000","78.0390","0.4198"
"93.7200","78.0558","0.4198"
"93.7400","78.0734","0.4199"
"93.7600","78.0905","0.4200"
"93.7800","78.1065","0.4199"
"93.8000","78.1219","0.4199"
"93.8200","78.1378","0.4199"
"93.8400","78.1544","0.4199"
"93.8600","78.1718","0.4200"
"93.8800","78.1889","0.4201"
"93.9000","78.2053","0.4201"
"93.9200","78.2219","0.4201"
"93.9400","78.2386","0.4202"
"93.9600","78.2552","0.4202"
"93.9800","78.2717","0.4202"
"94.0000","78.2886","0.4203"
"94.0200","78.3054","0.4203"
"94.0400","78.3221","0.4204"
"94.0600","78.3388","0.4204"
"94.0800","78.3554","0.4204"
"94.1000","78.3724","0.4205"
"94.1200","78.3899","0.4206"
"94.1400","78.4065","0.4206"
"94.1600","78.4222","0.4206"
"94.1800","78.4380","0.4205"
"94.2000","78.4547","0.4206"
"94.2200","78.4717","0.4206"
"94.2400","78.4889","0.4207"
"94.2600","78.5059","0.4207"
"94.2800","78.5222","0.4207"
"94.3000","78.5384","0.4208"
"94.3200","78.5552","0.4208"
"94.3400","78.5721","0.4208"
"94.3600","78.5890","0.4209"
"94.3800","78.6058","0.4209"
"94.4000","78.6223","0.4209"
"94.4200","78.6390","0.4210"
"94.4400","78.6560","0.4210"
"94.4600","78.6732","0.4211"
"94.4800","78.6902","0.4211"
"94.5000","78.7070","0.4212"
"94.5200","78.7228","0.4211"
"94.5400","78.7383","0.4211"
"94.5600","78.7548","0.4211"
"94.5800","78.7717","0.4212"
"94.6000","78.7886","0.4212"
"94.6200","78.8054","0.4212"
"94.6400","78.8216","0.4212"
"94.6600","78.8380","0.4213"
"94.6800","78.8550","0.4213"
"94.7000","78.8723","0.4214"
"94.7200","78.8891","0.4214"
"94.7400","78.9055","0.4214"
"94.7600","78.9219","0.4214"
"94.7800","78.9383","0.4214"
"94.8000","78.9551","0.4215"
"94.8200","78.9723","0.4216"
"94.8400","78.9894","0.4216"
"94.8600","79.0066","0.4217"
"94.8800","79.0232","0.4217"
"94.9000","79.0390","0.4217"
"94.9200","79.0549","0.4216"
"94.9400","79.0716","0.4217"
"94.9600","79.0885","0.4217"
"94.9800","79.1052","0.4217"
"95.0000","79.1217","0.4217"
"95.0200","79.1382","0.4218"
"95.0400","79.1549","0.4218"
"95.0600","79.1723","0.4219"
"95.0800","79.1892","0.4219"
"95.1000","79.2054","0.4219"
"95.1200","79.2217","0.4219"
"95.1400","79.2382","0.4219"
"95.1600","79.2553","0.4219"
"95.1800","79.2727","0.4220"
"95.2000","79.2898","0.4220"
"95.2200","79.3064","0.4220"
"95.2400","79.3229","0.4220"
"95.2600","79.3394","0.4221"
"95.2800","79.3558","0.4221"
"95.3000","79.3723","0.4221"
"95.3200","79.3888","0.4221"
"95.3400","79.4050","0.4221"
"95.3600","79.4213","0.4221"
"95.3800","79.4379","0.4221"
"95.4000","79.4546","0.4221"
"95.4200","79.4719","0.4222"
"95.4400","79.4893","0.4222"
"95.4600","79.5060","0.4222"
"95.4800","79.5219","0.4222"
"95.5000","79.5382","0.4222"
"95.5200","79.5549","0.4222"
"95.5400","79.5720","0.4223"
"95.5600","79.5894","0.4223"
"95.5800","79.6062","0.4224"
"95.6000","79.6227","0.4223"
"95.6200","79.6393","0.4224"
"95.6400","79.6559","0.4224"
"95.6600","79.6724","0.4224"
"95.6800","79.6888","0.4224"
"95.7000","79.7053","0.4224"
"95.7200","79.7216","0.4224"
"95.7400","79.7382","0.4224"
"95.7600","79.7550","0.4224"
"95.7800","79.7719","0.4224"
"95.8000","79.7891","0.4225"
"95.8200","79.8058","0.4225"
"95.8400","79.8218","0.4225"
"95.8600","79.8381","0.4225"
"95.8800","79.8549","0.4225"
"95.9000","79.8719","0.4225"
"95.9200","79.8890","0.4226"
"95.9400","79.9061","0.4226"
"95.9600","79.9226","0.4226"
"95.9800","79.9390","0.4226"
"96.0000","79.9562","0.4227"
"96.0200","79.9731","0.4227"
"96.0400","79.9893","0.4227"
"96.0600","80.0054","0.4227"
"96.0800","80.0215","0.4226"
"96.1000","80.0379","0.4227"
"96.1200","80.0549","0.4227"
"96.1400","80.0721","0.4227"
"96.1600","80.0892","0.4228"
"96.1800","80.1061","0.4228"
"96.2000","80.1226","0.4228"
"96.2200","80.1385","0.4227"
"96.2400","80.1547","0.4227"
"96.2600","80.1716","0.4228"
"96.2800","80.1888","0.4228"
"96.3000","80.2058","0.4228"
"96.3200","80.2223","0.4228"
"96.3400","80.2386","0.4228"
"96.3600","80.2558","0.4228"
"96.3800","80.2732","0.4229"
"96.4000","80.2899","0.4229"
"96.4200","80.3059","0.4229"
"96.4400","80.3217","0.4228"
"96.4600","80.3377","0.4228"
"96.4800","80.3544","0.4228"
"96.5000","80.3719","0.4229"
"96.5200","80.3891","0.4229"
"96.5400","80.4057","0.4229"
"96.5600","80.4222","0.4229"
"96.5800","80.4386","0.4229"
"96.6000","80.4551","0.4229"
"96.6200","80.4722","0.4229"
"96.6400","80.4891","0.4229"
"96.6600","80.5058","0.4229"
"96.6800","80.5223","0.4229"
"96.7000","80.5389","0.4229"
"96.7200","80.5558","0.4229"
"96.7400","80.5732","0.4229"
"96.7600","80.5903","0.4229"
"96.7800","80.6064","0.4229"
"96.8000","80.6220","0.4228"
"96.8200","80.6379","0.4228"
"96.8400","80.6545","0.4228"
"96.8600","80.6719","0.4228"
"96.8800","80.6891","0.4228"
"96.9000","80.7055","0.4228"
"96.9200","80.7219","0.4228"
"96.9400","80.7388","0.4228"
"96.9600","80.7554","0.4228"
"96.9800","80.7719","0.4227"
"97.0000","80.7887","0.4227"
"97.0200","80.8056","0.4228"
"97.0400","80.8223","0.4227"
"97.0600","80.8390","0.4227"
"97.0800","80.8556","0.4227"
"97.1000","80.8725","0.4227"
"97.1200","80.8898","0.4228"
"97.1400","80.9064","0.4227"
"97.1600","80.9223","0.4227"
"97.1800","80.9383","0.4226"
"97.2000","80.9547","0.4226"
"97.2200","80.9716","0.4226"
"97.2400","80.9886","0.4226"
"97.2600","81.0054","0.4226"
"97.2800","81.0218","0.4226"
"97.3000","81.0385","0.4226"
"97.3200","81.0556","0.4226"
"97.3400","81.0723","0.4226"
"97.3600","81.0889","0.4226"
"97.3800","81.1054","0.4226"
"97.4000","81.1219","0.4225"
"97.4200","81.1386","0.4225"
"97.4400","81.1557","0.4225"
"97.4600","81.1728","0.4225"
"97.4800","81.1899","0.4225"
"97.5000","81.2069","0.4226"
"97.5200","81.2230","0.4225"
"97.5400","81.2386","0.4224"
"97.5600","81.2549","0.4224"
"97.5800","81.2717","0.4224"
"97.6000","81.2888","0.4224"
"97.6200","81.3058","0.4224"
"97.6400","81.3221","0.4223"
"97.6600","81.3383","0.4223"
"97.6800","81.3552","0.4223"
"97.7000","81.3725","0.4223"
"97.7200","81.3894","0.4223"
"97.7400","81.4058","0.4223"
"97.7600","81.4218","0.4222"
"97.7800","81.4379","0.4222"
"97.8000","81.4549","0.4222"
"97.8200","81.4723","0.4222"
"97.8400","81.4895","0.4222"
"97.8600","81.5066","0.4223"
"97.8800","81.5232","0.4222"
"97.9000","81.5390","0.4221"
"97.9200","81.5550","0.4221"
"97.9400","81.5717","0.4221"
"97.9600","81.5884","0.4221"
"97.9800","81.6049","0.4220"
"98.0000","81.6215","0.4220"
"98.0200","81.6381","0.4220"
"98.0400","81.6549","0.4220"
"98.0600","81.6721","0.4220"
"98.0800","81.6889","0.4220"
"98.1000","81.7052","0.4220"
"98.1200","81.7216","0.4219"
"98.1400","81.7383","0.4219"
"98.1600","81.7553","0.4219"
"98.1800","81.7726","0.4219"
"98.2000","81.7896","0.4219"
"98.2200","81.8061","0.4219"
"98.2400","81.8226","0.4219"
"98.2600","81.8392","0.4219"
"98.2800","81.8554","0.4218"
"98.3000","81.8719","0.4218"
"98.3200","81.8885","0.4218"
"98.3400","81.9048","0.4217"
"98.3600","81.9213","0.4217"
"98.3800","81.9379","0.4217"
"98.4000","81.9548","0.4217"
"98.4200","81.9723","0.4217"
"98.4400","81.9896","0.4218"
"98.4600","82.0060","0.4217"
"98.4800","82.0218","0.4216"
"98.5000","82.0381","0.4216"
"98.5200","82.0549","0.4216"
"98.5400","82.0724","0.4216"
"98.5600","82.0899","0.4216"
"98.5800","82.1064","0.4216"
"98.6000","82.1227","0.4216"
"98.6200","82.1395","0.4215"
"98.6400","82.1562","0.4215"
"98.6600","82.1727","0.4215"
"98.6800","82.1890","0.4215"
"98.7000","82.2054","0.4215"
"98.7200","82.2217","0.4214"
"98.7400","82.2381","0.4214"
"98.7600","82.2551","0.4214"
"98.7800","82.2722","0.4214"
"98.8000","82.2892","0.4214"
"98.8200","82.3057","0.4214"
"98.8400","82.3219","0.4213"
"98.8600","82.3383","0.4213"
"98.8800","82.3550","0.4213"
"98.9000","82.3720","0.4213"
"98.9200","82.3891","0.4213"
"98.9400","82.4061","0.4213"
"98.9600","82.4226","0.4213"
"98.9800","82.4391","0.4212"
"99.0000","82.4562","0.4212"
"99.0200","82.4730","0.4212"
"99.0400","82.4894","0.4212"
"99.0600","82.5056","0.4211"
"99.0800","82.5214","0.4211"
"99.1000","82.5377","0.4210"
"99.1200","82.5547","0.4211"
"99.1400","82.5719","0.4211"
"99.1600","82.5890","0.4211"
"99.1800","82.6059","0.4211"
"99.2000","82.6224","0.4211"
"99.2200","82.6384","0.4210"
"99.2400","82.6548","0.4210"
"99.2600","82.6718","0.4210"
"99.2800","82.6889","0.4210"
"99.3000","82.7059","0.4210"
"99.3200","82.7223","0.4209"
"99.3400","82.7387","0.4209"
"99.3600","82.7559","0.4209"
"99.3800","82.7734","0.4209"
"99.4000","82.7898","0.4209"
"99.4200","82.8055","0.4208"
"99.4400","82.8214","0.4207"
"99.4600","82.8378","0.4207"
"99.4800","82.8545","0.4207"
"99.5000","82.8716","0.4207"
"99.5200","82.8886","0.4207"
"99.5400","82.9055","0.4207"
"99.5600","82.9223","0.4207"
"99.5800","82.9385","0.4207"
"99.6000","82.9549","0.4206"
"99.6200","82.9719","0.4207"
"99.6400","82.9888","0.4207"
"99.6600","83.0056","0.4206"
"99.6800","83.0223","0.4206"
"99.7000","83.0388","0.4206"
"99.7200","83.0556","0.4206"
"99.7400","83.0730","0.4206"
"99.7600","83.0902","0.4206"
"99.7800","83.1064","0.4206"
"99.8000","83.1221","0.4205"
"99.8200","83.1379","0.4204"
"99.8400","83.1542","0.4204"
"99.8600","83.1715","0.4204"
"99.8800","83.1889","0.4204"
"99.9000","83.2056","0.4204"
"99.9200","83.2219","0.4204"
"99.9400","83.2385","0.4203"
"99.9600","83.2552","0.4203"
"99.9800","83.2718","0.4203"
"100.0000","83.2887","0.4203"
"100.0200","83.3055","0.4203"
"100.0400","83.3220","0.4203"
"100.0600","83.3387","0.4203"
"100.0800","83.3555","0.4202"
"100.1000","83.3727","0.4203"
"100.1200","83.3904","0.4203"
"100.1400","83.4070","0.4203"
"100.1600","83.4227","0.4202"
"100.1800","83.4384","0.4201"
"100.2000","83.4548","0.4201"
"100.2200","83.4717","0.4201"
"100.2400","83.4888","0.4201"
"100.2600","83.5055","0.4201"
"100.2800","83.5219","0.4201"
"100.3000","83.5385","0.4201"
"100.3200","83.5554","0.4201"
"100.3400","83.5721","0.4201"
"100.3600","83.5888","0.4200"
"100.3800","83.6053","0.4200"
"100.4000","83.6219","0.4200"
"100.4200","83.6386","0.4200"
"100.4400","83.6556","0.4200"
"100.4600","83.6727","0.4200"
"100.4800","83.6897","0.4200"
"100.5000","83.7067","0.4200"
"100.5200","83.7228","0.4200"
"100.5400","83.7384","0.4199"
"100.5600","83.7547","0.4198"
"100.5800","83.7716","0.4198"
"100.6000","83.7887","0.4198"
"100.6200","83.8056","0.4198"
"100.6400","83.8219","0.4198"
"100.6600","83.8382","0.4198"
"100.6800","83.8552","0.4198"
"100.7000","83.8726","0.4198"
"100.7200","83.8893","0.4198"
"100.7400","83.9056","0.4197"
"100.7600","83.9218","0.4197"
"100.7800","83.9383","0.4197"
"100.8000","83.9553","0.4197"
"100.8200","83.9726","0.4197"
"100.8400","83.9898","0.4198"
"100.8600","84.0070","0.4198"
"100.8800","84.0235","0.4197"
"100.9000","84.0392","0.4196"
"100.9200","84.0550","0.4196"
"100.9400","84.0716","0.4196"
"100.9600","84.0885","0.4195"
"100.9800","84.1052","0.4195"
"101.0000","84.1218","0.4195"
"101.0200","84.1383","0.4195"
"101.0400","84.1551","0.4195"
"101.0600","84.1724","0.4195"
"101.0800","84.1893","0.4195"
"101.1000","84.2054","0.4195"
"101.1200","84.2216","0.4194"
"101.1400","84.2381","0.4194"
"101.1600","84.2551","0.4194"
"101.1800","84.2725","0.4195"
"101.2000","84.2898","0.4195"
"101.2200","84.3064","0.4195"
"101.2400","84.3227","0.4194"
"101.2600","84.3393","0.4194"
"101.2800","84.3558","0.4194"
"101.3000","84.3724","0.4194"
"101.3200","84.3889","0.4194"
"101.3400","84.4050","0.4193"
"101.3600","84.4214","0.4193"
"101.3800","84.4381","0.4193"
"101.4000","84.4549","0.4193"
"101.4200","84.4722","0.4193"
"101.4400","84.4895","0.4194"
"101.4600","84.5059","0.4193"
"101.4800","84.5216","0.4193"
"101.5000","84.5378","0.4192"
"101.5200","84.5549","0.4192"
"101.5400","84.5723","0.4193"
"101.5600","84.5896","0.4193"
"101.5800","84.6061","0.4193"
"101.6000","84.6226","0.4193"
"101.6200","84.6394","0.4193"
"101.6400","84.6560","0.4193"
"101.6600","84.6725","0.4193"
"101.6800","84.6890","0.4192"
"101.7000","84.7054","0.4192"
"101.7200","84.7218","0.4192"
"101.7400","84.7382","0.4192"
"101.7600","84.7550","0.4192"
"101.7800","84.7721","0.4192"
"101.8000","84.7894","0.4192"
"101.8200","84.8061","0.4193"
"101.8400","84.8219","0.4192"
"101.8600","84.8381","0.4192"
"101.8800","84.8550","0.4192"
"101.9000","84.8722","0.4192"
"101.9200","84.8893","0.4192"
"101.9400","84.9061","0.4192"
"101.9600","84.9225","0.4192"
"101.9800","84.9388","0.4192"
"102.0000","84.9559","0.4192"
"102.0200","84.9729","0.4192"
"102.0400","84.9893","0.4192"
"102.0600","85.0054","0.4192"
"102.0800","85.0214","0.4191"
"102.1000","85.0377","0.4191"
"102.1200","85.0546","0.4191"
"102.1400","85.0719","0.4192"
"102.1600","85.0891","0.4192"
"102.1800","85.1060","0.4192"
"102.2000","85.1223","0.4192"
"102.2200","85.1384","0.4192"
"102.2400","85.1548","0.4192"
"102.2600","85.1718","0.4192"
"102.2800","85.1888","0.4192"
"102.3000","85.2057","0.4192"
"102.3200","85.2223","0.4192"
"102.3400","85.2387","0.4192"
"102.3600","85.2559","0.4193"
"102.3800","85.2733","0.4193"
"102.4000","85.2899","0.4193"
"102.4200","85.3058","0.4192"
"102.4400","85.3217","0.4192"
"102.4600","85.3379","0.4192"
"102.4800","85.3547","0.4192"
"102.5000","85.3720","0.4192"
"102.5200","85.3891","0.4193"
"102.5400","85.4057","0.4192"
"102.5600","85.4222","0.4192"
"102.5800","85.4386","0.4192"
"102.6000","85.4552","0.4192"
"102.6200","85.4724","0.4193"
"102.6400","85.4893","0.4193"
"102.6600","85.5060","0.4192"
"102.6800","85.5223","0.4192"
"102.7000","85.5388","0.4192"
"102.7200","85.5558","0.4192"
"102.7400","85.5733","0.4193"
"102.7600","85.5903","0.4193"
"102.7800","85.6063","0.4192"
"102.8000","85.6220","0.4192"
"102.8200","85.6379","0.4191"
"102.8400","85.6544","0.4191"
"102.8600","85.6716","0.4192"
"102.8800","85.6889","0.4192"
"102.9000","85.7055","0.4192"
"102.9200","85.7221","0.4192"
"102.9400","85.7390","0.4192"
"102.9600","85.7554","0.4192"
"102.9800","85.7716","0.4191"
"103.0000","85.7885","0.4192"
"103.0200","85.8055","0.4192"
"103.0400","85.8223","0.4192"
"103.0600","85.8390","0.4192"
"103.0800","85.8556","0.4192"
"103.1000","85.8725","0.4192"
"103.1200","85.8899","0.4193"
"103.1400","85.9066","0.4193"
"103.1600","85.9225","0.4192"
"103.1800","85.9383","0.4191"
"103.2000","85.9548","0.4191"
"103.2200","85.9718","0.4191"
"103.2400","85.9888","0.4191"
"103.2600","86.0055","0.4192"
"103.2800","86.0219","0.4191"
"103.3000","86.0386","0.4191"
"103.3200","86.0554","0.4192"
"103.3400","86.0720","0.4192"
"103.3600","86.0887","0.4192"
"103.3800","86.1054","0.4192"
"103.4000","86.1220","0.4192"
"103.4200","86.1388","0.4192"
"103.4400","86.1558","0.4192"
"103.4600","86.1728","0.4192"
"103.4800","86.1897","0.4192"
"103.5000","86.2065","0.4192"
"103.5200","86.2226","0.4192"
"103.5400","86.2384","0.4191"
"103.5600","86.2547","0.4191"
"103.5800","86.2715","0.4191"
"103.6000","86.2885","0.4192"
"103.6200","86.3054","0.4192"
"103.6400","86.3217","0.4192"
"103.6600","86.3381","0.4192"
"103.6800","86.3551","0.4192"
"103.7000","86.3723","0.4192"
"103.7200","86.3890","0.4192"
"103.7400","86.4053","0.4192"
"103.7600","86.4217","0.4192"
"103.7800","86.4383","0.4192"
"103.8000","86.4555","0.4193"
"103.8200","86.4727","0.4193"
"103.8400","86.4895","0.4193"
"103.8600","86.5065","0.4193"
"103.8800","86.5232","0.4193"
"103.9000","86.5391","0.4192"
"103.9200","86.5551","0.4192"
"103.9400","86.5715","0.4192"
"103.9600","86.5882","0.4192"
"103.9800","86.6049","0.4192"
"104.0000","86.6216","0.4192"
"104.0200","86.6382","0.4191"
"104.0400","86.6552","0.4192"
"104.0600","86.6725","0.4192"
"104.0800","86.6891","0.4192"
"104.1000","86.7051","0.4191"
"104.1200","86.7215","0.4191"
"104.1400","86.7384","0.4191"
"104.1600","86.7556","0.4191"
"104.1800","86.7727","0.4192"
"104.2000","86.7897","0.4192"
"104.2200","86.8064","0.4191"
"104.2400","86.8231","0.4191"
"104.2600","86.8396","0.4191"
"104.2800","86.8558","0.4190"
"104.3000","86.8721","0.4190"
"104.3200","86.8886","0.4190"
"104.3400","86.9049","0.4189"
"104.3600","86.9214","0.4189"
"104.3800","86.9380","0.4189"
"104.4000","86.9548","0.4189"
"104.4200","86.9720","0.4189"
"104.4400","86.9894","0.4189"
"104.4600","87.0060","0.4189"
"104.4800","87.0218","0.4189"
"104.5000","87.0381","0.4188"
"104.5200","87.0550","0.4188"
"104.5400","87.0722","0.4189"
"104.5600","87.0895","0.4189"
"104.5800","87.1060","0.4189"
"104.6000","87.1224","0.4188"
"104.6200","87.1392","0.4188"
"104.6400","87.1559","0.4188"
"104.6600","87.1727","0.4188"
"104.6800","87.1890","0.4188"
"104.7000","87.2051","0.4187"
"104.7200","87.2214","0.4187"
"104.7400","87.2381","0.4187"
"104.7600","87.2552","0.4187"
"104.7800","87.2723","0.4187"
"104.8000","87.2894","0.4187"
"104.8200","87.3060","0.4187"
"104.8400","87.3218","0.4186"
"104.8600","87.3381","0.4186"
"104.8800","87.3550","0.4186"
"104.9000","87.3723","0.4186"
"104.9200","87.3894","0.4187"
"104.9400","87.4061","0.4186"
"104.9600","87.4225","0.4186"
"104.9800","87.4392","0.4186"
"105.0000","87.4565","0.4186"
"105.0200","87.4733","0.4186"
"105.0400","87.4896","0.4186"
"105.0600","87.5058","0.4185"
"105.0800","87.5219","0.4185"
"105.1000","87.5381","0.4184"
"105.1200","87.5548","0.4184"
"105.1400","87.5720","0.4184"
"105.1600","87.5890","0.4184"
"105.1800","87.6060","0.4185"
"105.2000","87.6226","0.4184"
"105.2200","87.6387","0.4184"
"105.2400","87.6550","0.4183"
"105.2600","87.6719","0.4184"
"105.2800","87.6889","0.4184"
"105.3000","87.7058","0.4184"
"105.3200","87.7224","0.4183"
"105.3400","87.7387","0.4183"
"105.3600","87.7558","0.4183"
"105.3800","87.7731","0.4184"
"105.4000","87.7897","0.4183"
"105.4200","87.8057","0.4183"
"105.4400","87.8216","0.4182"
"105.4600","87.8379","0.4182"
"105.4800","87.8547","0.4182"
"105.5000","87.8718","0.4182"
"105.5200","87.8887","0.4182"
"105.5400","87.9052","0.4182"
"105.5600","87.9219","0.4182"
"105.5800","87.9385","0.4182"
"105.6000","87.9551","0.4182"
"105.6200","87.9719","0.4182"
"105.6400","87.9887","0.4182"
"105.6600","88.0055","0.4181"
"105.6800","88.0221","0.4181"
"105.7000","88.0388","0.4181"
"105.7200","88.0557","0.4181"
"105.7400","88.0732","0.4182"
"105.7600","88.0904","0.4182"
"105.7800","88.1064","0.4181"
"105.8000","88.1219","0.4180"
"105.8200","88.1378","0.4180"
"105.8400","88.1544","0.4180"
"105.8600","88.1717","0.4180"
"105.8800","88.1891","0.4180"
"105.9000","88.2057","0.4180"
"105.9200","88.2221","0.4180"
"105.9400","88.2387","0.4180"
"105.9600","88.2553","0.4180"
"105.9800","88.2718","0.4179"
"106.0000","88.2886","0.4180"
"106.0200","88.3054","0.4180"
"106.0400","88.3221","0.4180"
"106.0600","88.3389","0.4180"
"106.0800","88.3557","0.4180"
"106.1000","88.3726","0.4180"
"106.1200","88.3900","0.4180"
"106.1400","88.4067","0.4180"
"106.1600","88.4225","0.4179"
"106.1800","88.4383","0.4179"
"106.2000","88.4548","0.4179"
"106.2200","88.4719","0.4179"
"106.2400","88.4890","0.4179"
"106.2600","88.5057","0.4179"
"106.2800","88.5220","0.4179"
"106.3000","88.5387","0.4179"
"106.3200","88.5555","0.4179"
"106.3400","88.5721","0.4179"
"106.3600","88.5887","0.4178"
"106.3800","88.6054","0.4179"
"106.4000","88.6221","0.4178"
"106.4200","88.6386","0.4178"
"106.4400","88.6554","0.4178"
"106.4600","88.6726","0.4178"
"106.4800","88.6898","0.4179"
"106.5000","88.7068","0.4179"
"106.5200","88.7228","0.4178"
"106.5400","88.7385","0.4177"
"106.5600","88.7549","0.4177"
"106.5800","88.7720","0.4177"
"106.6000","88.7890","0.4178"
"106.6200","88.8056","0.4178"
"106.6400","88.8217","0.4177"
"106.6600","88.8380","0.4177"
"106.6800","88.8551","0.4177"
"106.7000","88.8724","0.4178"
"106.7200","88.8891","0.4178"
"106.7400","88.9054","0.4177"
"106.7600","88.9218","0.4177"
"106.7800","88.9383","0.4177"
"106.8000","88.9553","0.4177"
"106.8200","88.9725","0.4178"
"106.8400","88.9894","0.4178"
"106.8600","89.0065","0.4178"
"106.8800","89.0233","0.4178"
"106.9000","89.0391","0.4178"
"106.9200","89.0549","0.4177"
"106.9400","89.0715","0.4177"
"106.9600","89.0883","0.4177"
"106.9800","89.1049","0.4178"
"107.0000","89.1215","0.4177"
"107.0200","89.1380","0.4177"
"107.0400","89.1547","0.4177"
"107.0600","89.1721","0.4178"
"107.0800","89.1892","0.4178"
"107.1000","89.2054","0.4178"
"107.1200","89.2216","0.4178"
"107.1400","89.2379","0.4177"
"107.1600","89.2549","0.4178"
"107.1800","89.2723","0.4178"
"107.2000","89.2896","0.4178"
"107.2200","89.3065","0.4179"
"107.2400","89.3231","0.4179"
"107.2600","89.3395","0.4178"
"107.2800","89.3557","0.4178"
"107.3000","89.3720","0.4178"
"107.3200","89.3886","0.4178"
"107.3400","89.4051","0.4177"
"107.3600","89.4216","0.4177"
"107.3800","89.4382","0.4178"
"107.4000","89.4550","0.4178"
"107.4200","89.4723","0.4178"
"107.4400","89.4896","0.4179"
"107.4600","89.5061","0.4178"
"107.4800","89.5219","0.4178"
"107.5000","89.5382","0.4177"
"107.5200","89.5551","0.4177"
"107.5400","89.5723","0.4178"
"107.5600","89.5895","0.4178"
"107.5800","89.6061","0.4178"
"107.6000","89.6226","0.4178"
"107.6200","89.6394","0.4178"
"107.6400","89.6561","0.4178"
"107.6600","89.6724","0.4178"
"107.6800","89.6888","0.4178"
"107.7000","89.7051","0.4178"
"107.7200","89.7214","0.4177"
"107.7400","89.7380","0.4177"
"107.7600","89.7550","0.4178"
"107.7800","89.7720","0.4178"
"107.8000","89.7891","0.4178"
"107.8200","89.8057","0.4179"
"107.8400","89.8215","0.4178"
"107.8600","89.8377","0.4178"
"107.8800","89.8547","0.4178"
"107.9000","89.8722","0.4179"
"107.9200","89.8893","0.4179"
"107.9400","89.9061","0.4179"
"107.9600","89.9224","0.4179"
"107.9800","89.9388","0.4179"
"108.0000","89.9558","0.4179"
"108.0200","89.9728","0.4180"
"108.0400","89.9893","0.4179"
"108.0600","90.0056","0.4179"
"108.0800","90.0215","0.4179"
"108.1000","90.0375","0.4179"
"108.1200","90.0545","0.4179"
"108.1400","90.0719","0.4180"
"108.1600","90.0890","0.4180"
"108.1800","90.1058","0.4180"
"108.2000","90.1224","0.4180"
"108.2200","90.1386","0.4180"
"108.2400","90.1550","0.4180"
"108.2600","90.1720","0.4180"
"108.2800","90.1890","0.4180"
"108.3000","90.2058","0.4180"
"108.3200","90.2224","0.4180"
"108.3400","90.2389","0.4180"
"108.3600","90.2559","0.4181"
"108.3800","90.2732","0.4181"
"108.4000","90.2898","0.4181"
"108.4200","90.3057","0.4180"
"108.4400","90.3217","0.4180"
"108.4600","90.3379","0.4179"
"108.4800","90.3546","0.4180"
"108.5000","90.3719","0.4180"
"108.5200","90.3890","0.4180"
"108.5400","90.4057","0.4180"
"108.5600","90.4222","0.4180"
"108.5800","90.4386","0.4180"
"108.6000","90.4550","0.4180"
"108.6200","90.4721","0.4180"
"108.6400","90.4891","0.4180"
"108.6600","90.5058","0.4180"
"108.6800","90.5223","0.4180"
"108.7000","90.5388","0.4179"
"108.7200","90.5558","0.4179"
"108.7400","90.5733","0.4180"
"108.7600","90.5905","0.4180"
"108.7800","90.6064","0.4179"
"108.8000","90.6220","0.4179"
"108.8200","90.6379","0.4178"
"108.8400","90.6543","0.4178"
"108.8600","90.6715","0.4178"
"108.8800","90.6888","0.4178"
"108.9000","90.7055","0.4178"
"108.9200","90.7219","0.4178"
"108.9400","90.7386","0.4178"
"108.9600","90.7553","0.4178"
"108.9800","90.7720","0.4178"
"109.0000","90.7891","0.4178"
"109.0200","90.8059","0.4178"
"109.0400","90.8224","0.4178"
"109.0600","90.8391","0.4178"
"109.0800","90.8557","0.4178"
"109.1000","90.8727","0.4177"
"109.1200","90.8899","0.4178"
"109.1400","90.9065","0.4178"
"109.1600","90.9223","0.4177"
"109.1800","90.9383","0.4177"
"109.2000","90.9547","0.4177"
"109.2200","90.9716","0.4177"
"109.2400","90.9887","0.4177"
"109.2600","91.0055","0.4177"
"109.2800","91.0218","0.4177"
"109.3000","91.0384","0.4176"
"109.3200","91.0554","0.4177"
"109.3400","91.0721","0.4176"
"109.3600","91.0886","0.4176"
"109.3800","91.1051","0.4177"
"109.4000","91.1218","0.4177"
"109.4200","91.1386","0.4177"
"109.4400","91.1558","0.4177"
"109.4600","91.1729","0.4177"
"109.4800","91.1899","0.4177"
"109.5000","91.2068","0.4177"
"109.5200","91.2230","0.4177"
"109.5400","91.2387","0.4176"
"109.5600","91.2549","0.4176"
"109.5800","91.2716","0.4176"
"109.6000","91.2885","0.4176"
"109.6200","91.3053","0.4176"
"109.6400","91.3216","0.4176"
"109.6600","91.3380","0.4176"
"109.6800","91.3552","0.4177"
"109.7000","91.3726","0.4177"
"109.7200","91.3893","0.4177"
"109.7400","91.4056","0.4177"
"109.7600","91.4220","0.4177"
"109.7800","91.4386","0.4177"
"109.8000","91.4556","0.4177"
"109.8200","91.4726","0.4178"
"109.8400","91.4895","0.4178"
"109.8600","91.5066","0.4178"
"109.8800","91.5233","0.4179"
"109.9000","91.5392","0.4178"
"109.9200","91.5551","0.4178"
"109.9400","91.5717","0.4178"
"109.9600","91.5886","0.4178"
"109.9800","91.6051","0.4178"
"110.0000","91.6217","0.4179"
"110.0200","91.6380","0.4179"
"110.0400","91.6548","0.4179"
"110.0600","91.6723","0.4180"
"110.0800","91.6892","0.4181"
"110.1000","91.7052","0.4180"
"110.1200","91.7214","0.4180"
"110.1400","91.7380","0.4181"
"110.1600","91.7550","0.4181"
"110.1800","91.7724","0.4182"
"110.2000","91.7895","0.4183"
"110.2200","91.8062","0.4183"
"110.2400","91.8229","0.4183"
"110.2600","91.8393","0.4183"
"110.2800","91.8555","0.4183"
"110.3000","91.8720","0.4184"
"110.3200","91.8886","0.4184"
"110.3400","91.9049","0.4184"
"110.3600","91.9214","0.4184"
"110.3800","91.9381","0.4185"
"110.4000","91.9549","0.4185"
"110.4200","91.9722","0.4186"
"110.4400","91.9895","0.4187"
"110.4600","92.0060","0.4187"
"110.4800","92.0218","0.4187"
"110.5000","92.0380","0.4187"
"110.5200","92.0549","0.4187"
"110.5400","92.0723","0.4188"
"110.5600","92.0896","0.4189"
"110.5800","92.1062","0.4189"
"110.6000","92.1226","0.4189"
"110.6200","92.1394","0.4189"
"110.6400","92.1561","0.4190"
"110.6600","92.1726","0.4190"
"110.6800","92.1890","0.4190"
"110.7000","92.2054","0.4190"
"110.7200","92.2217","0.4190"
"110.7400","92.2383","0.4190"
"110.7600","92.2553","0.4191"
"110.7800","92.2723","0.4191"
"110.8000","92.2893","0.4192"
"110.8200","92.3059","0.4192"
"110.8400","92.3218","0.4191"
"110.8600","92.3380","0.4191"
"110.8800","92.3550","0.4192"
"110.9000","92.3723","0.4193"
"110.9200","92.3893","0.4193"
"110.9400","92.4060","0.4193"
"110.9600","92.4225","0.4193"
"110.9800","92.4390","0.4193"
"111.0000","92.4561","0.4194"
"111.0200","92.4729","0.4194"
"111.0400","92.4891","0.4194"
"111.0600","92.5054","0.4193"
"111.0800","92.5215","0.4193"
"111.1000","92.5378","0.4193"
"111.1200","92.5546","0.4193"
"111.1400","92.5717","0.4194"
"111.1600","92.5889","0.4194"
"111.1800","92.6060","0.4194"
"111.2000","92.6225","0.4194"
"111.2200","92.6384","0.4193"
"111.2400","92.6549","0.4193"
"111.2600","92.6719","0.4193"
"111.2800","92.6890","0.4194"
"111.3000","92.7058","0.4194"
"111.3200","92.7223","0.4193"
"111.3400","92.7387","0.4193"
"111.3600","92.7556","0.4193"
"111.3800","92.7729","0.4194"
"111.4000","92.7896","0.4194"
"111.4200","92.8056","0.4193"
"111.4400","92.8216","0.4193"
"111.4600","92.8379","0.4192"
"111.4800","92.8546","0.4192"
"111.5000","92.8718","0.4192"
"111.5200","92.8886","0.4192"
"111.5400","92.9053","0.4192"
"111.5600","92.9220","0.4192"
"111.5800","92.9388","0.4192"
"111.6000","92.9556","0.4192"
"111.6200","92.9723","0.4192"
"111.6400","92.9888","0.4192"
"111.6600","93.0055","0.4191"
"111.6800","93.0222","0.4191"
"111.7000","93.0389","0.4191"
"111.7200","93.0558","0.4191"
"111.7400","93.0733","0.4192"
"111.7600","93.0905","0.4192"
"111.7800","93.1064","0.4191"
"111.8000","93.1221","0.4191"
"111.8200","93.1380","0.4190"
"111.8400","93.1543","0.4190"
"111.8600","93.1715","0.4190"
"111.8800","93.1889","0.4191"
"111.9000","93.2057","0.4191"
"111.9200","93.2220","0.4190"
"111.9400","93.2385","0.4190"
"111.9600","93.2551","0.4190"
"111.9800","93.2717","0.4190"
"112.0000","93.2886","0.4190"
"112.0200","93.3054","0.4190"
"112.0400","93.3222","0.4190"
"112.0600","93.3390","0.4190"
"112.0800","93.3557","0.4190"
"112.1000","93.3726","0.4190"
"112.1200","93.3899","0.4190"
"112.1400","93.4064","0.4190"
"112.1600","93.4223","0.4190"
"112.1800","93.4382","0.4189"
"112.2000","93.4548","0.4189"
"112.2200","93.4717","0.4189"
"112.2400","93.4888","0.4189"
"112.2600","93.5056","0.4189"
"112.2800","93.5219","0.4189"
"112.3000","93.5387","0.4189"
"112.3200","93.5557","0.4189"
"112.3400","93.5723","0.4189"
"112.3600","93.5889","0.4189"
"112.3800","93.6055","0.4189"
"112.4000","93.6221","0.4189"
"112.4200","93.6388","0.4189"
"112.4400","93.6557","0.4189"
"112.4600","93.6727","0.4190"
"112.4800","93.6898","0.4190"
"112.5000","93.7069","0.4190"
"112.5200","93.7230","0.4190"
"112.5400","93.7386","0.4189"
"112.5600","93.7548","0.4189"
"112.5800","93.7715","0.4189"
"112.6000","93.7885","0.4189"
"112.6200","93.8054","0.4189"
"112.6400","93.8217","0.4189"
"112.6600","93.8381","0.4189"
"112.6800","93.8553","0.4189"
"112.7000","93.8727","0.4190"
"112.7200","93.8894","0.4190"
"112.7400","93.9057","0.4190"
"112.7600","93.9219","0.4189"
"112.7800","93.9382","0.4189"
"112.8000","93.9552","0.4190"
"112.8200","93.9724","0.4190"
"112.8400","93.9894","0.4190"
"112.8600","94.0065","0.4190"
"112.8800","94.0233","0.4191"
"112.9000","94.0392","0.4190"
"112.9200","94.0550","0.4190"
"112.9400","94.0714","0.4189"
"112.9600","94.0883","0.4190"
"112.9800","94.1050","0.4190"
"113.0000","94.1216","0.4189"
"113.0200","94.1380","0.4189"
"113.0400","94.1549","0.4190"
"113.0600","94.1724","0.4190"
"113.0800","94.1893","0.4191"
"113.1000","94.2053","0.4190"
"113.1200","94.2213","0.4189"
"113.1400","94.2378","0.4190"
"113.1600","94.2551","0.4190"
"113.1800","94.2727","0.4191"
"113.2000","94.2897","0.4191"
"113.2200","94.3064","0.4191"
"113.2400","94.3230","0.4191"
"113.2600","94.3394","0.4191"
"113.2800","94.3554","0.4191"
"113.3000","94.3719","0.4190"
"113.3200","94.3887","0.4191"
"113.3400","94.4052","0.4191"
"113.3600","94.4214","0.4190"
"113.3800","94.4378","0.4190"
"113.4000","94.4548","0.4191"
"113.4200","94.4723","0.4191"
"113.4400","94.4896","0.4192"
"113.4600","94.5060","0.4192"
"113.4800","94.5217","0.4191"
"113.5000","94.5378","0.4191"
"113.5200","94.5549","0.4191"
"113.5400","94.5724","0.4192"
"113.5600","94.5897","0.4193"
"113.5800","94.6063","0.4193"
"113.6000","94.6227","0.4192"
"113.6200","94.6393","0.4192"
"113.6400","94.6559","0.4193"
"113.6600","94.6725","0.4193"
"113.6800","94.6891","0.4193"
"113.7000","94.7054","0.4192"
"113.7200","94.7216","0.4192"
"113.7400","94.7382","0.4192"
"113.7600","94.7550","0.4193"
"113.7800","94.7721","0.4193"
"113.8000","94.7894","0.4194"
"113.8200","94.8060","0.4194"
"113.8400","94.8218","0.4193"
"113.8600","94.8379","0.4193"
"113.8800","94.8550","0.4193"
"113.9000","94.8724","0.4194"
"113.9200","94.8897","0.4194"
"113.9400","94.9064","0.4194"
"113.9600","94.9225","0.4194"
"113.9800","94.9390","0.4194"
"114.0000","94.9563","0.4195"
"114.0200","94.9733","0.4195"
"114.0400","94.9897","0.4195"
"114.0600","95.0059","0.4194"
"114.0800","95.0217","0.4194"
"114.1000","95.0377","0.4193"
"114.1200","95.0546","0.4194"
"114.1400","95.0718","0.4194"
"114.1600","95.0889","0.4195"
"114.1800","95.1057","0.4195"
"114.2000","95.1222","0.4195"
"114.2200","95.1384","0.4195"
"114.2400","95.1549","0.4195"
"114.2600","95.1718","0.4195"
"114.2800","95.1889","0.4195"
"114.3000","95.2058","0.4196"
"114.3200","95.2223","0.4196"
"114.3400","95.2387","0.4195"
"114.3600","95.2558","0.4196"
"114.3800","95.2730","0.4196"
"114.4000","95.2895","0.4196"
"114.4200","95.3056","0.4196"
"114.4400","95.3216","0.4195"
"114.4600","95.3378","0.4195"
"114.4800","95.3544","0.4195"
"114.5000","95.3717","0.4196"
"114.5200","95.3888","0.4196"
"114.5400","95.4056","0.4196"
"114.5600","95.4223","0.4196"
"114.5800","95.4387","0.4196"
"114.6000","95.4551","0.4196"
"114.6200","95.4720","0.4196"
"114.6400","95.4889","0.4196"
"114.6600","95.5057","0.4196"
"114.6800","95.5222","0.4196"
"114.7000","95.5388","0.4197"
"114.7200","95.5559","0.4197"
"114.7400","95.5734","0.4197"
"114.7600","95.5905","0.4198"
"114.7800","95.6065","0.4197"
"114.8000","95.6221","0.4196"
"114.8200","95.6380","0.4196"
"114.8400","95.6543","0.4196"
"114.8600","95.6714","0.4196"
"114.8800","95.6888","0.4197"
"114.9000","95.7059","0.4197"
"114.9200","95.7225","0.4197"
"114.9400","95.7390","0.4197"
"114.9600","95.7553","0.4197"
"114.9800","95.7717","0.4197"
"115.0000","95.7886","0.4197"
"115.0200","95.8054","0.4197"
"115.0400","95.8222","0.4197"
"115.0600","95.8391","0.4198"
"115.0800","95.8556","0.4198"
"115.1000","95.8724","0.4198"
"115.1200","95.8897","0.4198"
"115.1400","95.9066","0.4198"
"115.1600","95.9225","0.4197"
"115.1800","95.9384","0.4197"
"115.2000","95.9548","0.4197"
"115.2200","95.9717","0.4197"
"115.2400","95.9888","0.4197"
"115.2600","96.0055","0.4197"
"115.2800","96.0217","0.4197"
"115.3000","96.0383","0.4197"
"115.3200","96.0554","0.4197"
"115.3400","96.0721","0.4197"
"115.3600","96.0887","0.4197"
"115.3800","96.1052","0.4197"
"115.4000","96.1217","0.4196"
"115.4200","96.1385","0.4196"
"115.4400","96.1556","0.4197"
"115.4600","96.1727","0.4197"
"115.4800","96.1897","0.4197"
"115.5000","96.2066","0.4197"
"115.5200","96.2228","0.4196"
"115.5400","96.2386","0.4196"
"115.5600","96.2549","0.4195"
"115.5800","96.2718","0.4195"
"115.6000","96.2889","0.4196"
"115.6200","96.3057","0.4195"
"115.6400","96.3219","0.4195"
"115.6600","96.3384","0.4195"
"115.6800","96.3555","0.4194"
"115.7000","96.3727","0.4195"
"115.7200","96.3892","0.4194"
"115.7400","96.4055","0.4194"
"115.7600","96.4220","0.4194"
"115.7800","96.4388","0.4193"
"115.8000","96.4558","0.4194"
"115.8200","96.4728","0.4194"
"115.8400","96.4895","0.4193"
"115.8600","96.5064","0.4193"
"115.8800","96.5231","0.4193"
"115.9000","96.5394","0.4192"
"115.9200","96.5554","0.4192"
"115.9400","96.5718","0.4191"
"115.9600","96.5884","0.4191"
"115.9800","96.6049","0.4191"
"116.0000","96.6214","0.4191"
"116.0200","96.6380","0.4191"
"116.0400","96.6550","0.4191"
"116.0600","96.6725","0.4191"
"116.0800","96.6894","0.4191"
"116.1000","96.7055","0.4190"
"116.1200","96.7215","0.4190"
"116.1400","96.7378","0.4189"
"116.1600","96.7550","0.4189"
"116.1800","96.7725","0.4190"
"116.2000","96.7897","0.4190"
"116.2200","96.8064","0.4190"
"116.2400","96.8230","0.4189"
"116.2600","96.8395","0.4189"
"116.2800","96.8557","0.4189"
"116.3000","96.8720","0.4189"
"116.3200","96.8885","0.4188"
"116.3400","96.9049","0.4188"
"116.3600","96.9213","0.4188"
"116.3800","96.9379","0.4188"
"116.4000","96.9549","0.4188"
"116.4200","96.9722","0.4188"
"116.4400","96.9895","0.4189"
"116.4600","97.0058","0.4188"
"116.4800","97.0217","0.4188"
"116.5000","97.0381","0.4188"
"116.5200","97.0550","0.4188"
"116.5400","97.0722","0.4188"
"116.5600","97.0893","0.4188"
"116.5800","97.1060","0.4188"
"116.6000","97.1227","0.4188"
"116.6200","97.1397","0.4189"
"116.6400","97.1563","0.4188"
"116.6600","97.1726","0.4188"
"116.6800","97.1889","0.4188"
"116.7000","97.2053","0.4187"
"116.7200","97.2215","0.4187"
"116.7400","97.2380","0.4187"
"116.7600","97.2549","0.4187"
"116.7800","97.2722","0.4188"
"116.8000","97.2895","0.4188"
"116.8200","97.3060","0.4188"
"116.8400","97.3217","0.4187"
"116.8600","97.3377","0.4187"
"116.8800","97.3549","0.4188"
"116.9000","97.3725","0.4188"
"116.9200","97.3895","0.4188"
"116.9400","97.4061","0.4188"
"116.9600","97.4224","0.4188"
"116.9800","97.4390","0.4188"
"117.0000","97.4562","0.4188"
"117.0200","97.4731","0.4189"
"117.0400","97.4896","0.4188"
"117.0600","97.5058","0.4188"
"117.0800","97.5216","0.4188"
"117.1000","97.5377","0.4188"
"117.1200","97.5546","0.4188"
"117.1400","97.5718","0.4188"
"117.1600","97.5890","0.4189"
"117.1800","97.6060","0.4189"
"117.2000","97.6225","0.4189"
"117.2200","97.6385","0.4188"
"117.2400","97.6548","0.4188"
"117.2600","97.6719","0.4188"
"117.2800","97.6890","0.4189"
"117.3000","97.7060","0.4189"
"117.3200","97.7225","0.4189"
"117.3400","97.7389","0.4188"
"117.3600","97.7559","0.4189"
"117.3800","97.7732","0.4189"
"117.4000","97.7898","0.4189"
"117.4200","97.8058","0.4189"
"117.4400","97.8218","0.4188"
"117.4600","97.8379","0.4188"
"117.4800","97.8545","0.4188"
"117.5000","97.8717","0.4188"
"117.5200","97.8888","0.4189"
"117.5400","97.9055","0.4188"
"117.5600","97.9220","0.4189"
"117.5800","97.9384","0.4188"
"117.6000","97.9549","0.4188"
"117.6200","97.9718","0.4188"
"117.6400","97.9887","0.4188"
"117.6600","98.0055","0.4189"
"117.6800","98.0223","0.4189"
"117.7000","98.0388","0.4188"
"117.7200","98.0555","0.4189"
"117.7400","98.0727","0.4189"
"117.7600","98.0899","0.4189"
"117.7800","98.1061","0.4189"
"117.8000","98.1218","0.4188"
"117.8200","98.1377","0.4188"
"117.8400","98.1541","0.4188"
"117.8600","98.1712","0.4188"
"117.8800","98.1885","0.4189"
"117.9000","98.2055","0.4189"
"117.9200","98.2219","0.4189"
"117.9400","98.2386","0.4188"
"117.9600","98.2554","0.4189"
"117.9800","98.2722","0.4189"
"118.0000","98.2890","0.4189"
"118.0200","98.3056","0.4189"
"118.0400","98.3221","0.4189"
"118.0600","98.3388","0.4189"
"118.0800","98.3555","0.4189"
"118.1000","98.3726","0.4189"
"118.1200","98.3899","0.4189"
"118.1400","98.4067","0.4189"
"118.1600","98.4228","0.4189"
"118.1800","98.4386","0.4188"
"118.2000","98.4549","0.4188"
"118.2200","98.4717","0.4189"
"118.2400","98.4887","0.4189"
"118.2600","98.5056","0.4189"
"118.2800","98.5220","0.4188"
"118.3000","98.5385","0.4188"
"118.3200","98.5554","0.4189"
"118.3400","98.5721","0.4188"
"118.3600","98.5888","0.4189"
"118.3800","98.6053","0.4189"
"118.4000","98.6219","0.4189"
"118.4200","98.6387","0.4189"
"118.4400","98.6556","0.4189"
"118.4600","98.6726","0.4189"
"118.4800","98.6895","0.4189"
"118.5000","98.7066","0.4189"
"118.5200","98.7230","0.4189"
"118.5400","98.7388","0.4188"
"118.5600","98.7549","0.4188"
"118.5800","98.7714","0.4188"
"118.6000","98.7885","0.4188"
"118.6200","98.8055","0.4188"
"118.6400","98.8219","0.4188"
"118.6600","98.8383","0.4188"
"118.6800","98.8553","0.4188"
"118.7000","98.8725","0.4188"
"118.7200","98.8891","0.4188"
"118.7400","98.9056","0.4188"
"118.7600","98.9219","0.4188"
"118.7800","98.9384","0.4188"
"118.8000","98.9553","0.4188"
"118.8200","98.9725","0.4188"
"118.8400","98.9894","0.4188"
"118.8600","99.0064","0.4188"
"118.8800","99.0232","0.4188"
"118.9000","99.0394","0.4187"
"118.9200","99.0553","0.4187"
"118.9400","99.0715","0.4187"
"118.9600","99.0882","0.4186"
"118.9800","99.1048","0.4186"
"119.0000","99.1215","0.4186"
"119.0200","99.1379","0.4186"
"119.0400","99.1547","0.4186"
"119.0600","99.1723","0.4187"
"119.0800","99.1894","0.4187"
"119.1000","99.2055","0.4187"
"119.1200","99.2215","0.4186"
"119.1400","99.2378","0.4186"
"119.1600","99.2548","0.4186"
"119.1800","99.2723","0.4187"
"119.2000","99.2896","0.4187"
"119.2200","99.3064","0.4187"
"119.2400","99.3231","0.4187"
"119.2600","99.3396","0.4187"
"119.2800","99.3555","0.4186"
"119.3000","99.3719","0.4186"
"119.3200","99.3887","0.4186"
"119.3400","99.4052","0.4186"
"119.3600","99.4215","0.4186"
"119.3800","99.4379","0.4186"
"119.4000","99.4547","0.4185"
"119.4200","99.4722","0.4186"
"119.4400","99.4896","0.4187"
"119.4600","99.5061","0.4187"
"119.4800","99.5219","0.4186"
"119.5000","99.5381","0.4186"
"119.5200","99.5550","0.4186"
"119.5400","99.5723","0.4187"
"119.5600","99.5895","0.4187"
"119.5800","99.6060","0.4187"
"119.6000","99.6224","0.4186"
"119.6200","99.6392","0.4186"
"119.6400","99.6561","0.4186"
"119.6600","99.6727","0.4186"
"119.6800","99.6890","0.4186"
"119.7000","99.7054","0.4186"
"119.7200","99.7217","0.4186"
"119.7400","99.7382","0.4185"
"119.7600","99.7551","0.4186"
"119.7800","99.7720","0.4186"
"119.8000","99.7892","0.4186"
"119.8200","99.8059","0.4186"
"119.8400","99.8218","0.4186"
"119.8600","99.8377","0.4185"
"119.8800","99.8546","0.4186"
"119.9000","99.8723","0.4186"
"119.9200","99.8897","0.4187"
"119.9400","99.9064","0.4186"
"119.9600","99.9226","0.4186"
"119.9800","99.9390","0.4186"
"120.0000","99.9562","0.4186"
"120.0200","99.9731","0.4186"
"120.0400","99.9895","0.4186"
"120.0600","100.0057","0.4185"
"120.0800","100.0216","0.4185"
"120.1000","100.0377","0.4184"
"120.1200","100.0546","0.4185"
"120.1400","100.0718","0.4185"
"120.1600","100.0891","0.4185"
"120.1800","100.1062","0.4186"
"120.2000","100.1224","0.4185"
"120.2200","100.1381","0.4185"
"120.2400","100.1545","0.4184"
"120.2600","100.1717","0.4185"
"120.2800","100.1889","0.4185"
"120.3000","100.2060","0.4185"
"120.3200","100.2228","0.4186"
"120.3400","100.2394","0.4185"
"120.3600","100.2564","0.4186"
"120.3800","100.2736","0.4186"
"120.4000","100.2900","0.4186"
"120.4200","100.3058","0.4185"
"120.4400","100.3216","0.4184"
"120.4600","100.3378","0.4185"
"120.4800","100.3546","0.4185"
"120.5000","100.3718","0.4185"
"120.5200","100.3888","0.4185"
"120.5400","100.4055","0.4186"
"120.5600","100.4222","0.4186"
"120.5800","100.4386","0.4186"
"120.6000","100.4549","0.4185"
"120.6200","100.4719","0.4186"
"120.6400","100.4889","0.4186"
"120.6600","100.5057","0.4186"
"120.6800","100.5223","0.4186"
"120.7000","100.5389","0.4187"
"120.7200","100.5558","0.4187"
"120.7400","100.5731","0.4187"
"120.7600","100.5901","0.4188"
"120.7800","100.6061","0.4188"
"120.8000","100.6219","0.4187"
"120.8200","100.6380","0.4187"
"120.8400","100.6546","0.4187"
"120.8600","100.6717","0.4188"
"120.8800","100.6889","0.4188"
"120.9000","100.7057","0.4189"
"120.9200","100.7222","0.4189"
"120.9400","100.7386","0.4189"
"120.9600","100.7551","0.4189"
"120.9800","100.7717","0.4189"
"121.0000","100.7887","0.4190"
"121.0200","100.8055","0.4190"
"121.0400","100.8220","0.4190"
"121.0600","100.8388","0.4191"
"121.0800","100.8557","0.4191"
"121.1000","100.8729","0.4192"
"121.1200","100.8902","0.4193"
"121.1400","100.9067","0.4193"
"121.1600","100.9226","0.4192"
"121.1800","100.9384","0.4192"
"121.2000","100.9548","0.4192"
"121.2200","100.9716","0.4193"
"121.2400","100.9888","0.4193"
"121.2600","101.0056","0.4194"
"121.2800","101.0219","0.4194"
"121.3000","101.0385","0.4195"
"121.3200","101.0555","0.4195"
"121.3400","101.0724","0.4195"
"121.3600","101.0892","0.4196"
"121.3800","101.1058","0.4196"
"121.4000","101.1220","0.4196"
"121.4200","101.1383","0.4196"
"121.4400","101.1553","0.4197"
"121.4600","101.1727","0.4198"
"121.4800","101.1899","0.4198"
"121.5000","101.2067","0.4199"
"121.5200","101.2228","0.4199"
"121.5400","101.2386","0.4199"
"121.5600","101.2549","0.4199"
"121.5800","101.2716","0.4199"
"121.6000","101.2885","0.4200"
"121.6200","101.3053","0.4201"
"121.6400","101.3216","0.4201"
"121.6600","101.3380","0.4201"
"121.6800","101.3551","0.4201"
"121.7000","101.3724","0.4202"
"121.7200","101.3891","0.4202"
"121.7400","101.4054","0.4203"
"121.7600","101.4218","0.4203"
"121.7800","101.4383","0.4203"
"121.8000","101.4554","0.4204"
"121.8200","101.4727","0.4204"
"121.8400","101.4896","0.4205"
"121.8600","101.5064","0.4205"
"121.8800","101.5230","0.4206"
"121.9000","101.5393","0.4206"
"121.9200","101.5554","0.4206"
"121.9400","101.5717","0.4206"
"121.9600","101.5883","0.4206"
"121.9800","101.6051","0.4207"
"122.0000","101.6219","0.4207"
"122.0200","101.6381","0.4207"
"122.0400","101.6547","0.4208"
"122.0600","101.6724","0.4209"
"122.0800","101.6895","0.4210"
"122.1000","101.7056","0.4210"
"122.1200","101.7216","0.4210"
"122.1400","101.7379","0.4210"
"122.1600","101.7549","0.4210"
"122.1800","101.7724","0.4211"
"122.2000","101.7897","0.4212"
"122.2200","101.8066","0.4213"
"122.2400","101.8232","0.4213"
"122.2600","101.8395","0.4213"
"122.2800","101.8554","0.4213"
"122.3000","101.8717","0.4213"
"122.3200","101.8883","0.4213"
"122.3400","101.9049","0.4213"
"122.3600","101.9214","0.4214"
"122.3800","101.9380","0.4214"
"122.4000","101.9547","0.4214"
"122.4200","101.9721","0.4215"
"122.4400","101.9895","0.4216"
"122.4600","102.0060","0.4216"
"122.4800","102.0218","0.4215"
"122.5000","102.0381","0.4215"
"122.5200","102.0549","0.4215"
"122.5400","102.0721","0.4216"
"122.5600","102.0894","0.4217"
"122.5800","102.1060","0.4217"
"122.6000","102.1227","0.4216"
"122.6200","102.1396","0.4217"
"122.6400","102.1563","0.4217"
"122.6600","102.1725","0.4217"
"122.6800","102.1888","0.4216"
"122.7000","102.2051","0.4216"
"122.7200","102.2215","0.4216"
"122.7400","102.2381","0.4216"
"122.7600","102.2551","0.4216"
"122.7800","102.2722","0.4217"
"122.8000","102.2895","0.4217"
"122.8200","102.3060","0.4217"
"122.8400","102.3217","0.4217"
"122.8600","102.3377","0.4216"
"122.8800","102.3548","0.4217"
"122.9000","102.3724","0.4217"
"122.9200","102.3897","0.4217"
"122.9400","102.4065","0.4217"
"122.9600","102.4228","0.4217"
"122.9800","102.4393","0.4217"
"123.0000","102.4562","0.4217"
"123.0200","102.4727","0.4217"
"123.0400","102.4889","0.4216"
"123.0600","102.5054","0.4216"
"123.0800","102.5217","0.4216"
"123.1000","102.5379","0.4216"
"123.1200","102.5545","0.4216"
"123.1400","102.5714","0.4216"
"123.1600","102.5887","0.4216"
"123.1800","102.6059","0.4216"
"123.2000","102.6224","0.4216"
"123.2200","102.6384","0.4216"
"123.2400","102.6546","0.4216"
"123.2600","102.6715","0.4216"
"123.2800","102.6887","0.4216"
"123.3000","102.7057","0.4216"
"123.3200","102.7225","0.4216"
"123.3400","102.7389","0.4216"
"123.3600","102.7559","0.4216"
"123.3800","102.7731","0.4217"
"123.4000","102.7896","0.4216"
"123.4200","102.8057","0.4216"
"123.4400","102.8217","0.4216"
"123.4600","102.8380","0.4215"
"123.4800","102.8546","0.4215"
"123.5000","102.8718","0.4216"
"123.5200","102.8888","0.4216"
"123.5400","102.9057","0.4216"
"123.5600","102.9225","0.4216"
"123.5800","102.9388","0.4216"
"123.6000","102.9551","0.4216"
"123.6200","102.9721","0.4216"
"123.6400","102.9890","0.4216"
"123.6600","103.0057","0.4216"
"123.6800","103.0222","0.4216"
"123.7000","103.0389","0.4216"
"123.7200","103.0561","0.4216"
"123.7400","103.0735","0.4217"
"123.7600","103.0903","0.4217"
"123.7800","103.1062","0.4216"
"123.8000","103.1222","0.4216"
"123.8200","103.1382","0.4215"
"123.8400","103.1544","0.4215"
"123.8600","103.1712","0.4215"
"123.8800","103.1884","0.4216"
"123.9000","103.2055","0.4216"
"123.9200","103.2222","0.4216"
"123.9400","103.2389","0.4216"
"123.9600","103.2552","0.4216"
"123.9800","103.2716","0.4216"
"124.0000","103.2885","0.4217"
"124.0200","103.3053","0.4217"
"124.0400","103.3218","0.4217"
"124.0600","103.3388","0.4217"
"124.0800","103.3557","0.4217"
"124.1000","103.3727","0.4217"
"124.1200","103.3898","0.4218"
"124.1400","103.4063","0.4218"
"124.1600","103.4222","0.4217"
"124.1800","103.4382","0.4217"
"124.2000","103.4547","0.4217"
"124.2200","103.4718","0.4217"
"124.2400","103.4890","0.4218"
"124.2600","103.5057","0.4218"
"124.2800","103.5219","0.4217"
"124.3000","103.5385","0.4218"
"124.3200","103.5556","0.4218"
"124.3400","103.5723","0.4218"
"124.3600","103.5889","0.4218"
"124.3800","103.6053","0.4218"
"124.4000","103.6218","0.4218"
"124.4200","103.6386","0.4219"
"124.4400","103.6556","0.4219"
"124.4600","103.6727","0.4219"
"124.4800","103.6899","0.4220"
"124.5000","103.7071","0.4220"
"124.5200","103.7234","0.4220"
"124.5400","103.7391","0.4219"
"124.5600","103.7551","0.4219"
"124.5800","103.7718","0.4219"
"124.6000","103.7887","0.4220"
"124.6200","103.8055","0.4220"
"124.6400","103.8218","0.4220"
"124.6600","103.8381","0.4220"
"124.6800","103.8551","0.4220"
"124.7000","103.8724","0.4221"
"124.7200","103.8892","0.4221"
"124.7400","103.9056","0.4221"
"124.7600","103.9218","0.4221"
"124.7800","103.9381","0.4221"
"124.8000","103.9552","0.4221"
"124.8200","103.9725","0.4222"
"124.8400","103.9895","0.4222"
"124.8600","104.0062","0.4222"
"124.8800","104.0226","0.4222"
"124.9000","104.0388","0.4222"
"124.9200","104.0553","0.4222"
"124.9400","104.0720","0.4222"
"124.9600","104.0884","0.4222"
"124.9800","104.1047","0.4222"
"125.0000","104.1213","0.4222"
"125.0200","104.1378","0.4222"
"125.0400","104.1546","0.4222"
"125.0600","104.1722","0.4223"
"125.0800","104.1894","0.4223"
"125.1000","104.2056","0.4223"
"125.1200","104.2214","0.4222"
"125.1400","104.2377","0.4222"
"125.1600","104.2548","0.4222"
"125.1800","104.2723","0.4223"
"125.2000","104.2897","0.4224"
"125.2200","104.3066","0.4224"
"125.2400","104.3232","0.4224"
"125.2600","104.3394","0.4223"
"125.2800","104.3554","0.4223"
"125.3000","104.3718","0.4223"
"125.3200","104.3885","0.4223"
"125.3400","104.4051","0.4223"
"125.3600","104.4216","0.4223"
"125.3800","104.4381","0.4222"
"125.4000","104.4548","0.4222"
"125.4200","104.4722","0.4223"
"125.4400","104.4898","0.4223"
"125.4600","104.5063","0.4223"
"125.4800","104.5219","0.4222"
"125.5000","104.5379","0.4222"
"125.5200","104.5548","0.4222"
"125.5400","104.5723","0.4222"
"125.5600","104.5897","0.4223"
"125.5800","104.6063","0.4223"
"125.6000","104.6227","0.4222"
"125.6200","104.6395","0.4222"
"125.6400","104.6561","0.4222"
"125.6600","104.6726","0.4222"
"125.6800","104.6891","0.4222"
"125.7000","104.7054","0.4222"
"125.7200","104.7216","0.4221"
"125.7400","104.7380","0.4221"
"125.7600","104.7549","0.4221"
"125.7800","104.7722","0.4222"
"125.8000","104.7896","0.4222"
"125.8200","104.8062","0.4222"
"125.8400","104.8219","0.4221"
"125.8600","104.8376","0.4221"
"125.8800","104.8544","0.4221"
"125.9000","104.8721","0.4222"
"125.9200","104.8897","0.4222"
"125.9400","104.9065","0.4222"
"125.9600","104.9227","0.4222"
"125.9800","104.9389","0.4222"
"126.0000","104.9559","0.4222"
"126.0200","104.9728","0.4222"
"126.0400","104.9893","0.4222"
"126.0600","105.0057","0.4222"
"126.0800","105.0217","0.4222"
"126.1000","105.0379","0.4222"
"126.1200","105.0546","0.4222"
"126.1400","105.0716","0.4222"
"126.1600","105.0889","0.4223"
"126.1800","105.1060","0.4223"
"126.2000","105.1224","0.4223"
"126.2200","105.1384","0.4223"
"126.2400","105.1549","0.4223"
"126.2600","105.1721","0.4223"
"126.2800","105.1891","0.4224"
"126.3000","105.2057","0.4224"
"126.3200","105.2222","0.4224"
"126.3400","105.2389","0.4224"
"126.3600","105.2559","0.4225"
"126.3800","105.2731","0.4225"
"126.4000","105.2898","0.4226"
"126.4200","105.3058","0.4225"
"126.4400","105.3217","0.4225"
"126.4600","105.3378","0.4225"
"126.4800","105.3544","0.4226"
"126.5000","105.3716","0.4226"
"126.5200","105.3888","0.4227"
"126.5400","105.4057","0.4227"
"126.5600","105.4224","0.4228"
"126.5800","105.4386","0.4228"
"126.6000","105.4548","0.4228"
"126.6200","105.4715","0.4228"
"126.6400","105.4885","0.4229"
"126.6600","105.5056","0.4229"
"126.6800","105.5225","0.4230"
"126.7000","105.5390","0.4230"
"126.7200","105.5558","0.4230"
"126.7400","105.5732","0.4231"
"126.7600","105.5904","0.4232"
"126.7800","105.6065","0.4232"
"126.8000","105.6220","0.4231"
"126.8200","105.6379","0.4231"
"126.8400","105.6543","0.4231"
"126.8600","105.6715","0.4232"
"126.8800","105.6888","0.4233"
"126.9000","105.7058","0.4233"
"126.9200","105.7224","0.4234"
"126.9400","105.7388","0.4234"
"126.9600","105.7553","0.4234"
"126.9800","105.7720","0.4234"
"127.0000","105.7888","0.4235"
"127.0200","105.8054","0.4235"
"127.0400","105.8219","0.4235"
"127.0600","105.8388","0.4235"
"127.0800","105.8558","0.4236"
"127.1000","105.8730","0.4236"
"127.1200","105.8901","0.4237"
"127.1400","105.9065","0.4237"
"127.1600","105.9224","0.4237"
"127.1800","105.9386","0.4237"
"127.2000","105.9551","0.4237"
"127.2200","105.9718","0.4237"
"127.2400","105.9887","0.4238"
"127.2600","106.0055","0.4238"
"127.2800","106.0220","0.4238"
"127.3000","106.0386","0.4239"
"127.3200","106.0554","0.4239"
"127.3400","106.0721","0.4239"
"127.3600","106.0886","0.4240"
"127.3800","106.1051","0.4240"
"127.4000","106.1217","0.4240"
"127.4200","106.1386","0.4241"
"127.4400","106.1556","0.4241"
"127.4600","106.1727","0.4242"
"127.4800","106.1896","0.4242"
"127.5000","106.2065","0.4242"
"127.5200","106.2228","0.4242"
"127.5400","106.2387","0.4242"
"127.5600","106.2550","0.4242"
"127.5800","106.2715","0.4242"
"127.6000","106.2883","0.4243"
"127.6200","106.3052","0.4243"
"127.6400","106.3217","0.4243"
"127.6600","106.3383","0.4244"
"127.6800","106.3554","0.4244"
"127.7000","106.3726","0.4245"
"127.7200","106.3891","0.4245"
"127.7400","106.4054","0.4245"
"127.7600","106.4218","0.4245"
"127.7800","106.4384","0.4245"
"127.8000","106.4556","0.4246"
"127.8200","106.4727","0.4246"
"127.8400","106.4894","0.4246"
"127.8600","106.5063","0.4247"
"127.8800","106.5232","0.4247"
"127.9000","106.5398","0.4247"
"127.9200","106.5559","0.4247"
"127.9400","106.5719","0.4246"
"127.9600","106.5885","0.4247"
"127.9800","106.6052","0.4247"
"128.0000","106.6219","0.4247"
"128.0200","106.6383","0.4247"
"128.0400","106.6550","0.4247"
"128.0600","106.6725","0.4248"
"128.0800","106.6895","0.4248"
"128.1000","106.7057","0.4248"
"128.1200","106.7216","0.4248"
"128.1400","106.7378","0.4248"
"128.1600","106.7550","0.4248"
"128.1800","106.7726","0.4249"
"128.2000","106.7899","0.4250"
"128.2200","106.8065","0.4250"
"128.2400","106.8231","0.4250"
"128.2600","106.8395","0.4250"
"128.2800","106.8555","0.4249"
"128.3000","106.8717","0.4249"
"128.3200","106.8883","0.4250"
"128.3400","106.9048","0.4249"
"128.3600","106.9213","0.4250"
"128.3800","106.9379","0.4250"
"128.4000","106.9548","0.4250"
"128.4200","106.9721","0.4251"
"128.4400","106.9895","0.4251"
"128.4600","107.0061","0.4251"
"128.4800","107.0220","0.4251"
"128.5000","107.0383","0.4251"
"128.5200","107.0551","0.4251"
"128.5400","107.0723","0.4251"
"128.5600","107.0896","0.4252"
"128.5800","107.1061","0.4252"
"128.6000","107.1227","0.4252"
"128.6200","107.1396","0.4252"
"128.6400","107.1562","0.4252"
"128.6600","107.1726","0.4252"
"128.6800","107.1889","0.4252"
"128.7000","107.2052","0.4251"
"128.7200","107.2214","0.4251"
"128.7400","107.2379","0.4251"
"128.7600","107.2551","0.4252"
"128.7800","107.2722","0.4252"
"128.8000","107.2893","0.4252"
"128.8200","107.3060","0.4252"
"128.8400","107.3220","0.4252"
"128.8600","107.3380","0.4252"
"128.8800","107.3545","0.4252"
"128.9000","107.3721","0.4252"
"128.9200","107.3897","0.4253"
"128.9400","107.4063","0.4253"
"128.9600","107.4223","0.4253"
"128.9800","107.4389","0.4253"
"129.0000","107.4563","0.4253"
"129.0200","107.4731","0.4253"
"129.0400","107.4893","0.4253"
"129.0600","107.5055","0.4253"
"129.0800","107.5215","0.4253"
"129.1000","107.5378","0.4252"
"129.1200","107.5546","0.4253"
"129.1400","107.5718","0.4253"
"129.1600","107.5890","0.4254"
"129.1800","107.6060","0.4254"
"129.2000","107.6225","0.4254"
"129.2200","107.6385","0.4253"
"129.2400","107.6549","0.4253"
"129.2600","107.6719","0.4254"
"129.2800","107.6889","0.4254"
"129.3000","107.7057","0.4254"
"129.3200","107.7224","0.4254"
"129.3400","107.7393","0.4254"
"129.3600","107.7565","0.4255"
"129.3800","107.7735","0.4255"
"129.4000","107.7897","0.4254"
"129.4200","107.8056","0.4254"
"129.4400","107.8217","0.4253"
"129.4600","107.8379","0.4253"
"129.4800","107.8544","0.4253"
"129.5000","107.8715","0.4254"
"129.5200","107.8887","0.4254"
"129.5400","107.9056","0.4254"
"129.5600","107.9223","0.4255"
"129.5800","107.9385","0.4254"
"129.6000","107.9549","0.4254"
"129.6200","107.9719","0.4254"
"129.6400","107.9888","0.4255"
"129.6600","108.0056","0.4255"
"129.6800","108.0223","0.4255"
"129.7000","108.0390","0.4255"
"129.7200","108.0559","0.4255"
"129.7400","108.0732","0.4255"
"129.7600","108.0901","0.4255"
"129.7800","108.1061","0.4255"
"129.8000","108.1219","0.4255"
"129.8200","108.1380","0.4254"
"129.8400","108.1545","0.4254"
"129.8600","108.1714","0.4255"
"129.8800","108.1885","0.4255"
"129.9000","108.2055","0.4255"
"129.9200","108.2224","0.4255"
"129.9400","108.2390","0.4255"
"129.9600","108.2552","0.4255"
"129.9800","108.2715","0.4255"
"130.0000","108.2884","0.4255"
"130.0200","108.3054","0.4255"
"130.0400","108.3221","0.4255"
"130.0600","108.3390","0.4255"
"130.0800","108.3557","0.4255"
"130.1000","108.3728","0.4256"
"130.1200","108.3901","0.4256"
"130.1400","108.4065","0.4256"
"130.1600","108.4223","0.4255"
"130.1800","108.4383","0.4255"
"130.2000","108.4549","0.4254"
"130.2200","108.4720","0.4255"
"130.2400","108.4891","0.4255"
"130.2600","108.5057","0.4255"
"130.2800","108.5219","0.4255"
"130.3000","108.5385","0.4255"
"130.3200","108.5556","0.4255"
"130.3400","108.5724","0.4255"
"130.3600","108.5891","0.4255"
"130.3800","108.6056","0.4255"
"130.4000","108.6219","0.4255"
"130.4200","108.6386","0.4255"
"130.4400","108.6556","0.4255"
"130.4600","108.6728","0.4256"
"130.4800","108.6898","0.4256"
"130.5000","108.7067","0.4256"
"130.5200","108.7228","0.4255"
"130.5400","108.7385","0.4255"
"130.5600","108.7548","0.4255"
"130.5800","108.7717","0.4255"
"130.6000","108.7887","0.4255"
"130.6200","108.8055","0.4255"
"130.6400","108.8219","0.4255"
"130.6600","108.8383","0.4255"
"130.6800","108.8551","0.4255"
"130.7000","108.8722","0.4256"
"130.7200","108.8890","0.4256"
"130.7400","108.9054","0.4256"
"130.7600","108.9218","0.4255"
"130.7800","108.9383","0.4256"
"130.8000","108.9554","0.4256"
"130.8200","108.9727","0.4256"
"130.8400","108.9897","0.4256"
"130.8600","109.0065","0.4256"
"130.8800","109.0230","0.4256"
"130.9000","109.0392","0.4256"
"130.9200","109.0553","0.4256"
"130.9400","109.0718","0.4256"
"130.9600","109.0885","0.4256"
"130.9800","109.1050","0.4256"
"131.0000","109.1215","0.4255"
"131.0200","109.1380","0.4255"
"131.0400","109.1548","0.4255"
"131.0600","109.1723","0.4255"
"131.0800","109.1894","0.4256"
"131.1000","109.2056","0.4255"
"131.1200","109.2216","0.4255"
"131.1400","109.2379","0.4255"
"131.1600","109.2549","0.4255"
"131.1800","109.2725","0.4255"
"131.2000","109.2897","0.4255"
"131.2200","109.3063","0.4255"
"131.2400","109.3229","0.4255"
"131.2600","109.3395","0.4255"
"131.2800","109.3557","0.4255"
"131.3000","109.3717","0.4254"
"131.3200","109.3883","0.4254"
"131.3400","109.4049","0.4254"
"131.3600","109.4215","0.4254"
"131.3800","109.4381","0.4254"
"131.4000","109.4548","0.4253"
"131.4200","109.4721","0.4254"
"131.4400","109.4895","0.4254"
"131.4600","109.5061","0.4254"
"131.4800","109.5219","0.4253"
"131.5000","109.5380","0.4253"
"131.5200","109.5548","0.4253"
"131.5400","109.5722","0.4253"
"131.5600","109.5896","0.4254"
"131.5800","109.6062","0.4253"
"131.6000","109.6225","0.4253"
"131.6200","109.6394","0.4253"
"131.6400","109.6560","0.4253"
"131.6600","109.6724","0.4252"
"131.6800","109.6888","0.4252"
"131.7000","109.7053","0.4252"
"131.7200","109.7220","0.4252"
"131.7400","109.7386","0.4251"
"131.7600","109.7554","0.4251"
"131.7800","109.7724","0.4251"
"131.8000","109.7895","0.4251"
"131.8200","109.8061","0.4251"
"131.8400","109.8220","0.4251"
"131.8600","109.8379","0.4250"
"131.8800","109.8546","0.4250"
"131.9000","109.8721","0.4250"
"131.9200","109.8895","0.4250"
"131.9400","109.9063","0.4250"
"131.9600","109.9225","0.4249"
"131.9800","109.9391","0.4249"
"132.0000","109.9561","0.4249"
"132.0200","109.9728","0.4249"
"132.0400","109.9891","0.4249"
"132.0600","110.0054","0.4248"
"132.0800","110.0216","0.4248"
"132.1000","110.0378","0.4247"
"132.1200","110.0546","0.4247"
"132.1400","110.0717","0.4247"
"132.1600","110.0889","0.4247"
"132.1800","110.1060","0.4247"
"132.2000","110.1224","0.4247"
"132.2200","110.1382","0.4246"
"132.2400","110.1546","0.4245"
"132.2600","110.1717","0.4245"
"132.2800","110.1890","0.4245"
"132.3000","110.2059","0.4245"
"132.3200","110.2223","0.4245"
"132.3400","110.2386","0.4244"
"132.3600","110.2558","0.4244"
"132.3800","110.2733","0.4244"
"132.4000","110.2898","0.4244"
"132.4200","110.3054","0.4243"
"132.4400","110.3212","0.4242"
"132.4600","110.3376","0.4241"
"132.4800","110.3546","0.4242"
"132.5000","110.3720","0.4242"
"132.5200","110.3892","0.4242"
"132.5400","110.4060","0.4242"
"132.5600","110.4225","0.4241"
"132.5800","110.4386","0.4240"
"132.6000","110.4548","0.4240"
"132.6200","110.4718","0.4240"
"132.6400","110.4889","0.4240"
"132.6600","110.5058","0.4240"
"132.6800","110.5225","0.4240"
"132.7000","110.5390","0.4239"
"132.7200","110.5559","0.4239"
"132.7400","110.5734","0.4239"
"132.7600","110.5904","0.4240"
"132.7800","110.6063","0.4239"
"132.8000","110.6219","0.4238"
"132.8200","110.6380","0.4238"
"132.8400","110.6546","0.4238"
"132.8600","110.6717","0.4237"
"132.8800","110.6889","0.4238"
"132.9000","110.7058","0.4238"
"132.9200","110.7225","0.4238"
"132.9400","110.7390","0.4237"
"132.9600","110.7552","0.4237"
"132.9800","110.7717","0.4237"
"133.0000","110.7888","0.4237"
"133.0200","110.8055","0.4237"
"133.0400","110.8220","0.4237"
"133.0600","110.8389","0.4237"
"133.0800","110.8558","0.4237"
"133.1000","110.8728","0.4237"
"133.1200","110.8900","0.4237"
"133.1400","110.9063","0.4236"
"133.1600","110.9221","0.4235"
"133.1800","110.9383","0.4235"
"133.2000","110.9550","0.4235"
"133.2200","110.9719","0.4235"
"133.2400","110.9889","0.4235"
"133.2600","111.0056","0.4235"
"133.2800","111.0219","0.4235"
"133.3000","111.0385","0.4234"
"133.3200","111.0553","0.4234"
"133.3400","111.0720","0.4234"
"133.3600","111.0889","0.4234"
"133.3800","111.1055","0.4234"
"133.4000","111.1220","0.4234"
"133.4200","111.1387","0.4233"
"133.4400","111.1558","0.4234"
"133.4600","111.1730","0.4234"
"133.4800","111.1900","0.4234"
"133.5000","111.2069","0.4234"
"133.5200","111.2230","0.4233"
"133.5400","111.2388","0.4233"
"133.5600","111.2552","0.4232"
"133.5800","111.2719","0.4232"
"133.6000","111.2887","0.4232"
"133.6200","111.3054","0.4232"
"133.6400","111.3218","0.4232"
"133.6600","111.3383","0.4231"
"133.6800","111.3553","0.4232"
"133.7000","111.3725","0.4232"
"133.7200","111.3892","0.4232"
"133.7400","111.4054","0.4231"
"133.7600","111.4218","0.4231"
"133.7800","111.4383","0.4231"
"133.8000","111.4554","0.4231"
"133.8200","111.4726","0.4232"
"133.8400","111.4895","0.4232"
"133.8600","111.5063","0.4232"
"133.8800","111.5228","0.4232"
"133.9000","111.5390","0.4232"
"133.9200","111.5554","0.4232"
"133.9400","111.5721","0.4232"
"133.9600","111.5885","0.4231"
"133.9800","111.6047","0.4231"
"134.0000","111.6213","0.4231"
"134.0200","111.6378","0.4231"
"134.0400","111.6547","0.4231"
"134.0600","111.6722","0.4232"
"134.0800","111.6893","0.4233"
"134.1000","111.7058","0.4233"
"134.1200","111.7219","0.4232"
"134.1400","111.7380","0.4232"
"134.1600","111.7549","0.4232"
"134.1800","111.7724","0.4233"
"134.2000","111.7897","0.4234"
"134.2200","111.8066","0.4234"
"134.2400","111.8233","0.4234"
"134.2600","111.8397","0.4234"
"134.2800","111.8557","0.4233"
"134.3000","111.8720","0.4233"
"134.3200","111.8889","0.4234"
"134.3400","111.9057","0.4234"
"134.3600","111.9221","0.4234"
"134.3800","111.9382","0.4233"
"134.4000","111.9546","0.4234"
"134.4200","111.9719","0.4234"
"134.4400","111.9894","0.4235"
"134.4600","112.0061","0.4235"
"134.4800","112.0219","0.4235"
"134.5000","112.0381","0.4235"
"134.5200","112.0549","0.4235"
"134.5400","112.0721","0.4235"
"134.5600","112.0895","0.4236"
"134.5800","112.1062","0.4236"
"134.6000","112.1226","0.4236"
"134.6200","112.1394","0.4236"
"134.6400","112.1561","0.4237"
"134.6600","112.1726","0.4237"
"134.6800","112.1890","0.4237"
"134.7000","112.2053","0.4236"
"134.7200","112.2216","0.4236"
"134.7400","112.2382","0.4237"
"134.7600","112.2550","0.4237"
"134.7800","112.2720","0.4237"
"134.8000","112.2893","0.4238"
"134.8200","112.3061","0.4238"
"134.8400","112.3219","0.4237"
"134.8600","112.3378","0.4237"
"134.8800","112.3545","0.4237"
"134.9000","112.3718","0.4238"
"134.9200","112.3894","0.4239"
"134.9400","112.4066","0.4240"
"134.9600","112.4227","0.4239"
"134.9800","112.4389","0.4239"
"135.0000","112.4559","0.4239"
"135.0200","112.4729","0.4240"
"135.0400","112.4894","0.4240"
"135.0600","112.5056","0.4240"
"135.0800","112.5217","0.4239"
"135.1000","112.5383","0.4240"
"135.1200","112.5553","0.4240"
"135.1400","112.5719","0.4240"
"135.1600","112.5887","0.4240"
"135.1800","112.6056","0.4241"
"135.2000","112.6223","0.4241"
"135.2200","112.6385","0.4241"
"135.2400","112.6551","0.4241"
"135.2600","112.6721","0.4241"
"135.2800","112.6890","0.4242"
"135.3000","112.7059","0.4242"
"135.3200","112.7226","0.4242"
"135.3400","112.7392","0.4242"
"135.3600","112.7562","0.4243"
"135.3800","112.7732","0.4243"
"135.4000","112.7896","0.4243"
"135.4200","112.8056","0.4243"
"135.4400","112.8218","0.4242"
"135.4600","112.8380","0.4242"
"135.4800","112.8545","0.4242"
"135.5000","112.8717","0.4243"
"135.5200","112.8888","0.4243"
"135.5400","112.9057","0.4244"
"135.5600","112.9226","0.4244"
"135.5800","112.9388","0.4244"
"135.6000","112.9549","0.4243"
"135.6200","112.9717","0.4244"
"135.6400","112.9888","0.4244"
"135.6600","113.0057","0.4244"
"135.6800","113.0225","0.4244"
"135.7000","113.0390","0.4244"
"135.7200","113.0558","0.4245"
"135.7400","113.0731","0.4245"
"135.7600","113.0900","0.4245"
"135.7800","113.1061","0.4245"
"135.8000","113.1220","0.4244"
"135.8200","113.1382","0.4244"
"135.8400","113.1549","0.4244"
"135.8600","113.1718","0.4244"
"135.8800","113.1884","0.4244"
"135.9000","113.2050","0.4244"
"135.9200","113.2220","0.4245"
"135.9400","113.2391","0.4245"
"135.9600","113.2556","0.4245"
"135.9800","113.2718","0.4244"
"136.0000","113.2886","0.4244"
"136.0200","113.3055","0.4244"
"136.0400","113.3222","0.4244"
"136.0600","113.3388","0.4244"
"136.0800","113.3555","0.4244"
"136.1000","113.3727","0.4244"
"136.1200","113.3899","0.4245"
"136.1400","113.4062","0.4244"
"136.1600","113.4221","0.4244"
"136.1800","113.4382","0.4243"
"136.2000","113.4547","0.4243"
"136.2200","113.4716","0.4243"
"136.2400","113.4887","0.4243"
"136.2600","113.5054","0.4243"
"136.2800","113.5218","0.4243"
"136.3000","113.5384","0.4243"
"136.3200","113.5554","0.4243"
"136.3400","113.5722","0.4243"
"136.3600","113.5890","0.4243"
"136.3800","113.6056","0.4243"
"136.4000","113.6220","0.4242"
"136.4200","113.6386","0.4242"
"136.4400","113.6556","0.4242"
"136.4600","113.6728","0.4243"
"136.4800","113.6899","0.4243"
"136.5000","113.7068","0.4243"
"136.5200","113.7230","0.4242"
"136.5400","113.7388","0.4242"
"136.5600","113.7550","0.4241"
"136.5800","113.7716","0.4241"
"136.6000","113.7884","0.4241"
"136.6200","113.8053","0.4241"
"136.6400","113.8219","0.4241"
"136.6600","113.8384","0.4241"
"136.6800","113.8553","0.4241"
"136.7000","113.8724","0.4241"
"136.7200","113.8894","0.4241"
"136.7400","113.9061","0.4241"
"136.7600","113.9222","0.4240"
"136.7800","113.9384","0.4240"
"136.8000","113.9553","0.4240"
"136.8200","113.9726","0.4240"
"136.8400","113.9897","0.4241"
"136.8600","114.0065","0.4241"
"136.8800","114.0228","0.4241"
"136.9000","114.0388","0.4240"
"136.9200","114.0551","0.4240"
"136.9400","114.0717","0.4240"
"136.9600","114.0883","0.4240"
"136.9800","114.1048","0.4240"
"137.0000","114.1213","0.4240"
"137.0200","114.1377","0.4240"
"137.0400","114.1546","0.4240"
"137.0600","114.1721","0.4240"
"137.0800","114.1891","0.4241"
"137.1000","114.2054","0.4241"
"137.1200","114.2214","0.4240"
"137.1400","114.2377","0.4240"
"137.1600","114.2547","0.4241"
"137.1800","114.2724","0.4241"
"137.2000","114.2897","0.4242"
"137.2200","114.3063","0.4241"
"137.2400","114.3227","0.4241"
"137.2600","114.3392","0.4241"
"137.2800","114.3555","0.4241"
"137.3000","114.3720","0.4241"
"137.3200","114.3886","0.4241"
"137.3400","114.4051","0.4241"
"137.3600","114.4216","0.4241"
"137.3800","114.4380","0.4241"
"137.4000","114.4546","0.4241"
"137.4200","114.4720","0.4241"
"137.4400","114.4895","0.4242"
"137.4600","114.5061","0.4242"
"137.4800","114.5220","0.4241"
"137.5000","114.5381","0.4241"
"137.5200","114.5547","0.4241"
"137.5400","114.5721","0.4241"
"137.5600","114.5896","0.4242"
"137.5800","114.6063","0.4242"
"137.6000","114.6227","0.4241"
"137.6200","114.6392","0.4241"
"137.6400","114.6559","0.4241"
"137.6600","114.6726","0.4241"
"137.6800","114.6892","0.4241"
"137.7000","114.7057","0.4241"
"137.7200","114.7219","0.4241"
"137.7400","114.7382","0.4240"
"137.7600","114.7550","0.4241"
"137.7800","114.7723","0.4241"
"137.8000","114.7898","0.4241"
"137.8200","114.8065","0.4241"
"137.8400","114.8222","0.4241"
"137.8600","114.8379","0.4240"
"137.8800","114.8543","0.4240"
"137.9000","114.8718","0.4241"
"137.9200","114.8896","0.4241"
"137.9400","114.9066","0.4241"
"137.9600","114.9228","0.4241"
"137.9800","114.9391","0.4241"
"138.0000","114.9561","0.4241"
"138.0200","114.9728","0.4241"
"138.0400","114.9891","0.4241"
"138.0600","115.0054","0.4241"
"138.0800","115.0216","0.4240"
"138.1000","115.0379","0.4240"
"138.1200","115.0548","0.4241"
"138.1400","115.0717","0.4241"
"138.1600","115.0887","0.4241"
"138.1800","115.1058","0.4241"
"138.2000","115.1225","0.4241"
"138.2200","115.1385","0.4241"
"138.2400","115.1547","0.4241"
"138.2600","115.1718","0.4241"
"138.2800","115.1891","0.4242"
"138.3000","115.2060","0.4242"
"138.3200","115.2224","0.4241"
"138.3400","115.2387","0.4241"
"138.3600","115.2558","0.4242"
"138.3800","115.2731","0.4242"
"138.4000","115.2897","0.4242"
"138.4200","115.3056","0.4242"
"138.4400","115.3216","0.4241"
"138.4600","115.3378","0.4241"
"138.4800","115.3545","0.4241"
"138.5000","115.3718","0.4242"
"138.5200","115.3891","0.4242"
"138.5400","115.4059","0.4242"
"138.5600","115.4224","0.4242"
"138.5800","115.4383","0.4242"
"138.6000","115.4545","0.4242"
"138.6200","115.4716","0.4242"
"138.6400","115.4888","0.4242"
"138.6600","115.5057","0.4243"
"138.6800","115.5224","0.4243"
"138.7000","115.5391","0.4243"
"138.7200","115.5558","0.4243"
"138.7400","115.5730","0.4243"
"138.7600","115.5900","0.4244"
"138.7800","115.6062","0.4244"
"138.8000","115.6220","0.4243"
"138.8200","115.6381","0.4243"
"138.8400","115.6546","0.4243"
"138.8600","115.6718","0.4244"
"138.8800","115.6888","0.4244"
"138.9000","115.7055","0.4244"
"138.9200","115.7224","0.4244"
"138.9400","115.7391","0.4245"
"138.9600","115.7556","0.4245"
"138.9800","115.7719","0.4245"
"139.0000","115.7888","0.4245"
"139.0200","115.8054","0.4245"
"139.0400","115.8219","0.4245"
"139.0600","115.8388","0.4245"
"139.0800","115.8558","0.4246"
"139.1000","115.8729","0.4246"
"139.1200","115.8902","0.4247"
"139.1400","115.9065","0.4246"
"139.1600","115.9220","0.4246"
"139.1800","115.9379","0.4245"
"139.2000","115.9548","0.4246"
"139.2200","115.9721","0.4246"
"139.2400","115.9893","0.4247"
"139.2600","116.0059","0.4247"
"139.2800","116.0220","0.4246"
"139.3000","116.0385","0.4246"
"139.3200","116.0554","0.4247"
"139.3400","116.0721","0.4247"
"139.3600","116.0887","0.4247"
"139.3800","116.1054","0.4247"
"139.4000","116.1220","0.4247"
"139.4200","116.1387","0.4247"
"139.4400","116.1559","0.4248"
"139.4600","116.1731","0.4248"
"139.4800","116.1900","0.4249"
"139.5000","116.2067","0.4249"
"139.5200","116.2228","0.4249"
"139.5400","116.2387","0.4248"
"139.5600","116.2551","0.4248"
"139.5800","116.2718","0.4248"
"139.6000","116.2885","0.4248"
"139.6200","116.3053","0.4248"
"139.6400","116.3217","0.4248"
"139.6600","116.3382","0.4248"
"139.6800","116.3551","0.4249"
"139.7000","116.3724","0.4249"
"139.7200","116.3891","0.4249"
"139.7400","116.4055","0.4249"
"139.7600","116.4219","0.4249"
"139.7800","116.4385","0.4249"
"139.8000","116.4556","0.4249"
"139.8200","116.4729","0.4249"
"139.8400","116.4899","0.4250"
"139.8600","116.5067","0.4250"
"139.8800","116.5229","0.4249"
"139.9000","116.5387","0.4249"
"139.9200","116.5551","0.4249"
"139.9400","116.5721","0.4249"
"139.9600","116.5889","0.4249"
"139.9800","116.6055","0.4249"
"140.0000","116.6219","0.4248"
"140.0200","116.6381","0.4248"
"140.0400","116.6549","0.4248"
"140.0600","116.6723","0.4249"
"140.0800","116.6894","0.4249"
"140.1000","116.7057","0.4249"
"140.1200","116.7219","0.4248"
"140.1400","116.7382","0.4248"
"140.1600","116.7550","0.4248"
"140.1800","116.7725","0.4249"
"140.2000","116.7899","0.4249"
"140.2200","116.8065","0.4249"
"140.2400","116.8230","0.4249"
"140.2600","116.8395","0.4249"
"140.2800","116.8557","0.4249"
"140.3000","116.8720","0.4248"
"140.3200","116.8885","0.4248"
"140.3400","116.9049","0.4248"
"140.3600","116.9214","0.4248"
"140.3800","116.9379","0.4248"
"140.4000","116.9547","0.4248"
"140.4200","116.9720","0.4249"
"140.4400","116.9894","0.4250"
"140.4600","117.0060","0.4249"
"140.4800","117.0218","0.4249"
"140.5000","117.0380","0.4249"
"140.5200","117.0548","0.4249"
"140.5400","117.0721","0.4249"
"140.5600","117.0894","0.4250"
"140.5800","117.1060","0.4250"
"140.6000","117.1224","0.4249"
"140.6200","117.1393","0.4250"
"140.6400","117.1561","0.4250"
"140.6600","117.1725","0.4249"
"140.6800","117.1889","0.4249"
"140.7000","117.2055","0.4249"
"140.7200","117.2219","0.4249"
"140.7400","117.2382","0.4248"
"140.7600","117.2550","0.4249"
"140.7800","117.2720","0.4249"
"140.8000","117.2892","0.4249"
"140.8200","117.3059","0.4249"
"140.8400","117.3219","0.4248"
"140.8600","117.3380","0.4248"
"140.8800","117.3547","0.4248"
"140.9000","117.3719","0.4248"
"140.9200","117.3894","0.4249"
"140.9400","117.4064","0.4249"
"140.9600","117.4227","0.4248"
"140.9800","117.4390","0.4248"
"141.0000","117.4562","0.4248"
"141.0200","117.4731","0.4248"
"141.0400","117.4893","0.4247"
"141.0600","117.5055","0.4247"
"141.0800","117.5214","0.4246"
"141.1000","117.5379","0.4246"
"141.1200","117.5549","0.4246"
"141.1400","117.5721","0.4246"
"141.1600","117.5890","0.4246"
"141.1800","117.6058","0.4246"
"141.2000","117.6223","0.4246"
"141.2200","117.6383","0.4245"
"141.2400","117.6547","0.4245"
"141.2600","117.6718","0.4245"
"141.2800","117.6889","0.4245"
"141.3000","117.7057","0.4245"
"141.3200","117.7222","0.4245"
"141.3400","117.7387","0.4245"
"141.3600","117.7560","0.4245"
"141.3800","117.7733","0.4245"
"141.4000","117.7898","0.4245"
"141.4200","117.8056","0.4244"
"141.4400","117.8215","0.4244"
"141.4600","117.8378","0.4244"
"141.4800","117.8545","0.4244"
"141.5000","117.8717","0.4244"
"141.5200","117.8888","0.4245"
"141.5400","117.9056","0.4245"
"141.5600","117.9225","0.4245"
"141.5800","117.9390","0.4245"
"141.6000","117.9553","0.4245"
"141.6200","117.9721","0.4245"
"141.6400","117.9889","0.4245"
"141.6600","118.0057","0.4245"
"141.6800","118.0223","0.4245"
"141.7000","118.0387","0.4245"
"141.7200","118.0556","0.4245"
"141.7400","118.0731","0.4246"
"141.7600","118.0901","0.4247"
"141.7800","118.1061","0.4246"
"141.8000","118.1218","0.4246"
"141.8200","118.1379","0.4246"
"141.8400","118.1546","0.4246"
"141.8600","118.1718","0.4247"
"141.8800","118.1887","0.4247"
"141.9000","118.2053","0.4247"
"141.9200","118.2221","0.4248"
"141.9400","118.2390","0.4248"
"141.9600","118.2555","0.4248"
"141.9800","118.2719","0.4248"
"142.0000","118.2887","0.4248"
"142.0200","118.3053","0.4249"
"142.0400","118.3217","0.4249"
"142.0600","118.3385","0.4249"
"142.0800","118.3554","0.4250"
"142.1000","118.3727","0.4250"
"142.1200","118.3899","0.4251"
"142.1400","118.4064","0.4251"
"142.1600","118.4223","0.4251"
"142.1800","118.4381","0.4250"
"142.2000","118.4545","0.4251"
"142.2200","118.4714","0.4251"
"142.2400","118.4887","0.4252"
"142.2600","118.5056","0.4252"
"142.2800","118.5221","0.4252"
"142.3000","118.5386","0.4253"
"142.3200","118.5552","0.4253"
"142.3400","118.5719","0.4253"
"142.3600","118.5890","0.4254"
"142.3800","118.6059","0.4254"
"142.4000","118.6222","0.4254"
"142.4200","118.6386","0.4254"
"142.4400","118.6556","0.4255"
"142.4600","118.6727","0.4255"
"142.4800","118.6899","0.4256"
"142.5000","118.7068","0.4256"
"142.5200","118.7227","0.4256"
"142.5400","118.7385","0.4256"
"142.5600","118.7547","0.4256"
"142.5800","118.7714","0.4256"
"142.6000","118.7884","0.4257"
"142.6200","118.8053","0.4257"
"142.6400","118.8217","0.4257"
"142.6600","118.8382","0.4257"
"142.6800","118.8552","0.4258"
"142.7000","118.8724","0.4258"
"142.7200","118.8890","0.4258"
"142.7400","118.9053","0.4258"
"142.7600","118.9218","0.4259"
"142.7800","118.9385","0.4259"
"142.8000","118.9555","0.4259"
"142.8200","118.9727","0.4260"
"142.8400","118.9897","0.4260"
"142.8600","119.0067","0.4261"
"142.8800","119.0230","0.4260"
"142.9000","119.0388","0.4260"
"142.9200","119.0551","0.4260"
"142.9400","119.0719","0.4260"
"142.9600","119.0885","0.4260"
"142.9800","119.1050","0.4260"
"143.0000","119.1216","0.4260"
"143.0200","119.1381","0.4260"
"143.0400","119.1548","0.4260"
"143.0600","119.1721","0.4261"
"143.0800","119.1893","0.4261"
"143.1000","119.2060","0.4261"
"143.1200","119.2223","0.4261"
"143.1400","119.2382","0.4260"
"143.1600","119.2550","0.4260"
"143.1800","119.2724","0.4261"
"143.2000","119.2897","0.4261"
"143.2200","119.3064","0.4261"
"143.2400","119.3230","0.4261"
"143.2600","119.3394","0.4261"
"143.2800","119.3556","0.4261"
"143.3000","119.3721","0.4261"
"143.3200","119.3887","0.4261"
"143.3400","119.4049","0.4261"
"143.3600","119.4213","0.4261"
"143.3800","119.4380","0.4261"
"143.4000","119.4548","0.4261"
"143.4200","119.4720","0.4261"
"143.4400","119.4892","0.4262"
"143.4600","119.5056","0.4261"
"143.4800","119.5215","0.4261"
"143.5000","119.5380","0.4261"
"143.5200","119.5549","0.4261"
"143.5400","119.5723","0.4261"
"143.5600","119.5899","0.4262"
"143.5800","119.6067","0.4262"
"143.6000","119.6229","0.4261"
"143.6200","119.6393","0.4261"
"143.6400","119.6558","0.4261"
"143.6600","119.6724","0.4261"
"143.6800","119.6889","0.4261"
"143.7000","119.7053","0.4261"
"143.7200","119.7215","0.4260"
"143.7400","119.7380","0.4260"
"143.7600","119.7549","0.4260"
"143.7800","119.7720","0.4260"
"143.8000","119.7894","0.4260"
"143.8200","119.8062","0.4260"
"143.8400","119.8221","0.4260"
"143.8600","119.8381","0.4259"
"143.8800","119.8548","0.4259"
"143.9000","119.8721","0.4259"
"143.9200","119.8895","0.4260"
"143.9400","119.9066","0.4260"
"143.9600","119.9230","0.4259"
"143.9800","119.9394","0.4259"
"144.0000","119.9563","0.4259"
"144.0200","119.9731","0.4259"
"144.0400","119.9894","0.4259"
"144.0600","120.0054","0.4258"
"144.0800","120.0216","0.4258"
"144.1000","120.0380","0.4257"
"144.1200","120.0548","0.4257"
"144.1400","120.0717","0.4257"
"144.1600","120.0887","0.4257"
"144.1800","120.1059","0.4257"
"144.2000","120.1227","0.4257"
"144.2200","120.1388","0.4256"
"144.2400","120.1551","0.4256"
"144.2600","120.1720","0.4256"
"144.2800","120.1890","0.4256"
"144.3000","120.2058","0.4256"
"144.3200","120.2223","0.4255"
"144.3400","120.2387","0.4255"
"144.3600","120.2557","0.4255"
"144.3800","120.2730","0.4255"
"144.4000","120.2895","0.4255"
"144.4200","120.3055","0.4254"
"144.4400","120.3216","0.4253"
"144.4600","120.3380","0.4253"
"144.4800","120.3547","0.4253"
"144.5000","120.3718","0.4253"
"144.5200","120.3889","0.4253"
"144.5400","120.4054","0.4252"
"144.5600","120.4220","0.4252"
"144.5800","120.4384","0.4251"
"144.6000","120.4548","0.4251"
"144.6200","120.4718","0.4251"
"144.6400","120.4889","0.4251"
"144.6600","120.5058","0.4251"
"144.6800","120.5224","0.4250"
"144.7000","120.5389","0.4250"
"144.7200","120.5557","0.4249"
"144.7400","120.5731","0.4250"
"144.7600","120.5902","0.4250"
"144.7800","120.6062","0.4249"
"144.8000","120.6219","0.4248"
"144.8200","120.6379","0.4247"
"144.8400","120.6544","0.4246"
"144.8600","120.6715","0.4247"
"144.8800","120.6886","0.4246"
"144.9000","120.7053","0.4246"
"144.9200","120.7221","0.4246"
"144.9400","120.7393","0.4246"
"144.9600","120.7561","0.4245"
"144.9800","120.7723","0.4245"
"145.0000","120.7887","0.4244"
"145.0200","120.8053","0.4244"
"145.0400","120.8220","0.4244"
"145.0600","120.8388","0.4243"
"145.0800","120.8557","0.4243"
"145.1000","120.8731","0.4244"
"145.1200","120.8905","0.4244"
"145.1400","120.9068","0.4243"
"145.1600","120.9225","0.4242"
"145.1800","120.9383","0.4242"
"145.2000","120.9549","0.4241"
"145.2200","120.9719","0.4241"
"145.2400","120.9890","0.4241"
"145.2600","121.0057","0.4241"
"145.2800","121.0220","0.4240"
"145.3000","121.0387","0.4240"
"145.3200","121.0557","0.4240"
"145.3400","121.0724","0.4240"
"145.3600","121.0891","0.4239"
"145.3800","121.1056","0.4239"
"145.4000","121.1219","0.4238"
"145.4200","121.1384","0.4238"
"145.4400","121.1555","0.4238"
"145.4600","121.1726","0.4238"
"145.4800","121.1895","0.4238"
"145.5000","121.2064","0.4238"
"145.5200","121.2226","0.4237"
"145.5400","121.2385","0.4237"
"145.5600","121.2550","0.4236"
"145.5800","121.2717","0.4236"
"145.6000","121.2886","0.4236"
"145.6200","121.3054","0.4236"
"145.6400","121.3218","0.4236"
"145.6600","121.3382","0.4235"
"145.6800","121.3550","0.4235"
"145.7000","121.3722","0.4236"
"145.7200","121.3892","0.4236"
"145.7400","121.4058","0.4235"
"145.7600","121.4221","0.4235"
"145.7800","121.4383","0.4235"
"145.8000","121.4553","0.4235"
"145.8200","121.4726","0.4235"
"145.8400","121.4896","0.4235"
"145.8600","121.5065","0.4235"
"145.8800","121.5229","0.4235"
"145.9000","121.5389","0.4234"
"145.9200","121.5552","0.4234"
"145.9400","121.5721","0.4234"
"145.9600","121.5888","0.4234"
"145.9800","121.6050","0.4234"
"146.0000","121.6213","0.4234"
"146.0200","121.6379","0.4234"
"146.0400","121.6549","0.4234"
"146.0600","121.6723","0.4234"
"146.0800","121.6893","0.4234"
"146.1000","121.7056","0.4234"
"146.1200","121.7218","0.4234"
"146.1400","121.7381","0.4234"
"146.1600","121.7550","0.4234"
"146.1800","121.7723","0.4235"
"146.2000","121.7895","0.4235"
"146.2200","121.8064","0.4235"
"146.2400","121.8232","0.4235"
"146.2600","121.8397","0.4235"
"146.2800","121.8556","0.4234"
"146.3000","121.8719","0.4234"
"146.3200","121.8886","0.4234"
"146.3400","121.9052","0.4234"
"146.3600","121.9219","0.4234"
"146.3800","121.9385","0.4234"
"146.4000","121.9551","0.4234"
"146.4200","121.9723","0.4235"
"146.4400","121.9898","0.4235"
"146.4600","122.0065","0.4235"
"146.4800","122.0220","0.4234"
"146.5000","122.0379","0.4234"
"146.5200","122.0545","0.4234"
"146.5400","122.0718","0.4235"
"146.5600","122.0893","0.4235"
"146.5800","122.1061","0.4235"
"146.6000","122.1227","0.4235"
"146.6200","122.1394","0.4235"
"146.6400","122.1560","0.4235"
"146.6600","122.1725","0.4235"
"146.6800","122.1889","0.4235"
"146.7000","122.2052","0.4235"
"146.7200","122.2215","0.4235"
"146.7400","122.2381","0.4235"
"146.7600","122.2550","0.4235"
"146.7800","122.2720","0.4235"
"146.8000","122.2891","0.4236"
"146.8200","122.3059","0.4236"
"146.8400","122.3219","0.4235"
"146.8600","122.3380","0.4235"
"146.8800","122.3546","0.4235"
"146.9000","122.3718","0.4236"
"146.9200","122.3892","0.4236"
"146.9400","122.4063","0.4236"
"146.9600","122.4227","0.4236"
"146.9800","122.4389","0.4236"
"147.0000","122.4558","0.4236"
"147.0200","122.4728","0.4236"
"147.0400","122.4893","0.4236"
"147.0600","122.5054","0.4235"
"147.0800","122.5213","0.4235"
"147.1000","122.5378","0.4235"
"147.1200","122.5548","0.4235"
"147.1400","122.5717","0.4235"
"147.1600","122.5887","0.4235"
"147.1800","122.6057","0.4235"
"147.2000","122.6223","0.4235"
"147.2200","122.6384","0.4235"
"147.2400","122.6548","0.4234"
"147.2600","122.6719","0.4235"
"147.2800","122.6890","0.4235"
"147.3000","122.7059","0.4235"
"147.3200","122.7223","0.4235"
"147.3400","122.7387","0.4234"
"147.3600","122.7561","0.4235"
"147.3800","122.7735","0.4235"
"147.4000","122.7898","0.4235"
"147.4200","122.8055","0.4234"
"147.4400","122.8216","0.4233"
"147.4600","122.8381","0.4233"
"147.4800","122.8548","0.4233"
"147.5000","122.8720","0.4233"
"147.5200","122.8889","0.4233"
"147.5400","122.9056","0.4233"
"147.5600","122.9224","0.4234"
"147.5800","122.9386","0.4233"
"147.6000","122.9549","0.4233"
"147.6200","122.9717","0.4233"
"147.6400","122.9887","0.4233"
"147.6600","123.0058","0.4233"
"147.6800","123.0225","0.4233"
"147.7000","123.0390","0.4233"
"147.7200","123.0559","0.4233"
"147.7400","123.0732","0.4233"
"147.7600","123.0902","0.4234"
"147.7800","123.1062","0.4233"
"147.8000","123.1219","0.4232"
"147.8200","123.1380","0.4232"
"147.8400","123.1545","0.4232"
"147.8600","123.1716","0.4233"
"147.8800","123.1886","0.4233"
"147.9000","123.2054","0.4233"
"147.9200","123.2222","0.4233"
"147.9400","123.2391","0.4234"
"147.9600","123.2556","0.4233"
"147.9800","123.2719","0.4233"
"148.0000","123.2886","0.4233"
"148.0200","123.3051","0.4233"
"148.0400","123.3217","0.4233"
"148.0600","123.3385","0.4234"
"148.0800","123.3552","0.4234"
"148.1000","123.3726","0.4234"
"148.1200","123.3902","0.4235"
"148.1400","123.4065","0.4234"
"148.1600","123.4221","0.4234"
"148.1800","123.4379","0.4233"
"148.2000","123.4545","0.4233"
"148.2200","123.4716","0.4234"
"148.2400","123.4887","0.4234"
"148.2600","123.5055","0.4234"
"148.2800","123.5218","0.4234"
"148.3000","123.5384","0.4234"
"148.3200","123.5553","0.4235"
"148.3400","123.5722","0.4235"
"148.3600","123.5890","0.4235"
"148.3800","123.6055","0.4235"
"148.4000","123.6218","0.4235"
"148.4200","123.6385","0.4235"
"148.4400","123.6557","0.4235"
"148.4600","123.6729","0.4236"
"148.4800","123.6900","0.4236"
"148.5000","123.7069","0.4236"
"148.5200","123.7228","0.4236"
"148.5400","123.7384","0.4235"
"148.5600","123.7548","0.4235"
"148.5800","123.7717","0.4236"
"148.6000","123.7887","0.4236"
"148.6200","123.8054","0.4236"
"148.6400","123.8217","0.4236"
"148.6600","123.8382","0.4236"
"148.6800","123.8553","0.4237"
"148.7000","123.8726","0.4237"
"148.7200","123.8891","0.4237"
"148.7400","123.9053","0.4237"
"148.7600","123.9217","0.4237"
"148.7800","123.9383","0.4237"
"148.8000","123.9555","0.4238"
"148.8200","123.9727","0.4238"
"148.8400","123.9898","0.4239"
"148.8600","124.0067","0.4239"
"148.8800","124.0230","0.4239"
"148.9000","124.0388","0.4238"
"148.9200","124.0550","0.4238"
"148.9400","124.0718","0.4238"
"148.9600","124.0887","0.4239"
"148.9800","124.1052","0.4239"
"149.0000","124.1217","0.4239"
"149.0200","124.1380","0.4239"
"149.0400","124.1547","0.4239"
"149.0600","124.1721","0.4239"
"149.0800","124.1892","0.4240"
"149.1000","124.2057","0.4240"
"149.1200","124.2219","0.4239"
"149.1400","124.2381","0.4239"
"149.1600","124.2551","0.4239"
"149.1800","124.2726","0.4240"
"149.2000","124.2897","0.4240"
"149.2200","124.3063","0.4240"
"149.2400","124.3229","0.4240"
"149.2600","124.3393","0.4240"
"149.2800","124.3555","0.4239"
"149.3000","124.3720","0.4239"
"149.3200","124.3887","0.4239"
"149.3400","124.4050","0.4239"
"149.3600","124.4216","0.4239"
"149.3800","124.4382","0.4239"
"149.4000","124.4550","0.4239"
"149.4200","124.4721","0.4239"
"149.4400","124.4894","0.4240"
"149.4600","124.5060","0.4240"
"149.4800","124.5218","0.4239"
"149.5000","124.5380","0.4239"
"149.5200","124.5548","0.4239"
"149.5400","124.5722","0.4239"
"149.5600","124.5898","0.4240"
"149.5800","124.6065","0.4240"
"149.6000","124.6228","0.4239"
"149.6200","124.6394","0.4239"
"149.6400","124.6561","0.4239"
"149.6600","124.6725","0.4239"
"149.6800","124.6890","0.4239"
"149.7000","124.7056","0.4238"
"149.7200","124.7219","0.4238"
"149.7400","124.7381","0.4238"
"149.7600","124.7548","0.4238"
"149.7800","124.7721","0.4238"
"149.8000","124.7896","0.4238"
"149.8200","124.8065","0.4238"
"149.8400","124.8224","0.4238"
"149.8600","124.8384","0.4237"
"149.8800","124.8550","0.4237"
"149.9000","124.8721","0.4237"
"149.9200","124.8896","0.4237"
"149.9400","124.9068","0.4237"
"149.9600","124.9231","0.4237"
"149.9800","124.9393","0.4236"
"150.0000","124.9561","0.4236"
"150.0200","124.9728","0.4236"
"150.0400","124.9891","0.4236"
"150.0600","125.0054","0.4235"
"150.0800","125.0215","0.4235"
"150.1000","125.0378","0.4235"
"150.1200","125.0548","0.4235"
"150.1400","125.0719","0.4235"
"150.1600","125.0889","0.4235"
"150.1800","125.1059","0.4234"
"150.2000","125.1224","0.4234"
"150.2200","125.1384","0.4234"
"150.2400","125.1548","0.4233"
"150.2600","125.1718","0.4233"
"150.2800","125.1889","0.4233"
"150.3000","125.2058","0.4233"
"150.3200","125.2223","0.4233"
"150.3400","125.2387","0.4232"
"150.3600","125.2559","0.4233"
"150.3800","125.2733","0.4233"
"150.4000","125.2899","0.4233"
"150.4200","125.3057","0.4232"
"150.4400","125.3215","0.4231"
"150.4600","125.3376","0.4231"
"150.4800","125.3543","0.4231"
"150.5000","125.3717","0.4231"
"150.5200","125.3888","0.4231"
"150.5400","125.4054","0.4231"
"150.5600","125.4219","0.4230"
"150.5800","125.4383","0.4230"
"150.6000","125.4548","0.4230"
"150.6200","125.4720","0.4230"
"150.6400","125.4892","0.4230"
"150.6600","125.5060","0.4230"
"150.6800","125.5224","0.4230"
"150.7000","125.5389","0.4229"
"150.7200","125.5558","0.4229"
"150.7400","125.5733","0.4230"
"150.7600","125.5903","0.4230"
"150.7800","125.6063","0.4229"
"150.8000","125.6220","0.4229"
"150.8200","125.6382","0.4228"
"150.8400","125.6548","0.4228"
"150.8600","125.6718","0.4229"
"150.8800","125.6888","0.4229"
"150.9000","125.7054","0.4228"
"150.9200","125.7221","0.4228"
"150.9400","125.7390","0.4229"
"150.9600","125.7556","0.4229"
"150.9800","125.7720","0.4229"
"151.0000","125.7887","0.4229"
"151.0200","125.8053","0.4229"
"151.0400","125.8217","0.4228"
"151.0600","125.8385","0.4228"
"151.0800","125.8554","0.4228"
"151.1000","125.8728","0.4229"
"151.1200","125.8903","0.4229"
"151.1400","125.9067","0.4229"
"151.1600","125.9224","0.4228"
"151.1800","125.9382","0.4228"
"151.2000","125.9547","0.4228"
"151.2200","125.9717","0.4228"
"151.2400","125.9888","0.4228"
"151.2600","126.0057","0.4229"
"151.2800","126.0220","0.4228"
"151.3000","126.0386","0.4228"
"151.3200","126.0554","0.4228"
"151.3400","126.0721","0.4228"
"151.3600","126.0889","0.4228"
"151.3800","126.1056","0.4228"
"151.4000","126.1220","0.4228"
"151.4200","126.1385","0.4228"
"151.4400","126.1556","0.4228"
"151.4600","126.1728","0.4229"
"151.4800","126.1897","0.4229"
"151.5000","126.2067","0.4229"
"151.5200","126.2228","0.4228"
"151.5400","126.2387","0.4228"
"151.5600","126.2550","0.4228"
"151.5800","126.2718","0.4228"
"151.6000","126.2887","0.4228"
"151.6200","126.3055","0.4228"
"151.6400","126.3218","0.4228"
"151.6600","126.3381","0.4228"
"151.6800","126.3552","0.4228"
"151.7000","126.3726","0.4229"
"151.7200","126.3893","0.4228"
"151.7400","126.4055","0.4228"
"151.7600","126.4217","0.4228"
"151.7800","126.4381","0.4228"
"151.8000","126.4552","0.4228"
"151.8200","126.4726","0.4229"
"151.8400","126.4897","0.4229"
"151.8600","126.5065","0.4229"
"151.8800","126.5229","0.4229"
"151.9000","126.5387","0.4228"
"151.9200","126.5549","0.4228"
"151.9400","126.5717","0.4228"
"151.9600","126.5885","0.4229"
"151.9800","126.6050","0.4229"
"152.0000","126.6216","0.4228"
"152.0200","126.6382","0.4229"
"152.0400","126.6550","0.4229"
"152.0600","126.6724","0.4229"
"152.0800","126.6894","0.4229"
"152.1000","126.7057","0.4229"
"152.1200","126.7218","0.4229"
"152.1400","126.7381","0.4229"
"152.1600","126.7550","0.4229"
"152.1800","126.7724","0.4229"
"152.2000","126.7895","0.4230"
"152.2200","126.8062","0.4230"
"152.2400","126.8229","0.4230"
"152.2600","126.8393","0.4229"
"152.2800","126.8554","0.4229"
"152.3000","126.8718","0.4229"
"152.3200","126.8886","0.4230"
"152.3400","126.9052","0.4230"
"152.3600","126.9217","0.4229"
"152.3800","126.9383","0.4229"
"152.4000","126.9551","0.4230"
"152.4200","126.9722","0.4230"
"152.4400","126.9894","0.4230"
"152.4600","127.0058","0.4230"
"152.4800","127.0217","0.4230"
"152.5000","127.0379","0.4230"
"152.5200","127.0547","0.4230"
"152.5400","127.0721","0.4231"
"152.5600","127.0896","0.4231"
"152.5800","127.1062","0.4231"
"152.6000","127.1225","0.4231"
"152.6200","127.1393","0.4232"
"152.6400","127.1560","0.4232"
"152.6600","127.1724","0.4232"
"152.6800","127.1888","0.4232"
"152.7000","127.2051","0.4232"
"152.7200","127.2214","0.4232"
"152.7400","127.2381","0.4232"
"152.7600","127.2551","0.4232"
"152.7800","127.2720","0.4233"
"152.8000","127.2891","0.4233"
"152.8200","127.3059","0.4233"
"152.8400","127.3220","0.4233"
"152.8600","127.3383","0.4233"
"152.8800","127.3550","0.4233"
"152.9000","127.3721","0.4234"
"152.9200","127.3893","0.4235"
"152.9400","127.4065","0.4235"
"152.9600","127.4230","0.4235"
"152.9800","127.4392","0.4235"
"153.0000","127.4562","0.4235"
"153.0200","127.4730","0.4235"
"153.0400","127.4894","0.4235"
"153.0600","127.5056","0.4235"
"153.0800","127.5217","0.4235"
"153.1000","127.5381","0.4235"
"153.1200","127.5550","0.4236"
"153.1400","127.5718","0.4236"
"153.1600","127.5889","0.4237"
"153.1800","127.6060","0.4237"
"153.2000","127.6223","0.4237"
"153.2200","127.6381","0.4237"
"153.2400","127.6546","0.4237"
"153.2600","127.6719","0.4238"
"153.2800","127.6891","0.4238"
"153.3000","127.7060","0.4238"
"153.3200","127.7224","0.4239"
"153.3400","127.7387","0.4239"
"153.3600","127.7558","0.4239"
"153.3800","127.7731","0.4240"
"153.4000","127.7896","0.4240"
"153.4200","127.8054","0.4239"
"153.4400","127.8214","0.4239"
"153.4600","127.8377","0.4239"
"153.4800","127.8544","0.4239"
"153.5000","127.8717","0.4240"
"153.5200","127.8887","0.4240"
"153.5400","127.9054","0.4240"
"153.5600","127.9221","0.4241"
"153.5800","127.9385","0.4241"
"153.6000","127.9550","0.4241"
"153.6200","127.9718","0.4241"
"153.6400","127.9888","0.4241"
"153.6600","128.0057","0.4241"
"153.6800","128.0222","0.4241"
"153.7000","128.0389","0.4241"
"153.7200","128.0558","0.4241"
"153.7400","128.0733","0.4241"
"153.7600","128.0904","0.4242"
"153.7800","128.1064","0.4241"
"153.8000","128.1221","0.4240"
"153.8200","128.1383","0.4240"
"153.8400","128.1548","0.4240"
"153.8600","128.1719","0.4240"
"153.8800","128.1888","0.4241"
"153.9000","128.2053","0.4240"
"153.9200","128.2218","0.4240"
"153.9400","128.2389","0.4240"
"153.9600","128.2558","0.4240"
"153.9800","128.2722","0.4240"
"154.0000","128.2886","0.4240"
"154.0200","128.3052","0.4239"
"154.0400","128.3218","0.4239"
"154.0600","128.3388","0.4240"
"154.0800","128.3557","0.4240"
"154.1000","128.3729","0.4240"
"154.1200","128.3902","0.4240"
"154.1400","128.4065","0.4240"
"154.1600","128.4221","0.4239"
"154.1800","128.4380","0.4238"
"154.2000","128.4547","0.4238"
"154.2200","128.4718","0.4239"
"154.2400","128.4888","0.4239"
"154.2600","128.5054","0.4239"
"154.2800","128.5216","0.4239"
"154.3000","128.5383","0.4239"
"154.3200","128.5552","0.4239"
"154.3400","128.5719","0.4239"
"154.3600","128.5888","0.4239"
"154.3800","128.6056","0.4239"
"154.4000","128.6219","0.4239"
"154.4200","128.6382","0.4239"
"154.4400","128.6552","0.4239"
"154.4600","128.6724","0.4239"
"154.4800","128.6899","0.4240"
"154.5000","128.7071","0.4240"
"154.5200","128.7233","0.4240"
"154.5400","128.7388","0.4239"
"154.5600","128.7549","0.4239"
"154.5800","128.7717","0.4239"
"154.6000","128.7887","0.4239"
"154.6200","128.8056","0.4239"
"154.6400","128.8219","0.4239"
"154.6600","128.8382","0.4239"
"154.6800","128.8553","0.4239"
"154.7000","128.8726","0.4240"
"154.7200","128.8894","0.4240"
"154.7400","128.9057","0.4240"
"154.7600","128.9219","0.4240"
"154.7800","128.9383","0.4240"
"154.8000","128.9554","0.4240"
"154.8200","128.9727","0.4241"
"154.8400","128.9898","0.4241"
"154.8600","129.0066","0.4241"
"154.8800","129.0229","0.4241"
"154.9000","129.0388","0.4240"
"154.9200","129.0550","0.4240"
"154.9400","129.0718","0.4241"
"154.9600","129.0889","0.4241"
"154.9800","129.1055","0.4241"
"155.0000","129.1216","0.4241"
"155.0200","129.1378","0.4241"
"155.0400","129.1547","0.4241"
"155.0600","129.1723","0.4242"
"155.0800","129.1893","0.4242"
"155.1000","129.2057","0.4242"
"155.1200","129.2220","0.4242"
"155.1400","129.2383","0.4242"
"155.1600","129.2551","0.4242"
"155.1800","129.2723","0.4243"
"155.2000","129.2895","0.4243"
"155.2200","129.3063","0.4244"
"155.2400","129.3230","0.4243"
"155.2600","129.3393","0.4244"
"155.2800","129.3555","0.4243"
"155.3000","129.3720","0.4243"
"155.3200","129.3888","0.4243"
"155.3400","129.4052","0.4243"
"155.3600","129.4216","0.4244"
"155.3800","129.4381","0.4244"
"155.4000","129.4547","0.4244"
"155.4200","129.4720","0.4244"
"155.4400","129.4893","0.4245"
"155.4600","129.5059","0.4245"
"155.4800","129.5217","0.4244"
"155.5000","129.5379","0.4244"
"155.5200","129.5549","0.4245"
"155.5400","129.5723","0.4245"
"155.5600","129.5896","0.4246"
"155.5800","129.6062","0.4246"
"155.6000","129.6226","0.4246"
"155.6200","129.6393","0.4246"
"155.6400","129.6558","0.4246"
"155.6600","129.6723","0.4245"
"155.6800","129.6889","0.4245"
"155.7000","129.7053","0.4245"
"155.7200","129.7214","0.4245"
"155.7400","129.7378","0.4245"
"155.7600","129.7547","0.4245"
"155.7800","129.7720","0.4246"
"155.8000","129.7894","0.4246"
"155.8200","129.8062","0.4247"
"155.8400","129.8222","0.4246"
"155.8600","129.8382","0.4246"
"155.8800","129.8548","0.4246"
"155.9000","129.8718","0.4246"
"155.9200","129.8891","0.4247"
"155.9400","129.9063","0.4247"
"155.9600","129.9230","0.4247"
"155.9800","129.9394","0.4247"
"156.0000","129.9562","0.4247"
"156.0200","129.9729","0.4247"
"156.0400","129.9893","0.4247"
"156.0600","130.0055","0.4247"
"156.0800","130.0214","0.4246"
"156.1000","130.0379","0.4246"
"156.1200","130.0550","0.4247"
"156.1400","130.0721","0.4247"
"156.1600","130.0891","0.4248"
"156.1800","130.1059","0.4248"
"156.2000","130.1222","0.4248"
"156.2200","130.1383","0.4248"
"156.2400","130.1548","0.4247"
"156.2600","130.1719","0.4248"
"156.2800","130.1890","0.4248"
"156.3000","130.2059","0.4248"
"156.3200","130.2225","0.4248"
"156.3400","130.2389","0.4248"
"156.3600","130.2560","0.4249"
"156.3800","130.2733","0.4249"
"156.4000","130.2897","0.4249"
"156.4200","130.3054","0.4248"
"156.4400","130.3213","0.4248"
"156.4600","130.3375","0.4248"
"156.4800","130.3544","0.4248"
"156.5000","130.3717","0.4248"
"156.5200","130.3888","0.4249"
"156.5400","130.4055","0.4249"
"156.5600","130.4221","0.4249"
"156.5800","130.4384","0.4248"
"156.6000","130.4548","0.4248"
"156.6200","130.4719","0.4249"
"156.6400","130.4890","0.4249"
"156.6600","130.5056","0.4249"
"156.6800","130.5219","0.4248"
"156.7000","130.5386","0.4248"
"156.7200","130.5558","0.4248"
"156.7400","130.5733","0.4249"
"156.7600","130.5902","0.4249"
"156.7800","130.6062","0.4248"
"156.8000","130.6219","0.4248"
"156.8200","130.6380","0.4247"
"156.8400","130.6545","0.4247"
"156.8600","130.6716","0.4247"
"156.8800","130.6887","0.4248"
"156.9000","130.7054","0.4247"
"156.9200","130.7219","0.4247"
"156.9400","130.7389","0.4247"
"156.9600","130.7558","0.4247"
"156.9800","130.7723","0.4247"
"157.0000","130.7887","0.4247"
"157.0200","130.8050","0.4246"
"157.0400","130.8217","0.4246"
"157.0600","130.8388","0.4246"
"157.0800","130.8557","0.4247"
"157.1000","130.8729","0.4247"
"157.1200","130.8902","0.4247"
"157.1400","130.9068","0.4247"
"157.1600","130.9227","0.4246"
"157.1800","130.9385","0.4246"
"157.2000","130.9549","0.4245"
"157.2200","130.9719","0.4245"
"157.2400","130.9891","0.4246"
"157.2600","131.0058","0.4246"
"157.2800","131.0220","0.4245"
"157.3000","131.0386","0.4245"
"157.3200","131.0556","0.4245"
"157.3400","131.0723","0.4245"
"157.3600","131.0890","0.4245"
"157.3800","131.1056","0.4245"
"157.4000","131.1220","0.4245"
"157.4200","131.1386","0.4245"
"157.4400","131.1558","0.4245"
"157.4600","131.1730","0.4245"
"157.4800","131.1900","0.4245"
"157.5000","131.2067","0.4245"
"157.5200","131.2226","0.4245"
"157.5400","131.2383","0.4244"
"157.5600","131.2549","0.4244"
"157.5800","131.2717","0.4244"
"157.6000","131.2887","0.4244"
"157.6200","131.3054","0.4245"
"157.6400","131.3217","0.4244"
"157.6600","131.3383","0.4244"
"157.6800","131.3554","0.4245"
"157.7000","131.3726","0.4245"
"157.7200","131.3893","0.4245"
"157.7400","131.4056","0.4245"
"157.7600","131.4218","0.4245"
"157.7800","131.4383","0.4245"
"157.8000","131.4554","0.4245"
"157.8200","131.4728","0.4246"
"157.8400","131.4898","0.4246"
"157.8600","131.5067","0.4246"
"157.8800","131.5230","0.4246"
"157.9000","131.5388","0.4245"
"157.9200","131.5548","0.4245"
"157.9400","131.5716","0.4245"
"157.9600","131.5887","0.4245"
"157.9800","131.6052","0.4245"
"158.0000","131.6216","0.4245"
"158.0200","131.6379","0.4245"
"158.0400","131.6548","0.4245"
"158.0600","131.6723","0.4246"
"158.0800","131.6894","0.4246"
"158.1000","131.7057","0.4246"
"158.1200","131.7219","0.4246"
"158.1400","131.7382","0.4245"
"158.1600","131.7550","0.4245"
"158.1800","131.7723","0.4246"
"158.2000","131.7894","0.4246"
"158.2200","131.8060","0.4245"
"158.2400","131.8228","0.4246"
"158.2600","131.8393","0.4246"
"158.2800","131.8556","0.4245"
"158.3000","131.8721","0.4245"
"158.3200","131.8887","0.4245"
"158.3400","131.9050","0.4244"
"158.3600","131.9216","0.4244"
"158.3800","131.9384","0.4244"
"158.4000","131.9551","0.4244"
"158.4200","131.9720","0.4244"
"158.4400","131.9894","0.4245"
"158.4600","132.0060","0.4244"
"158.4800","132.0218","0.4244"
"158.5000","132.0380","0.4243"
"158.5200","132.0549","0.4244"
"158.5400","132.0723","0.4244"
"158.5600","132.0898","0.4244"
"158.5800","132.1065","0.4244"
"158.6000","132.1228","0.4244"
"158.6200","132.1394","0.4244"
"158.6400","132.1559","0.4243"
"158.6600","132.1724","0.4243"
"158.6800","132.1888","0.4243"
"158.7000","132.2052","0.4243"
"158.7200","132.2214","0.4242"
"158.7400","132.2379","0.4242"
"158.7600","132.2549","0.4242"
"158.7800","132.2719","0.4242"
"158.8000","132.2893","0.4242"
"158.8200","132.3062","0.4242"
"158.8400","132.3221","0.4242"
"158.8600","132.3383","0.4241"
"158.8800","132.3549","0.4241"
"158.9000","132.3719","0.4241"
"158.9200","132.3891","0.4241"
"158.9400","132.4062","0.4241"
"158.9600","132.4228","0.4241"
"158.9800","132.4394","0.4241"
"159.0000","132.4562","0.4241"
"159.0200","132.4727","0.4240"
"159.0400","132.4889","0.4240"
"159.0600","132.5053","0.4239"
"159.0800","132.5215","0.4239"
"159.1000","132.5379","0.4239"
"159.1200","132.5550","0.4239"
"159.1400","132.5720","0.4239"
"159.1600","132.5890","0.4239"
"159.1800","132.6059","0.4239"
"159.2000","132.6224","0.4238"
"159.2200","132.6385","0.4238"
"159.2400","132.6550","0.4238"
"159.2600","132.6720","0.4238"
"159.2800","132.6891","0.4238"
"159.3000","132.7060","0.4238"
"159.3200","132.7225","0.4238"
"159.3400","132.7388","0.4237"
"159.3600","132.7558","0.4237"
"159.3800","132.7732","0.4237"
"159.4000","132.7899","0.4237"
"159.4200","132.8058","0.4237"
"159.4400","132.8217","0.4236"
"159.4600","132.8380","0.4235"
"159.4800","132.8548","0.4235"
"159.5000","132.8719","0.4236"
"159.5200","132.8887","0.4236"
"159.5400","132.9053","0.4236"
"159.5600","132.9221","0.4236"
"159.5800","132.9387","0.4235"
"159.6000","132.9551","0.4235"
"159.6200","132.9718","0.4235"
"159.6400","132.9887","0.4235"
"159.6600","133.0057","0.4235"
"159.6800","133.0224","0.4235"
"159.7000","133.0391","0.4235"
"159.7200","133.0559","0.4235"
"159.7400","133.0730","0.4235"
"159.7600","133.0900","0.4235"
"159.7800","133.1061","0.4235"
"159.8000","133.1220","0.4234"
"159.8200","133.1382","0.4234"
"159.8400","133.1546","0.4234"
"159.8600","133.1716","0.4234"
"159.8800","133.1886","0.4234"
"159.9000","133.2053","0.4234"
"159.9200","133.2218","0.4234"
"159.9400","133.2388","0.4234"
"159.9600","133.2557","0.4234"
"159.9800","133.2723","0.4234"
"160.0000","133.2888","0.4234"
"160.0200","133.3052","0.4234"
"160.0400","133.3217","0.4234"
"160.0600","133.3385","0.4234"
"160.0800","133.3554","0.4234"
"160.1000","133.3728","0.4234"
"160.1200","133.3903","0.4235"
"160.1400","133.4066","0.4235"
"160.1600","133.4223","0.4234"
"160.1800","133.4382","0.4234"
"160.2000","133.4547","0.4234"
"160.2200","133.4716","0.4234"
"160.2400","133.4887","0.4234"
"160.2600","133.5055","0.4234"
"160.2800","133.5218","0.4234"
"160.3000","133.5385","0.4234"
"160.3200","133.5554","0.4234"
"160.3400","133.5719","0.4234"
"160.3600","133.5886","0.4234"
"160.3800","133.6054","0.4234"
"160.4000","133.6220","0.4234"
"160.4200","133.6385","0.4234"
"160.4400","133.6555","0.4234"
"160.4600","133.6726","0.4234"
"160.4800","133.6897","0.4234"
"160.5000","133.7066","0.4234"
"160.5200","133.7226","0.4234"
"160.5400","133.7384","0.4233"
"160.5600","133.7549","0.4233"
"160.5800","133.7719","0.4233"
"160.6000","133.7890","0.4233"
"160.6200","133.8060","0.4233"
"160.6400","133.8222","0.4233"
"160.6600","133.8384","0.4232"
"160.6800","133.8552","0.4233"
"160.7000","133.8724","0.4233"
"160.7200","133.8891","0.4233"
"160.7400","133.9055","0.4232"
"160.7600","133.9217","0.4232"
"160.7800","133.9383","0.4232"
"160.8000","133.9555","0.4232"
"160.8200","133.9730","0.4233"
"160.8400","133.9900","0.4233"
"160.8600","134.0067","0.4233"
"160.8800","134.0231","0.4232"
"160.9000","134.0391","0.4232"
"160.9200","134.0550","0.4231"
"160.9400","134.0716","0.4231"
"160.9600","134.0887","0.4231"
"160.9800","134.1055","0.4231"
"161.0000","134.1218","0.4231"
"161.0200","134.1379","0.4231"
"161.0400","134.1546","0.4230"
"161.0600","134.1721","0.4231"
"161.0800","134.1892","0.4231"
"161.1000","134.2057","0.4231"
"161.1200","134.2219","0.4230"
"161.1400","134.2382","0.4230"
"161.1600","134.2550","0.4230"
"161.1800","134.2722","0.4230"
"161.2000","134.2893","0.4231"
"161.2200","134.3060","0.4230"
"161.2400","134.3228","0.4230"
"161.2600","134.3394","0.4230"
"161.2800","134.3558","0.4230"
"161.3000","134.3725","0.4230"
"161.3200","134.3891","0.4229"
"161.3400","134.4053","0.4229"
"161.3600","134.4215","0.4229"
"161.3800","134.4383","0.4229"
"161.4000","134.4551","0.4229"
"161.4200","134.4722","0.4229"
"161.4400","134.4894","0.4229"
"161.4600","134.5060","0.4229"
"161.4800","134.5219","0.4228"
"161.5000","134.5382","0.4228"
"161.5200","134.5550","0.4228"
"161.5400","134.5722","0.4228"
"161.5600","134.5895","0.4229"
"161.5800","134.6061","0.4228"
"161.6000","134.6224","0.4228"
"161.6200","134.6392","0.4228"
"161.6400","134.6560","0.4228"
"161.6600","134.6726","0.4228"
"161.6800","134.6889","0.4227"
"161.7000","134.7052","0.4227"
"161.7200","134.7214","0.4226"
"161.7400","134.7380","0.4226"
"161.7600","134.7549","0.4226"
"161.7800","134.7720","0.4227"
"161.8000","134.7893","0.4227"
"161.8200","134.8061","0.4227"
"161.8400","134.8221","0.4227"
"161.8600","134.8379","0.4226"
"161.8800","134.8542","0.4226"
"161.9000","134.8714","0.4226"
"161.9200","134.8890","0.4226"
"161.9400","134.9064","0.4227"
"161.9600","134.9233","0.4227"
"161.9800","134.9397","0.4226"
"162.0000","134.9563","0.4226"
"162.0200","134.9728","0.4226"
"162.0400","134.9891","0.4225"
"162.0600","135.0052","0.4225"
"162.0800","135.0213","0.4225"
"162.1000","135.0377","0.4224"
"162.1200","135.0548","0.4225"
"162.1400","135.0720","0.4225"
"162.1600","135.0890","0.4225"
"162.1800","135.1059","0.4225"
"162.2000","135.1223","0.4225"
"162.2200","135.1382","0.4224"
"162.2400","135.1546","0.4224"
"162.2600","135.1717","0.4224"
"162.2800","135.1890","0.4225"
"162.3000","135.2060","0.4224"
"162.3200","135.2225","0.4224"
"162.3400","135.2389","0.4224"
"162.3600","135.2559","0.4224"
"162.3800","135.2732","0.4225"
"162.4000","135.2896","0.4225"
"162.4200","135.3054","0.4224"
"162.4400","135.3214","0.4224"
"162.4600","135.3378","0.4223"
"162.4800","135.3546","0.4223"
"162.5000","135.3719","0.4224"
"162.5200","135.3890","0.4224"
"162.5400","135.4057","0.4224"
"162.5600","135.4225","0.4224"
"162.5800","135.4387","0.4224"
"162.6000","135.4550","0.4223"
"162.6200","135.4721","0.4223"
"162.6400","135.4893","0.4224"
"162.6600","135.5059","0.4224"
"162.6800","135.5223","0.4223"
"162.7000","135.5389","0.4223"
"162.7200","135.5560","0.4223"
"162.7400","135.5734","0.4224"
"162.7600","135.5904","0.4224"
"162.7800","135.6062","0.4223"
"162.8000","135.6218","0.4223"
"162.8200","135.6380","0.4222"
"162.8400","135.6545","0.4222"
"162.8600","135.6717","0.4222"
"162.8800","135.6889","0.4223"
"162.9000","135.7055","0.4222"
"162.9200","135.7219","0.4222"
"162.9400","135.7388","0.4222"
"162.9600","135.7556","0.4222"
"162.9800","135.7720","0.4222"
"163.0000","135.7885","0.4222"
"163.0200","135.8052","0.4222"
"163.0400","135.8219","0.4222"
"163.0600","135.8388","0.4222"
"163.0800","135.8555","0.4223"
"163.1000","135.8726","0.4223"
"163.1200","135.8900","0.4223"
"163.1400","135.9066","0.4223"
"163.1600","135.9224","0.4223"
"163.1800","135.9383","0.4223"
"163.2000","135.9547","0.4223"
"163.2200","135.9718","0.4223"
"163.2400","135.9889","0.4224"
"163.2600","136.0056","0.4224"
"163.2800","136.0217","0.4223"
"163.3000","136.0384","0.4224"
"163.3200","136.0554","0.4224"
"163.3400","136.0721","0.4224"
"163.3600","136.0887","0.4224"
"163.3800","136.1054","0.4225"
"163.4000","136.1220","0.4225"
"163.4200","136.1386","0.4225"
"163.4400","136.1557","0.4225"
"163.4600","136.1729","0.4226"
"163.4800","136.1899","0.4226"
"163.5000","136.2067","0.4227"
"163.5200","136.2227","0.4226"
"163.5400","136.2384","0.4226"
"163.5600","136.2551","0.4226"
"163.5800","136.2720","0.4227"
"163.6000","136.2886","0.4227"
"163.6200","136.3051","0.4227"
"163.6400","136.3215","0.4227"
"163.6600","136.3381","0.4227"
"163.6800","136.3553","0.4228"
"163.7000","136.3727","0.4228"
"163.7200","136.3894","0.4229"
"163.7400","136.4056","0.4229"
"163.7600","136.4220","0.4229"
"163.7800","136.4384","0.4229"
"163.8000","136.4554","0.4229"
"163.8200","136.4727","0.4230"
"163.8400","136.4896","0.4230"
"163.8600","136.5064","0.4230"
"163.8800","136.5229","0.4230"
"163.9000","136.5388","0.4230"
"163.9200","136.5549","0.4229"
"163.9400","136.5716","0.4229"
"163.9600","136.5886","0.4230"
"163.9800","136.6052","0.4230"
"164.0000","136.6216","0.4230"
"164.0200","136.6379","0.4230"
"164.0400","136.6546","0.4230"
"164.0600","136.6721","0.4230"
"164.0800","136.6891","0.4231"
"164.1000","136.7054","0.4230"
"164.1200","136.7217","0.4230"
"164.1400","136.7383","0.4230"
"164.1600","136.7552","0.4231"
"164.1800","136.7722","0.4231"
"164.2000","136.7892","0.4231"
"164.2200","136.8060","0.4231"
"164.2400","136.8228","0.4231"
"164.2600","136.8393","0.4231"
"164.2800","136.8555","0.4231"
"164.3000","136.8720","0.4231"
"164.3200","136.8886","0.4230"
"164.3400","136.9049","0.4230"
"164.3600","136.9217","0.4230"
"164.3800","136.9386","0.4230"
"164.4000","136.9553","0.4230"
"164.4200","136.9722","0.4230"
"164.4400","136.9894","0.4231"
"164.4600","137.0059","0.4230"
"164.4800","137.0219","0.4230"
"164.5000","137.0381","0.4230"
"164.5200","137.0547","0.4230"
"164.5400","137.0719","0.4230"
"164.5600","137.0894","0.4231"
"164.5800","137.1062","0.4231"
"164.6000","137.1228","0.4231"
"164.6200","137.1396","0.4231"
"164.6400","137.1561","0.4231"
"164.6600","137.1725","0.4231"
"164.6800","137.1889","0.4231"
"164.7000","137.2054","0.4231"
"164.7200","137.2217","0.4231"
"164.7400","137.2382","0.4231"
"164.7600","137.2551","0.4231"
"164.7800","137.2723","0.4231"
"164.8000","137.2895","0.4231"
"164.8200","137.3063","0.4231"
"164.8400","137.3222","0.4231"
"164.8600","137.3382","0.4230"
"164.8800","137.3548","0.4231"
"164.9000","137.3720","0.4231"
"164.9200","137.3891","0.4231"
"164.9400","137.4061","0.4231"
"164.9600","137.4227","0.4232"
"164.9800","137.4394","0.4231"
"165.0000","137.4563","0.4232"
"165.0200","137.4727","0.4231"
"165.0400","137.4890","0.4231"
"165.0600","137.5053","0.4231"
"165.0800","137.5214","0.4231"
"165.1000","137.5378","0.4230"
"165.1200","137.5548","0.4231"
"165.1400","137.5721","0.4231"
"165.1600","137.5891","0.4231"
"165.1800","137.6059","0.4231"
"165.2000","137.6223","0.4231"
"165.2200","137.6385","0.4230"
"165.2400","137.6549","0.4230"
"165.2600","137.6718","0.4230"
"165.2800","137.6889","0.4230"
"165.3000","137.7059","0.4230"
"165.3200","137.7224","0.4230"
"165.3400","137.7386","0.4230"
"165.3600","137.7555","0.4230"
"165.3800","137.7728","0.4230"
"165.4000","137.7895","0.4230"
"165.4200","137.8056","0.4230"
"165.4400","137.8216","0.4229"
"165.4600","137.8378","0.4229"
"165.4800","137.8545","0.4229"
"165.5000","137.8718","0.4229"
"165.5200","137.8889","0.4230"
"165.5400","137.9057","0.4230"
"165.5600","137.9225","0.4230"
"165.5800","137.9388","0.4229"
"165.6000","137.9551","0.4229"
"165.6200","137.9719","0.4229"
"165.6400","137.9888","0.4230"
"165.6600","138.0057","0.4229"
"165.6800","138.0223","0.4229"
"165.7000","138.0389","0.4229"
"165.7200","138.0557","0.4229"
"165.7400","138.0730","0.4230"
"165.7600","138.0902","0.4230"
"165.7800","138.1064","0.4230"
"165.8000","138.1223","0.4229"
"165.8200","138.1384","0.4229"
"165.8400","138.1548","0.4229"
"165.8600","138.1720","0.4229"
"165.8800","138.1892","0.4229"
"165.9000","138.2058","0.4229"
"165.9200","138.2222","0.4228"
"165.9400","138.2388","0.4228"
"165.9600","138.2555","0.4228"
"165.9800","138.2722","0.4228"
"166.0000","138.2888","0.4228"
"166.0200","138.3052","0.4228"
"166.0400","138.3217","0.4228"
"166.0600","138.3385","0.4228"
"166.0800","138.3555","0.4228"
"166.1000","138.3728","0.4228"
"166.1200","138.3903","0.4228"
"166.1400","138.4067","0.4228"
"166.1600","138.4224","0.4227"
"166.1800","138.4382","0.4226"
"166.2000","138.4546","0.4226"
"166.2200","138.4716","0.4226"
"166.2400","138.4888","0.4226"
"166.2600","138.5054","0.4226"
"166.2800","138.5216","0.4226"
"166.3000","138.5383","0.4225"
"166.3200","138.5554","0.4226"
"166.3400","138.5721","0.4226"
"166.3600","138.5888","0.4226"
"166.3800","138.6053","0.4225"
"166.4000","138.6217","0.4225"
"166.4200","138.6383","0.4225"
"166.4400","138.6553","0.4225"
"166.4600","138.6725","0.4225"
"166.4800","138.6896","0.4225"
"166.5000","138.7065","0.4225"
"166.5200","138.7227","0.4225"
"166.5400","138.7384","0.4224"
"166.5600","138.7547","0.4224"
"166.5800","138.7715","0.4224"
"166.6000","138.7885","0.4224"
"166.6200","138.8055","0.4224"
"166.6400","138.8219","0.4224"
"166.6600","138.8383","0.4224"
"166.6800","138.8553","0.4224"
"166.7000","138.8726","0.4224"
"166.7200","138.8893","0.4224"
"166.7400","138.9057","0.4223"
"166.7600","138.9219","0.4223"
"166.7800","138.9382","0.4223"
"166.8000","138.9552","0.4223"
"166.8200","138.9726","0.4223"
"166.8400","138.9897","0.4223"
"166.8600","139.0067","0.4223"
"166.8800","139.0231","0.4223"
"166.9000","139.0390","0.4222"
"166.9200","139.0549","0.4222"
"166.9400","139.0717","0.4222"
"166.9600","139.0889","0.4222"
"166.9800","139.1057","0.4222"
"167.0000","139.1219","0.4222"
"167.0200","139.1382","0.4221"
"167.0400","139.1550","0.4221"
"167.0600","139.1722","0.4222"
"167.0800","139.1888","0.4222"
"167.1000","139.2052","0.4221"
"167.1200","139.2216","0.4221"
"167.1400","139.2382","0.4221"
"167.1600","139.2552","0.4221"
"167.1800","139.2724","0.4221"
"167.2000","139.2894","0.4221"
"167.2200","139.3062","0.4221"
"167.2400","139.3230","0.4222"
"167.2600","139.3393","0.4221"
"167.2800","139.3552","0.4221"
"167.3000","139.3717","0.4221"
"167.3200","139.3886","0.4221"
"167.3400","139.4051","0.4221"
"167.3600","139.4216","0.4220"
"167.3800","139.4382","0.4220"
"167.4000","139.4551","0.4220"
"167.4200","139.4722","0.4221"
"167.4400","139.4895","0.4221"
"167.4600","139.5060","0.4221"
"167.4800","139.5219","0.4220"
"167.5000","139.5381","0.4220"
"167.5200","139.5548","0.4220"
"167.5400","139.5721","0.4220"
"167.5600","139.5896","0.4221"
"167.5800","139.6063","0.4221"
"167.6000","139.6227","0.4220"
"167.6200","139.6393","0.4220"
"167.6400","139.6558","0.4220"
"167.6600","139.6723","0.4220"
"167.6800","139.6889","0.4220"
"167.7000","139.7056","0.4220"
"167.7200","139.7218","0.4220"
"167.7400","139.7382","0.4219"
"167.7600","139.7549","0.4220"
"167.7800","139.7719","0.4220"
"167.8000","139.7892","0.4220"
"167.8200","139.8063","0.4220"
"167.8400","139.8223","0.4220"
"167.8600","139.8382","0.4219"
"167.8800","139.8546","0.4219"
"167.9000","139.8719","0.4220"
"167.9200","139.8893","0.4220"
"167.9400","139.9063","0.4220"
"167.9600","139.9229","0.4220"
"167.9800","139.9396","0.4220"
"168.0000","139.9564","0.4220"
"168.0200","139.9728","0.4220"
"168.0400","139.9891","0.4220"
"168.0600","140.0054","0.4219"
"168.0800","140.0215","0.4219"
"168.1000","140.0379","0.4219"
"168.1200","140.0548","0.4219"
"168.1400","140.0720","0.4219"
"168.1600","140.0891","0.4219"
"168.1800","140.1060","0.4219"
"168.2000","140.1224","0.4219"
"168.2200","140.1384","0.4218"
"168.2400","140.1549","0.4218"
"168.2600","140.1720","0.4219"
"168.2800","140.1892","0.4219"
"168.3000","140.2062","0.4219"
"168.3200","140.2225","0.4219"
"168.3400","140.2386","0.4218"
"168.3600","140.2556","0.4219"
"168.3800","140.2730","0.4219"
"168.4000","140.2899","0.4219"
"168.4200","140.3061","0.4218"
"168.4400","140.3220","0.4218"
"168.4600","140.3381","0.4217"
"168.4800","140.3547","0.4217"
"168.5000","140.3718","0.4217"
"168.5200","140.3887","0.4217"
"168.5400","140.4055","0.4217"
"168.5600","140.4223","0.4217"
"168.5800","140.4387","0.4217"
"168.6000","140.4552","0.4217"
"168.6200","140.4720","0.4217"
"168.6400","140.4888","0.4217"
"168.6600","140.5055","0.4217"
"168.6800","140.5221","0.4216"
"168.7000","140.5388","0.4216"
"168.7200","140.5556","0.4216"
"168.7400","140.5730","0.4217"
"168.7600","140.5902","0.4217"
"168.7800","140.6063","0.4216"
"168.8000","140.6220","0.4215"
"168.8200","140.6380","0.4215"
"168.8400","140.6546","0.4215"
"168.8600","140.6718","0.4215"
"168.8800","140.6890","0.4215"
"168.9000","140.7056","0.4215"
"168.9200","140.7219","0.4215"
"168.9400","140.7385","0.4215"
"168.9600","140.7554","0.4214"
"168.9800","140.7724","0.4214"
"169.0000","140.7892","0.4214"
"169.0200","140.8055","0.4214"
"169.0400","140.8219","0.4214"
"169.0600","140.8386","0.4213"
"169.0800","140.8555","0.4213"
"169.1000","140.8728","0.4214"
"169.1200","140.8903","0.4214"
"169.1400","140.9068","0.4214"
"169.1600","140.9225","0.4213"
"169.1800","140.9382","0.4212"
"169.2000","140.9546","0.4212"
"169.2200","140.9717","0.4212"
"169.2400","140.9888","0.4212"
"169.2600","141.0056","0.4212"
"169.2800","141.0219","0.4212"
"169.3000","141.0386","0.4211"
"169.3200","141.0556","0.4211"
"169.3400","141.0724","0.4211"
"169.3600","141.0891","0.4211"
"169.3800","141.1057","0.4211"
"169.4000","141.1221","0.4211"
"169.4200","141.1387","0.4211"
"169.4400","141.1558","0.4211"
"169.4600","141.1731","0.4211"
"169.4800","141.1901","0.4211"
"169.5000","141.2066","0.4211"
"169.5200","141.2224","0.4210"
"169.5400","141.2383","0.4209"
"169.5600","141.2550","0.4209"
"169.5800","141.2720","0.4209"
"169.6000","141.2888","0.4209"
"169.6200","141.3054","0.4209"
"169.6400","141.3217","0.4209"
"169.6600","141.3382","0.4209"
"169.6800","141.3554","0.4209"
"169.7000","141.3727","0.4209"
"169.7200","141.3893","0.4209"
"169.7400","141.4056","0.4209"
"169.7600","141.4218","0.4209"
"169.7800","141.4383","0.4209"
"169.8000","141.4554","0.4209"
"169.8200","141.4728","0.4209"
"169.8400","141.4898","0.4209"
"169.8600","141.5066","0.4209"
"169.8800","141.5230","0.4209"
"169.9000","141.5390","0.4209"
"169.9200","141.5549","0.4208"
"169.9400","141.5715","0.4208"
"169.9600","141.5885","0.4209"
"169.9800","141.6055","0.4209"
"170.0000","141.6220","0.4209"
"170.0200","141.6380","0.4208"
"170.0400","141.6545","0.4208"
"170.0600","141.6720","0.4209"
"170.0800","141.6892","0.4209"
"170.1000","141.7056","0.4209"
"170.1200","141.7220","0.4209"
"170.1400","141.7383","0.4209"
"170.1600","141.7552","0.4210"
"170.1800","141.7724","0.4210"
"170.2000","141.7894","0.4210"
"170.2200","141.8060","0.4210"
"170.2400","141.8227","0.4210"
"170.2600","141.8396","0.4211"
"170.2800","141.8560","0.4211"
"170.3000","141.8723","0.4211"
"170.3200","141.8887","0.4211"
"170.3400","141.9050","0.4211"
"170.3600","141.9214","0.4211"
"170.3800","141.9381","0.4211"
"170.4000","141.9551","0.4211"
"170.4200","141.9723","0.4212"
"170.4400","141.9894","0.4212"
"170.4600","142.0057","0.4212"
"170.4800","142.0216","0.4212"
"170.5000","142.0381","0.4212"
"170.5200","142.0549","0.4212"
"170.5400","142.0719","0.4212"
"170.5600","142.0893","0.4213"
"170.5800","142.1062","0.4213"
"170.6000","142.1227","0.4213"
"170.6200","142.1396","0.4213"
"170.6400","142.1562","0.4213"
"170.6600","142.1725","0.4213"
"170.6800","142.1888","0.4213"
"170.7000","142.2052","0.4213"
"170.7200","142.2215","0.4213"
"170.7400","142.2381","0.4213"
"170.7600","142.2550","0.4213"
"170.7800","142.2719","0.4214"
"170.8000","142.2892","0.4214"
"170.8200","142.3061","0.4214"
"170.8400","142.3222","0.4214"
"170.8600","142.3384","0.4214"
"170.8800","142.3550","0.4214"
"170.9000","142.3722","0.4214"
"170.9200","142.3892","0.4214"
"170.9400","142.4060","0.4214"
"170.9600","142.4226","0.4214"
"170.9800","142.4394","0.4214"
"171.0000","142.4563","0.4214"
"171.0200","142.4727","0.4214"
"171.0400","142.4888","0.4214"
"171.0600","142.5052","0.4214"
"171.0800","142.5216","0.4213"
"171.1000","142.5381","0.4213"
"171.1200","142.5551","0.4214"
"171.1400","142.5721","0.4214"
"171.1600","142.5892","0.4214"
"171.1800","142.6061","0.4214"
"171.2000","142.6225","0.4214"
"171.2200","142.6385","0.4214"
"171.2400","142.6548","0.4213"
"171.2600","142.6717","0.4213"
"171.2800","142.6888","0.4214"
"171.3000","142.7058","0.4214"
"171.3200","142.7223","0.4214"
"171.3400","142.7386","0.4214"
"171.3600","142.7555","0.4214"
"171.3800","142.7729","0.4214"
"171.4000","142.7897","0.4214"
"171.4200","142.8056","0.4214"
"171.4400","142.8214","0.4214"
"171.4600","142.8376","0.4213"
"171.4800","142.8544","0.4214"
"171.5000","142.8717","0.4214"
"171.5200","142.8886","0.4214"
"171.5400","142.9054","0.4214"
"171.5600","142.9223","0.4214"
"171.5800","142.9387","0.4214"
"171.6000","142.9549","0.4214"
"171.6200","142.9718","0.4214"
"171.6400","142.9888","0.4214"
"171.6600","143.0056","0.4214"
"171.6800","143.0224","0.4214"
"171.7000","143.0391","0.4214"
"171.7200","143.0559","0.4214"
"171.7400","143.0732","0.4215"
"171.7600","143.0901","0.4214"
"171.7800","143.1061","0.4214"
"171.8000","143.1218","0.4213"
"171.8200","143.1380","0.4213"
"171.8400","143.1547","0.4213"
"171.8600","143.1719","0.4213"
"171.8800","143.1890","0.4214"
"171.9000","143.2057","0.4214"
"171.9200","143.2222","0.4213"
"171.9400","143.2389","0.4213"
"171.9600","143.2556","0.4213"
"171.9800","143.2723","0.4213"
"172.0000","143.2890","0.4213"
"172.0200","143.3053","0.4213"
"172.0400","143.3218","0.4213"
"172.0600","143.3388","0.4213"
"172.0800","143.3555","0.4213"
"172.1000","143.3726","0.4214"
"172.1200","143.3900","0.4214"
"172.1400","143.4067","0.4214"
"172.1600","143.4225","0.4213"
"172.1800","143.4382","0.4213"
"172.2000","143.4545","0.4213"
"172.2200","143.4715","0.4213"
"172.2400","143.4889","0.4214"
"172.2600","143.5055","0.4213"
"172.2800","143.5216","0.4213"
"172.3000","143.5383","0.4213"
"172.3200","143.5553","0.4213"
"172.3400","143.5722","0.4213"
"172.3600","143.5888","0.4213"
"172.3800","143.6055","0.4213"
"172.4000","143.6221","0.4213"
"172.4200","143.6386","0.4213"
"172.4400","143.6555","0.4213"
"172.4600","143.6728","0.4214"
"172.4800","143.6899","0.4214"
"172.5000","143.7067","0.4214"
"172.5200","143.7226","0.4213"
"172.5400","143.7383","0.4212"
"172.5600","143.7548","0.4212"
"172.5800","143.7718","0.4213"
"172.6000","143.7889","0.4213"
"172.6200","143.8059","0.4213"
"172.6400","143.8224","0.4213"
"172.6600","143.8386","0.4213"
"172.6800","143.8553","0.4213"
"172.7000","143.8726","0.4213"
"172.7200","143.8893","0.4213"
"172.7400","143.9056","0.4213"
"172.7600","143.9220","0.4213"
"172.7800","143.9385","0.4213"
"172.8000","143.9555","0.4213"
"172.8200","143.9728","0.4214"
"172.8400","143.9898","0.4214"
"172.8600","144.0065","0.4214"
"172.8800","144.0229","0.4214"
"172.9000","144.0389","0.4214"
"172.9200","144.0550","0.4213"
"172.9400","144.0718","0.4214"
"172.9600","144.0888","0.4214"
"172.9800","144.1054","0.4214"
"173.0000","144.1217","0.4214"
"173.0200","144.1378","0.4214"
"173.0400","144.1545","0.4214"
"173.0600","144.1721","0.4215"
"173.0800","144.1892","0.4215"
"173.1000","144.2055","0.4215"
"173.1200","144.2216","0.4215"
"173.1400","144.2380","0.4215"
"173.1600","144.2550","0.4215"
"173.1800","144.2723","0.4216"
"173.2000","144.2894","0.4216"
"173.2200","144.3062","0.4217"
"173.2400","144.3230","0.4217"
"173.2600","144.3396","0.4217"
"173.2800","144.3558","0.4217"
"173.3000","144.3724","0.4217"
"173.3200","144.3891","0.4217"
"173.3400","144.4054","0.4217"
"173.3600","144.4217","0.4217"
"173.3800","144.4381","0.4217"
"173.4000","144.4547","0.4217"
"173.4200","144.4720","0.4217"
"173.4400","144.4894","0.4218"
"173.4600","144.5060","0.4218"
"173.4800","144.5218","0.4218"
"173.5000","144.5381","0.4218"
"173.5200","144.5550","0.4218"
"173.5400","144.5723","0.4219"
"173.5600","144.5898","0.4219"
"173.5800","144.6063","0.4219"
"173.6000","144.6226","0.4219"
"173.6200","144.6393","0.4219"
"173.6400","144.6560","0.4219"
"173.6600","144.6725","0.4219"
"173.6800","144.6890","0.4219"
"173.7000","144.7052","0.4219"
"173.7200","144.7215","0.4219"
"173.7400","144.7380","0.4219"
"173.7600","144.7548","0.4219"
"173.7800","144.7718","0.4219"
"173.8000","144.7891","0.4220"
"173.8200","144.8061","0.4220"
"173.8400","144.8221","0.4220"
"173.8600","144.8380","0.4219"
"173.8800","144.8545","0.4219"
"173.9000","144.8717","0.4219"
"173.9200","144.8890","0.4220"
"173.9400","144.9061","0.4220"
"173.9600","144.9229","0.4220"
"173.9800","144.9395","0.4220"
"174.0000","144.9561","0.4220"
"174.0200","144.9728","0.4220"
"174.0400","144.9893","0.4220"
"174.0600","145.0057","0.4219"
"174.0800","145.0216","0.4219"
"174.1000","145.0377","0.4219"
"174.1200","145.0547","0.4219"
"174.1400","145.0720","0.4219"
"174.1600","145.0892","0.4220"
"174.1800","145.1060","0.4220"
"174.2000","145.1224","0.4219"
"174.2200","145.1384","0.4219"
"174.2400","145.1549","0.4219"
"174.2600","145.1720","0.4219"
"174.2800","145.1890","0.4219"
"174.3000","145.2060","0.4219"
"174.3200","145.2226","0.4219"
"174.3400","145.2389","0.4219"
"174.3600","145.2559","0.4219"
"174.3800","145.2733","0.4220"
"174.4000","145.2899","0.4219"
"174.4200","145.3058","0.4219"
"174.4400","145.3217","0.4218"
"174.4600","145.3379","0.4218"
"174.4800","145.3547","0.4218"
"174.5000","145.3719","0.4218"
"174.5200","145.3888","0.4218"
"174.5400","145.4055","0.4218"
"174.5600","145.4223","0.4218"
"174.5800","145.4388","0.4218"
"174.6000","145.4552","0.4218"
"174.6200","145.4720","0.4218"
"174.6400","145.4889","0.4218"
"174.6600","145.5056","0.4218"
"174.6800","145.5222","0.4218"
"174.7000","145.5387","0.4217"
"174.7200","145.5556","0.4217"
"174.7400","145.5731","0.4218"
"174.7600","145.5903","0.4218"
"174.7800","145.6062","0.4218"
"174.8000","145.6217","0.4217"
"174.8200","145.6379","0.4216"
"174.8400","145.6546","0.4216"
"174.8600","145.6718","0.4216"
"174.8800","145.6890","0.4217"
"174.9000","145.7057","0.4216"
"174.9200","145.7219","0.4216"
"174.9400","145.7383","0.4216"
"174.9600","145.7550","0.4216"
"174.9800","145.7719","0.4216"
"175.0000","145.7890","0.4216"
"175.0200","145.8055","0.4216"
"175.0400","145.8220","0.4216"
"175.0600","145.8387","0.4216"
"175.0800","145.8555","0.4216"
"175.1000","145.8727","0.4216"
"175.1200","145.8900","0.4217"
"175.1400","145.9066","0.4216"
"175.1600","145.9225","0.4216"
"175.1800","145.9384","0.4215"
"175.2000","145.9546","0.4215"
"175.2200","145.9713","0.4215"
"175.2400","145.9886","0.4215"
"175.2600","146.0055","0.4216"
"175.2800","146.0219","0.4215"
"175.3000","146.0386","0.4215"
"175.3200","146.0555","0.4215"
"175.3400","146.0723","0.4215"
"175.3600","146.0890","0.4215"
"175.3800","146.1057","0.4215"
"175.4000","146.1222","0.4215"
"175.4200","146.1388","0.4215"
"175.4400","146.1557","0.4215"
"175.4600","146.1727","0.4215"
"175.4800","146.1898","0.4215"
"175.5000","146.2068","0.4215"
"175.5200","146.2228","0.4215"
"175.5400","146.2386","0.4214"
"175.5600","146.2549","0.4214"
"175.5800","146.2717","0.4214"
"175.6000","146.2886","0.4214"
"175.6200","146.3053","0.4214"
"175.6400","146.3215","0.4214"
"175.6600","146.3380","0.4214"
"175.6800","146.3555","0.4214"
"175.7000","146.3731","0.4215"
"175.7200","146.3895","0.4214"
"175.7400","146.4054","0.4214"
"175.7600","146.4216","0.4214"
"175.7800","146.4383","0.4214"
"175.8000","146.4554","0.4214"
"175.8200","146.4728","0.4214"
"175.8400","146.4897","0.4214"
"175.8600","146.5065","0.4214"
"175.8800","146.5230","0.4214"
"175.9000","146.5391","0.4214"
"175.9200","146.5553","0.4213"
"175.9400","146.5718","0.4213"
"175.9600","146.5887","0.4214"
"175.9800","146.6055","0.4214"
"176.0000","146.6219","0.4214"
"176.0200","146.6380","0.4214"
"176.0400","146.6545","0.4214"
"176.0600","146.6721","0.4214"
"176.0800","146.6891","0.4215"
"176.1000","146.7054","0.4214"
"176.1200","146.7217","0.4214"
"176.1400","146.7382","0.4214"
"176.1600","146.7552","0.4215"
"176.1800","146.7726","0.4215"
"176.2000","146.7895","0.4215"
"176.2200","146.8060","0.4215"
"176.2400","146.8228","0.4216"
"176.2600","146.8394","0.4216"
"176.2800","146.8555","0.4216"
"176.3000","146.8719","0.4216"
"176.3200","146.8885","0.4216"
"176.3400","146.9048","0.4216"
"176.3600","146.9213","0.4216"
"176.3800","146.9379","0.4216"
"176.4000","146.9548","0.4217"
"176.4200","146.9721","0.4217"
"176.4400","146.9893","0.4218"
"176.4600","147.0058","0.4218"
"176.4800","147.0220","0.4218"
"176.5000","147.0385","0.4218"
"176.5200","147.0550","0.4218"
"176.5400","147.0721","0.4218"
"176.5600","147.0894","0.4219"
"176.5800","147.1061","0.4219"
"176.6000","147.1227","0.4219"
"176.6200","147.1396","0.4219"
"176.6400","147.1563","0.4220"
"176.6600","147.1727","0.4220"
"176.6800","147.1890","0.4220"
"176.7000","147.2054","0.4220"
"176.7200","147.2217","0.4220"
"176.7400","147.2382","0.4220"
"176.7600","147.2552","0.4220"
"176.7800","147.2722","0.4221"
"176.8000","147.2893","0.4221"
"176.8200","147.3061","0.4222"
"176.8400","147.3222","0.4221"
"176.8600","147.3383","0.4221"
"176.8800","147.3549","0.4221"
"176.9000","147.3721","0.4221"
"176.9200","147.3893","0.4222"
"176.9400","147.4060","0.4222"
"176.9600","147.4225","0.4222"
"176.9800","147.4393","0.4222"
"177.0000","147.4563","0.4223"
"177.0200","147.4727","0.4223"
"177.0400","147.4888","0.4222"
"177.0600","147.5052","0.4222"
"177.0800","147.5213","0.4222"
"177.1000","147.5377","0.4222"
"177.1200","147.5547","0.4222"
"177.1400","147.5719","0.4223"
"177.1600","147.5891","0.4223"
"177.1800","147.6060","0.4224"
"177.2000","147.6224","0.4224"
"177.2200","147.6384","0.4223"
"177.2400","147.6549","0.4223"
"177.2600","147.6720","0.4224"
"177.2800","147.6890","0.4224"
"177.3000","147.7060","0.4224"
"177.3200","147.7225","0.4224"
"177.3400","147.7389","0.4224"
"177.3600","147.7558","0.4224"
"177.3800","147.7729","0.4225"
"177.4000","147.7896","0.4225"
"177.4200","147.8059","0.4225"
"177.4400","147.8220","0.4224"
"177.4600","147.8378","0.4224"
"177.4800","147.8542","0.4224"
"177.5000","147.8715","0.4224"
"177.5200","147.8887","0.4225"
"177.5400","147.9056","0.4225"
"177.5600","147.9223","0.4225"
"177.5800","147.9386","0.4225"
"177.6000","147.9550","0.4225"
"177.6200","147.9718","0.4225"
"177.6400","147.9888","0.4225"
"177.6600","148.0056","0.4225"
"177.6800","148.0223","0.4226"
"177.7000","148.0389","0.4226"
"177.7200","148.0558","0.4226"
"177.7400","148.0732","0.4226"
"177.7600","148.0902","0.4227"
"177.7800","148.1063","0.4226"
"177.8000","148.1222","0.4226"
"177.8200","148.1381","0.4226"
"177.8400","148.1545","0.4226"
"177.8600","148.1717","0.4226"
"177.8800","148.1889","0.4227"
"177.9000","148.2056","0.4227"
"177.9200","148.2219","0.4227"
"177.9400","148.2385","0.4227"
"177.9600","148.2553","0.4227"
"177.9800","148.2722","0.4227"
"178.0000","148.2890","0.4227"
"178.0200","148.3054","0.4228"
"178.0400","148.3220","0.4227"
"178.0600","148.3389","0.4228"
"178.0800","148.3557","0.4228"
"178.1000","148.3728","0.4228"
"178.1200","148.3902","0.4229"
"178.1400","148.4068","0.4229"
"178.1600","148.4225","0.4228"
"178.1800","148.4383","0.4228"
"178.2000","148.4546","0.4228"
"178.2200","148.4716","0.4228"
"178.2400","148.4888","0.4229"
"178.2600","148.5056","0.4229"
"178.2800","148.5220","0.4229"
"178.3000","148.5388","0.4229"
"178.3200","148.5557","0.4229"
"178.3400","148.5723","0.4229"
"178.3600","148.5890","0.4229"
"178.3800","148.6054","0.4229"
"178.4000","148.6219","0.4229"
"178.4200","148.6386","0.4229"
"178.4400","148.6557","0.4230"
"178.4600","148.6727","0.4230"
"178.4800","148.6897","0.4230"
"178.5000","148.7066","0.4231"
"178.5200","148.7227","0.4231"
"178.5400","148.7385","0.4230"
"178.5600","148.7548","0.4230"
"178.5800","148.7716","0.4230"
"178.6000","148.7885","0.4231"
"178.6200","148.8055","0.4231"
"178.6400","148.8220","0.4231"
"178.6600","148.8384","0.4231"
"178.6800","148.8553","0.4231"
"178.7000","148.8726","0.4231"
"178.7200","148.8894","0.4232"
"178.7400","148.9057","0.4232"
"178.7600","148.9220","0.4232"
"178.7800","148.9384","0.4232"
"178.8000","148.9554","0.4232"
"178.8200","148.9728","0.4232"
"178.8400","148.9899","0.4233"
"178.8600","149.0068","0.4233"
"178.8800","149.0231","0.4233"
"178.9000","149.0390","0.4232"
"178.9200","149.0551","0.4232"
"178.9400","149.0717","0.4232"
"178.9600","149.0886","0.4233"
"178.9800","149.1055","0.4233"
"179.0000","149.1221","0.4233"
"179.0200","149.1381","0.4233"
"179.0400","149.1547","0.4233"
"179.0600","149.1722","0.4233"
"179.0800","149.1893","0.4234"
"179.1000","149.2056","0.4234"
"179.1200","149.2217","0.4234"
"179.1400","149.2382","0.4233"
"179.1600","149.2553","0.4234"
"179.1800","149.2727","0.4235"
"179.2000","149.2895","0.4235"
"179.2200","149.3059","0.4235"
"179.2400","149.3227","0.4235"
"179.2600","149.3394","0.4235"
"179.2800","149.3557","0.4236"
"179.3000","149.3722","0.4236"
"179.3200","149.3887","0.4236"
"179.3400","149.4050","0.4236"
"179.3600","149.4214","0.4236"
"179.3800","149.4380","0.4236"
"179.4000","149.4549","0.4237"
"179.4200","149.4721","0.4237"
"179.4400","149.4894","0.4238"
"179.4600","149.5059","0.4238"
"179.4800","149.5217","0.4238"
"179.5000","149.5379","0.4238"
"179.5200","149.5547","0.4238"
"179.5400","149.5720","0.4239"
"179.5600","149.5894","0.4240"
"179.5800","149.6062","0.4240"
"179.6000","149.6226","0.4240"
"179.6200","149.6395","0.4240"
"179.6400","149.6562","0.4240"
"179.6600","149.6727","0.4241"
"179.6800","149.6890","0.4241"
"179.7000","149.7053","0.4241"
"179.7200","149.7214","0.4241"
"179.7400","149.7377","0.4241"
"179.7600","149.7548","0.4242"
"179.7800","149.7723","0.4242"
"179.8000","149.7897","0.4243"
"179.8200","149.8063","0.4243"
"179.8400","149.8221","0.4243"
"179.8600","149.8383","0.4243"
"179.8800","149.8551","0.4243"
"179.9000","149.8723","0.4244"
"179.9200","149.8894","0.4244"
"179.9400","149.9060","0.4244"
"179.9600","149.9223","0.4244"
"179.9800","149.9391","0.4245"
"180.0000","149.9564","0.4245"
"180.0200","149.9732","0.4245"
"180.0400","149.9892","0.4245"
"180.0600","150.0053","0.4245"
"180.0800","150.0214","0.4245"
"180.1000","150.0378","0.4245"
"180.1200","150.0548","0.4246"
"180.1400","150.0719","0.4247"
"180.1600","150.0891","0.4247"
"180.1800","150.1060","0.4247"
"180.2000","150.1223","0.4247"
"180.2200","150.1382","0.4247"
"180.2400","150.1546","0.4247"
"180.2600","150.1718","0.4248"
"180.2800","150.1890","0.4248"
"180.3000","150.2059","0.4248"
"180.3200","150.2224","0.4249"
"180.3400","150.2389","0.4249"
"180.3600","150.2560","0.4249"
"180.3800","150.2733","0.4250"
"180.4000","150.2899","0.4250"
"180.4200","150.3057","0.4249"
"180.4400","150.3215","0.4249"
"180.4600","150.3377","0.4249"
"180.4800","150.3545","0.4249"
"180.5000","150.3717","0.4249"
"180.5200","150.3888","0.4250"
"180.5400","150.4055","0.4250"
"180.5600","150.4223","0.4250"
"180.5800","150.4388","0.4250"
"180.6000","150.4553","0.4250"
"180.6200","150.4723","0.4250"
"180.6400","150.4892","0.4250"
"180.6600","150.5058","0.4250"
"180.6800","150.5221","0.4250"
"180.7000","150.5387","0.4250"
"180.7200","150.5556","0.4250"
"180.7400","150.5730","0.4251"
"180.7600","150.5901","0.4251"
"180.7800","150.6062","0.4250"
"180.8000","150.6221","0.4250"
"180.8200","150.6384","0.4249"
"180.8400","150.6549","0.4249"
"180.8600","150.6718","0.4249"
"180.8800","150.6888","0.4250"
"180.9000","150.7056","0.4250"
"180.9200","150.7218","0.4250"
"180.9400","150.7381","0.4249"
"180.9600","150.7549","0.4249"
"180.9800","150.7721","0.4250"
"181.0000","150.7892","0.4250"
"181.0200","150.8057","0.4250"
"181.0400","150.8219","0.4250"
"181.0600","150.8385","0.4249"
"181.0800","150.8553","0.4250"
"181.1000","150.8725","0.4250"
"181.1200","150.8900","0.4250"
"181.1400","150.9067","0.4250"
"181.1600","150.9224","0.4249"
"181.1800","150.9381","0.4249"
"181.2000","150.9546","0.4249"
"181.2200","150.9716","0.4249"
"181.2400","150.9886","0.4249"
"181.2600","151.0054","0.4249"
"181.2800","151.0219","0.4249"
"181.3000","151.0385","0.4249"
"181.3200","151.0553","0.4249"
"181.3400","151.0721","0.4249"
"181.3600","151.0887","0.4249"
"181.3800","151.1053","0.4250"
"181.4000","151.1220","0.4249"
"181.4200","151.1388","0.4250"
"181.4400","151.1558","0.4250"
"181.4600","151.1727","0.4250"
"181.4800","151.1897","0.4250"
"181.5000","151.2067","0.4250"
"181.5200","151.2227","0.4250"
"181.5400","151.2384","0.4249"
"181.5600","151.2548","0.4249"
"181.5800","151.2717","0.4249"
"181.6000","151.2887","0.4249"
"181.6200","151.3055","0.4250"
"181.6400","151.3218","0.4249"
"181.6600","151.3382","0.4249"
"181.6800","151.3552","0.4250"
"181.7000","151.3724","0.4250"
"181.7200","151.3890","0.4250"
"181.7400","151.4054","0.4250"
"181.7600","151.4221","0.4250"
"181.7800","151.4388","0.4250"
"181.8000","151.4557","0.4250"
"181.8200","151.4728","0.4250"
"181.8400","151.4896","0.4251"
"181.8600","151.5063","0.4251"
"181.8800","151.5228","0.4251"
"181.9000","151.5388","0.4250"
"181.9200","151.5549","0.4250"
"181.9400","151.5716","0.4250"
"181.9600","151.5885","0.4250"
"181.9800","151.6053","0.4250"
"182.0000","151.6218","0.4250"
"182.0200","151.6380","0.4250"
"182.0400","151.6547","0.4250"
"182.0600","151.6721","0.4251"
"182.0800","151.6892","0.4251"
"182.1000","151.7056","0.4251"
"182.1200","151.7219","0.4251"
"182.1400","151.7383","0.4250"
"182.1600","151.7552","0.4250"
"182.1800","151.7726","0.4251"
"182.2000","151.7896","0.4251"
"182.2200","151.8062","0.4251"
"182.2400","151.8229","0.4251"
"182.2600","151.8395","0.4251"
"182.2800","151.8556","0.4250"
"182.3000","151.8720","0.4250"
"182.3200","151.8886","0.4250"
"182.3400","151.9050","0.4250"
"182.3600","151.9214","0.4250"
"182.3800","151.9382","0.4250"
"182.4000","151.9550","0.4250"
"182.4200","151.9723","0.4250"
"182.4400","151.9895","0.4251"
"182.4600","152.0059","0.4250"
"182.4800","152.0217","0.4250"
"182.5000","152.0380","0.4249"
"182.5200","152.0549","0.4250"
"182.5400","152.0721","0.4250"
"182.5600","152.0894","0.4250"
"182.5800","152.1060","0.4250"
"182.6000","152.1225","0.4250"
"182.6200","152.1395","0.4250"
"182.6400","152.1563","0.4250"
"182.6600","152.1725","0.4250"
"182.6800","152.1886","0.4250"
"182.7000","152.2050","0.4250"
"182.7200","152.2216","0.4250"
"182.7400","152.2382","0.4250"
"182.7600","152.2551","0.4250"
"182.7800","152.2719","0.4250"
"182.8000","152.2891","0.4250"
"182.8200","152.3060","0.4250"
"182.8400","152.3222","0.4250"
"182.8600","152.3384","0.4250"
"182.8800","152.3550","0.4250"
"182.9000","152.3721","0.4250"
"182.9200","152.3893","0.4251"
"182.9400","152.4061","0.4251"
"182.9600","152.4226","0.4250"
"182.9800","152.4391","0.4250"
"183.0000","152.4563","0.4251"
"183.0200","152.4731","0.4251"
"183.0400","152.4894","0.4251"
"183.0600","152.5056","0.4250"
"183.0800","152.5217","0.4250"
"183.1000","152.5380","0.4250"
"183.1200","152.5548","0.4250"
"183.1400","152.5719","0.4250"
"183.1600","152.5891","0.4251"
"183.1800","152.6060","0.4251"
"183.2000","152.6224","0.4250"
"183.2200","152.6384","0.4250"
"183.2400","152.6551","0.4250"
"183.2600","152.6724","0.4250"
"183.2800","152.6894","0.4250"
"183.3000","152.7061","0.4250"
"183.3200","152.7226","0.4250"
"183.3400","152.7389","0.4250"
"183.3600","152.7559","0.4250"
"183.3800","152.7730","0.4251"
"183.4000","152.7896","0.4250"
"183.4200","152.8058","0.4250"
"183.4400","152.8218","0.4250"
"183.4600","152.8378","0.4249"
"183.4800","152.8544","0.4249"
"183.5000","152.8717","0.4250"
"183.5200","152.8888","0.4250"
"183.5400","152.9054","0.4250"
"183.5600","152.9221","0.4250"
"183.5800","152.9385","0.4250"
"183.6000","152.9550","0.4250"
"183.6200","152.9720","0.4250"
"183.6400","152.9888","0.4250"
"183.6600","153.0054","0.4250"
"183.6800","153.0218","0.4250"
"183.7000","153.0384","0.4250"
"183.7200","153.0555","0.4251"
"183.7400","153.0730","0.4251"
"183.7600","153.0902","0.4252"
"183.7800","153.1062","0.4251"
"183.8000","153.1219","0.4251"
"183.8200","153.1381","0.4250"
"183.8400","153.1547","0.4250"
"183.8600","153.1718","0.4251"
"183.8800","153.1888","0.4251"
"183.9000","153.2053","0.4251"
"183.9200","153.2220","0.4251"
"183.9400","153.2389","0.4251"
"183.9600","153.2557","0.4252"
"183.9800","153.2723","0.4252"
"184.0000","153.2891","0.4252"
"184.0200","153.3056","0.4252"
"184.0400","153.3220","0.4252"
"184.0600","153.3387","0.4252"
"184.0800","153.3555","0.4252"
"184.1000","153.3728","0.4253"
"184.1200","153.3901","0.4253"
"184.1400","153.4068","0.4253"
"184.1600","153.4228","0.4253"
"184.1800","153.4387","0.4252"
"184.2000","153.4548","0.4252"
"184.2200","153.4716","0.4252"
"184.2400","153.4888","0.4253"
"184.2600","153.5057","0.4253"
"184.2800","153.5220","0.4253"
"184.3000","153.5386","0.4253"
"184.3200","153.5556","0.4253"
"184.3400","153.5724","0.4253"
"184.3600","153.5892","0.4254"
"184.3800","153.6057","0.4253"
"184.4000","153.6219","0.4253"
"184.4200","153.6384","0.4253"
"184.4400","153.6556","0.4253"
"184.4600","153.6728","0.4254"
"184.4800","153.6897","0.4254"
"184.5000","153.7065","0.4254"
"184.5200","153.7226","0.4254"
"184.5400","153.7385","0.4253"
"184.5600","153.7548","0.4253"
"184.5800","153.7714","0.4253"
"184.6000","153.7883","0.4253"
"184.6200","153.8054","0.4254"
"184.6400","153.8221","0.4253"
"184.6600","153.8385","0.4253"
"184.6800","153.8553","0.4253"
"184.7000","153.8724","0.4253"
"184.7200","153.8890","0.4253"
"184.7400","153.9054","0.4253"
"184.7600","153.9217","0.4253"
"184.7800","153.9382","0.4253"
"184.8000","153.9551","0.4253"
"184.8200","153.9725","0.4253"
"184.8400","153.9896","0.4253"
"184.8600","154.0064","0.4253"
"184.8800","154.0229","0.4253"
"184.9000","154.0390","0.4253"
"184.9200","154.0551","0.4252"
"184.9400","154.0716","0.4252"
"184.9600","154.0884","0.4252"
"184.9800","154.1053","0.4252"
"185.0000","154.1219","0.4252"
"185.0200","154.1383","0.4252"
"185.0400","154.1548","0.4251"
"185.0600","154.1722","0.4252"
"185.0800","154.1892","0.4252"
"185.1000","154.2055","0.4252"
"185.1200","154.2217","0.4251"
"185.1400","154.2380","0.4251"
"185.1600","154.2551","0.4251"
"185.1800","154.2726","0.4251"
"185.2000","154.2896","0.4251"
"185.2200","154.3062","0.4251"
"185.2400","154.3230","0.4251"
"185.2600","154.3395","0.4251"
"185.2800","154.3555","0.4251"
"185.3000","154.3718","0.4251"
"185.3200","154.3885","0.4251"
"185.3400","154.4054","0.4251"
"185.3600","154.4221","0.4250"
"185.3800","154.4385","0.4250"
"185.4000","154.4550","0.4250"
"185.4200","154.4720","0.4251"
"185.4400","154.4894","0.4251"
"185.4600","154.5060","0.4251"
"185.4800","154.5218","0.4250"
"185.5000","154.5379","0.4250"
"185.5200","154.5546","0.4250"
"185.5400","154.5719","0.4251"
"185.5600","154.5894","0.4251"
"185.5800","154.6061","0.4251"
"185.6000","154.6225","0.4251"
"185.6200","154.6393","0.4251"
"185.6400","154.6560","0.4251"
"185.6600","154.6724","0.4251"
"185.6800","154.6888","0.4251"
"185.7000","154.7052","0.4251"
"185.7200","154.7215","0.4250"
"185.7400","154.7381","0.4250"
"185.7600","154.7550","0.4250"
"185.7800","154.7719","0.4251"
"185.8000","154.7890","0.4251"
"185.8200","154.8058","0.4251"
"185.8400","154.8219","0.4251"
"185.8600","154.8381","0.4251"
"185.8800","154.8549","0.4251"
"185.9000","154.8721","0.4251"
"185.9200","154.8893","0.4252"
"185.9400","154.9059","0.4252"
"185.9600","154.9223","0.4252"
"185.9800","154.9390","0.4252"
"186.0000","154.9563","0.4253"
"186.0200","154.9729","0.4253"
"186.0400","154.9890","0.4252"
"186.0600","155.0051","0.4252"
"186.0800","155.0212","0.4252"
"186.1000","155.0377","0.4252"
"186.1200","155.0546","0.4252"
"186.1400","155.0716","0.4253"
"186.1600","155.0888","0.4253"
"186.1800","155.1060","0.4254"
"186.2000","155.1226","0.4254"
"186.2200","155.1385","0.4253"
"186.2400","155.1548","0.4253"
"186.2600","155.1718","0.4254"
"186.2800","155.1890","0.4254"
"186.3000","155.2059","0.4254"
"186.3200","155.2225","0.4255"
"186.3400","155.2391","0.4255"
"186.3600","155.2561","0.4255"
"186.3800","155.2732","0.4255"
"186.4000","155.2897","0.4255"
"186.4200","155.3058","0.4255"
"186.4400","155.3217","0.4254"
"186.4600","155.3379","0.4254"
"186.4800","155.3544","0.4254"
"186.5000","155.3716","0.4255"
"186.5200","155.3887","0.4255"
"186.5400","155.4057","0.4255"
"186.5600","155.4225","0.4255"
"186.5800","155.4388","0.4255"
"186.6000","155.4551","0.4255"
"186.6200","155.4721","0.4255"
"186.6400","155.4890","0.4255"
"186.6600","155.5058","0.4255"
"186.6800","155.5224","0.4255"
"186.7000","155.5389","0.4255"
"186.7200","155.5558","0.4255"
"186.7400","155.5731","0.4255"
"186.7600","155.5902","0.4256"
"186.7800","155.6061","0.4255"
"186.8000","155.6219","0.4254"
"186.8200","155.6380","0.4254"
"186.8400","155.6546","0.4254"
"186.8600","155.6719","0.4255"
"186.8800","155.6891","0.4255"
"186.9000","155.7056","0.4254"
"186.9200","155.7220","0.4254"
"186.9400","155.7385","0.4254"
"186.9600","155.7552","0.4254"
"186.9800","155.7722","0.4254"
"187.0000","155.7893","0.4254"
"187.0200","155.8057","0.4254"
"187.0400","155.8219","0.4253"
"187.0600","155.8387","0.4253"
"187.0800","155.8557","0.4253"
"187.1000","155.8729","0.4253"
"187.1200","155.8900","0.4254"
"187.1400","155.9064","0.4253"
"187.1600","155.9223","0.4253"
"187.1800","155.9382","0.4252"
"187.2000","155.9547","0.4252"
"187.2200","155.9714","0.4252"
"187.2400","155.9884","0.4252"
"187.2600","156.0053","0.4252"
"187.2800","156.0217","0.4252"
"187.3000","156.0384","0.4252"
"187.3200","156.0554","0.4252"
"187.3400","156.0721","0.4252"
"187.3600","156.0889","0.4252"
"187.3800","156.1055","0.4252"
"187.4000","156.1220","0.4252"
"187.4200","156.1387","0.4251"
"187.4400","156.1558","0.4252"
"187.4600","156.1729","0.4252"
"187.4800","156.1899","0.4252"
"187.5000","156.2068","0.4252"
"187.5200","156.2229","0.4252"
"187.5400","156.2387","0.4251"
"187.5600","156.2552","0.4251"
"187.5800","156.2717","0.4251"
"187.6000","156.2885","0.4251"
"187.6200","156.3053","0.4251"
"187.6400","156.3219","0.4251"
"187.6600","156.3385","0.4251"
"187.6800","156.3555","0.4251"
"187.7000","156.3726","0.4251"
"187.7200","156.3892","0.4251"
"187.7400","156.4055","0.4251"
"187.7600","156.4220","0.4251"
"187.7800","156.4385","0.4251"
"187.8000","156.4556","0.4251"
"187.8200","156.4729","0.4251"
"187.8400","156.4897","0.4251"
"187.8600","156.5063","0.4251"
"187.8800","156.5229","0.4251"
"187.9000","156.5393","0.4251"
"187.9200","156.5555","0.4251"
"187.9400","156.5719","0.4250"
"187.9600","156.5884","0.4250"
"187.9800","156.6050","0.4250"
"188.0000","156.6218","0.4250"
"188.0200","156.6381","0.4250"
"188.0400","156.6547","0.4250"
"188.0600","156.6721","0.4250"
"188.0800","156.6892","0.4251"
"188.1000","156.7056","0.4250"
"188.1200","156.7217","0.4250"
"188.1400","156.7380","0.4249"
"188.1600","156.7551","0.4250"
"188.1800","156.7726","0.4250"
"188.2000","156.7896","0.4250"
"188.2200","156.8061","0.4250"
"188.2400","156.8228","0.4250"
"188.2600","156.8394","0.4250"
"188.2800","156.8556","0.4249"
"188.3000","156.8720","0.4249"
"188.3200","156.8886","0.4249"
"188.3400","156.9051","0.4249"
"188.3600","156.9217","0.4249"
"188.3800","156.9384","0.4248"
"188.4000","156.9550","0.4248"
"188.4200","156.9722","0.4249"
"188.4400","156.9895","0.4249"
"188.4600","157.0059","0.4249"
"188.4800","157.0217","0.4248"
"188.5000","157.0380","0.4248"
"188.5200","157.0549","0.4248"
"188.5400","157.0723","0.4248"
"188.5600","157.0896","0.4249"
"188.5800","157.1062","0.4248"
"188.6000","157.1226","0.4248"
"188.6200","157.1396","0.4248"
"188.6400","157.1562","0.4248"
"188.6600","157.1726","0.4248"
"188.6800","157.1889","0.4248"
"188.7000","157.2053","0.4248"
"188.7200","157.2216","0.4248"
"188.7400","157.2381","0.4248"
"188.7600","157.2549","0.4248"
"188.7800","157.2719","0.4248"
"188.8000","157.2892","0.4248"
"188.8200","157.3062","0.4248"
"188.8400","157.3225","0.4248"
"188.8600","157.3387","0.4247"
"188.8800","157.3551","0.4247"
"188.9000","157.3721","0.4247"
"188.9200","157.3894","0.4248"
"188.9400","157.4062","0.4248"
"188.9600","157.4225","0.4248"
"188.9800","157.4392","0.4248"
"189.0000","157.4565","0.4248"
"189.0200","157.4733","0.4248"
"189.0400","157.4893","0.4247"
"189.0600","157.5054","0.4247"
"189.0800","157.5214","0.4247"
"189.1000","157.5378","0.4246"
"189.1200","157.5547","0.4247"
"189.1400","157.5719","0.4247"
"189.1600","157.5892","0.4247"
"189.1800","157.6062","0.4247"
"189.2000","157.6226","0.4247"
"189.2200","157.6383","0.4246"
"189.2400","157.6546","0.4246"
"189.2600","157.6718","0.4246"
"189.2800","157.6890","0.4246"
"189.3000","157.7058","0.4246"
"189.3200","157.7224","0.4246"
"189.3400","157.7388","0.4246"
"189.3600","157.7559","0.4246"
"189.3800","157.7732","0.4246"
"189.4000","157.7898","0.4246"
"189.4200","157.8059","0.4245"
"189.4400","157.8218","0.4244"
"189.4600","157.8379","0.4244"
"189.4800","157.8544","0.4244"
"189.5000","157.8715","0.4244"
"189.5200","157.8885","0.4244"
"189.5400","157.9054","0.4244"
"189.5600","157.9223","0.4244"
"189.5800","157.9386","0.4244"
"189.6000","157.9548","0.4243"
"189.6200","157.9717","0.4243"
"189.6400","157.9889","0.4243"
"189.6600","158.0058","0.4244"
"189.6800","158.0223","0.4243"
"189.7000","158.0389","0.4243"
"189.7200","158.0558","0.4243"
"189.7400","158.0731","0.4243"
"189.7600","158.0901","0.4243"
"189.7800","158.1061","0.4242"
"189.8000","158.1220","0.4242"
"189.8200","158.1382","0.4242"
"189.8400","158.1547","0.4241"
"189.8600","158.1719","0.4242"
"189.8800","158.1890","0.4242"
"189.9000","158.2056","0.4242"
"189.9200","158.2220","0.4241"
"189.9400","158.2386","0.4241"
"189.9600","158.2551","0.4241"
"189.9800","158.2718","0.4241"
"190.0000","158.2889","0.4241"
"190.0200","158.3058","0.4241"
"190.0400","158.3221","0.4241"
"190.0600","158.3386","0.4241"
"190.0800","158.3553","0.4241"
"190.1000","158.3726","0.4241"
"190.1200","158.3900","0.4242"
"190.1400","158.4066","0.4241"
"190.1600","158.4226","0.4241"
"190.1800","158.4386","0.4240"
"190.2000","158.4549","0.4240"
"190.2200","158.4715","0.4240"
"190.2400","158.4884","0.4240"
"190.2600","158.5054","0.4240"
"190.2800","158.5218","0.4240"
"190.3000","158.5385","0.4240"
"190.3200","158.5555","0.4240"
"190.3400","158.5723","0.4240"
"190.3600","158.5890","0.4240"
"190.3800","158.6056","0.4240"
"190.4000","158.6220","0.4240"
"190.4200","158.6385","0.4240"
"190.4400","158.6553","0.4240"
"190.4600","158.6723","0.4240"
"190.4800","158.6896","0.4240"
"190.5000","158.7068","0.4240"
"190.5200","158.7230","0.4240"
"190.5400","158.7386","0.4240"
"190.5600","158.7550","0.4239"
"190.5800","158.7718","0.4240"
"190.6000","158.7887","0.4240"
"190.6200","158.8055","0.4240"
"190.6400","158.8219","0.4240"
"190.6600","158.8383","0.4239"
"190.6800","158.8553","0.4240"
"190.7000","158.8725","0.4240"
"190.7200","158.8892","0.4240"
"190.7400","158.9055","0.4240"
"190.7600","158.9219","0.4240"
"190.7800","158.9384","0.4240"
"190.8000","158.9553","0.4240"
"190.8200","158.9724","0.4240"
"190.8400","158.9895","0.4241"
"190.8600","159.0065","0.4241"
"190.8800","159.0231","0.4241"
"190.9000","159.0391","0.4240"
"190.9200","159.0551","0.4240"
"190.9400","159.0716","0.4240"
"190.9600","159.0882","0.4240"
"190.9800","159.1050","0.4240"
"191.0000","159.1219","0.4240"
"191.0200","159.1385","0.4240"
"191.0400","159.1551","0.4240"
"191.0600","159.1722","0.4240"
"191.0800","159.1891","0.4240"
"191.1000","159.2054","0.4240"
"191.1200","159.2216","0.4240"
"191.1400","159.2379","0.4240"
"191.1600","159.2549","0.4240"
"191.1800","159.2726","0.4241"
"191.2000","159.2900","0.4241"
"191.2200","159.3065","0.4241"
"191.2400","159.3229","0.4241"
"191.2600","159.3392","0.4241"
"191.2800","159.3555","0.4241"
"191.3000","159.3720","0.4241"
"191.3200","159.3885","0.4241"
"191.3400","159.4050","0.4241"
"191.3600","159.4215","0.4241"
"191.3800","159.4382","0.4241"
"191.4000","159.4549","0.4241"
"191.4200","159.4721","0.4241"
"191.4400","159.4895","0.4242"
"191.4600","159.5059","0.4242"
"191.4800","159.5218","0.4241"
"191.5000","159.5380","0.4241"
"191.5200","159.5548","0.4242"
"191.5400","159.5723","0.4242"
"191.5600","159.5898","0.4243"
"191.5800","159.6063","0.4243"
"191.6000","159.6226","0.4242"
"191.6200","159.6394","0.4242"
"191.6400","159.6562","0.4242"
"191.6600","159.6726","0.4242"
"191.6800","159.6889","0.4242"
"191.7000","159.7051","0.4242"
"191.7200","159.7214","0.4242"
"191.7400","159.7380","0.4242"
"191.7600","159.7549","0.4242"
"191.7800","159.7718","0.4243"
"191.8000","159.7891","0.4243"
"191.8200","159.8061","0.4243"
"191.8400","159.8221","0.4243"
"191.8600","159.8382","0.4242"
"191.8800","159.8550","0.4243"
"191.9000","159.8722","0.4243"
"191.9200","159.8894","0.4244"
"191.9400","159.9061","0.4243"
"191.9600","159.9223","0.4243"
"191.9800","159.9390","0.4244"
"192.0000","159.9565","0.4244"
"192.0200","159.9734","0.4244"
"192.0400","159.9893","0.4244"
"192.0600","160.0053","0.4243"
"192.0800","160.0215","0.4243"
"192.1000","160.0378","0.4244"
"192.1200","160.0547","0.4244"
"192.1400","160.0719","0.4245"
"192.1600","160.0892","0.4245"
"192.1800","160.1063","0.4246"
"192.2000","160.1227","0.4246"
"192.2200","160.1385","0.4245"
"192.2400","160.1547","0.4246"
"192.2600","160.1718","0.4246"
"192.2800","160.1890","0.4247"
"192.3000","160.2059","0.4248"
"192.3200","160.2225","0.4248"
"192.3400","160.2387","0.4248"
"192.3600","160.2557","0.4248"
"192.3800","160.2730","0.4249"
"192.4000","160.2896","0.4250"
"192.4200","160.3056","0.4250"
"192.4400","160.3216","0.4250"
"192.4600","160.3378","0.4250"
"192.4800","160.3543","0.4250"
"192.5000","160.3717","0.4251"
"192.5200","160.3888","0.4252"
"192.5400","160.4055","0.4252"
"192.5600","160.4222","0.4252"
"192.5800","160.4386","0.4252"
"192.6000","160.4549","0.4253"
"192.6200","160.4719","0.4253"
"192.6400","160.4890","0.4254"
"192.6600","160.5057","0.4254"
"192.6800","160.5222","0.4254"
"192.7000","160.5387","0.4254"
"192.7200","160.5556","0.4255"
"192.7400","160.5732","0.4256"
"192.7600","160.5904","0.4256"
"192.7800","160.6065","0.4256"
"192.8000","160.6221","0.4256"
"192.8200","160.6382","0.4256"
"192.8400","160.6548","0.4256"
"192.8600","160.6720","0.4256"
"192.8800","160.6890","0.4257"
"192.9000","160.7056","0.4257"
"192.9200","160.7220","0.4257"
"192.9400","160.7386","0.4257"
"192.9600","160.7552","0.4257"
"192.9800","160.7721","0.4257"
"193.0000","160.7892","0.4258"
"193.0200","160.8059","0.4258"
"193.0400","160.8221","0.4258"
"193.0600","160.8385","0.4258"
"193.0800","160.8553","0.4258"
"193.1000","160.8727","0.4259"
"193.1200","160.8901","0.4259"
"193.1400","160.9065","0.4259"
"193.1600","160.9224","0.4259"
"193.1800","160.9384","0.4258"
"193.2000","160.9548","0.4258"
"193.2200","160.9715","0.4258"
"193.2400","160.9886","0.4259"
"193.2600","161.0056","0.4259"
"193.2800","161.0219","0.4259"
"193.3000","161.0384","0.4258"
"193.3200","161.0553","0.4258"
"193.3400","161.0721","0.4258"
"193.3600","161.0889","0.4258"
"193.3800","161.1055","0.4258"
"193.4000","161.1220","0.4258"
"193.4200","161.1385","0.4258"
"193.4400","161.1554","0.4258"
"193.4600","161.1725","0.4258"
"193.4800","161.1896","0.4258"
"193.5000","161.2067","0.4258"
"193.5200","161.2228","0.4257"
"193.5400","161.2386","0.4257"
"193.5600","161.2549","0.4256"
"193.5800","161.2716","0.4256"
"193.6000","161.2885","0.4256"
"193.6200","161.3054","0.4256"
"193.6400","161.3219","0.4255"
"193.6600","161.3383","0.4255"
"193.6800","161.3552","0.4255"
"193.7000","161.3723","0.4255"
"193.7200","161.3892","0.4255"
"193.7400","161.4056","0.4254"
"193.7600","161.4219","0.4254"
"193.7800","161.4383","0.4254"
"193.8000","161.4553","0.4253"
"193.8200","161.4727","0.4254"
"193.8400","161.4898","0.4254"
"193.8600","161.5066","0.4253"
"193.8800","161.5230","0.4253"
"193.9000","161.5390","0.4252"
"193.9200","161.5552","0.4252"
"193.9400","161.5719","0.4252"
"193.9600","161.5886","0.4252"
"193.9800","161.6051","0.4251"
"194.0000","161.6218","0.4251"
"194.0200","161.6384","0.4251"
"194.0400","161.6553","0.4250"
"194.0600","161.6724","0.4251"
"194.0800","161.6892","0.4250"
"194.1000","161.7054","0.4250"
"194.1200","161.7215","0.4249"
"194.1400","161.7378","0.4249"
"194.1600","161.7549","0.4249"
"194.1800","161.7726","0.4250"
"194.2000","161.7897","0.4250"
"194.2200","161.8061","0.4250"
"194.2400","161.8227","0.4250"
"194.2600","161.8393","0.4249"
"194.2800","161.8554","0.4249"
"194.3000","161.8717","0.4249"
"194.3200","161.8884","0.4249"
"194.3400","161.9051","0.4249"
"194.3600","161.9216","0.4249"
"194.3800","161.9381","0.4248"
"194.4000","161.9547","0.4248"
"194.4200","161.9719","0.4249"
"194.4400","161.9892","0.4249"
"194.4600","162.0057","0.4249"
"194.4800","162.0217","0.4249"
"194.5000","162.0379","0.4248"
"194.5200","162.0547","0.4249"
"194.5400","162.0720","0.4249"
"194.5600","162.0893","0.4249"
"194.5800","162.1059","0.4249"
"194.6000","162.1223","0.4250"
"194.6200","162.1392","0.4250"
"194.6400","162.1561","0.4250"
"194.6600","162.1728","0.4250"
"194.6800","162.1892","0.4250"
"194.7000","162.2054","0.4250"
"194.7200","162.2216","0.4249"
"194.7400","162.2383","0.4249"
"194.7600","162.2553","0.4250"
"194.7800","162.2721","0.4250"
"194.8000","162.2890","0.4250"
"194.8200","162.3059","0.4250"
"194.8400","162.3223","0.4250"
"194.8600","162.3385","0.4250"
"194.8800","162.3551","0.4250"
"194.9000","162.3723","0.4250"
"194.9200","162.3895","0.4250"
"194.9400","162.4062","0.4250"
"194.9600","162.4225","0.4250"
"194.9800","162.4392","0.4250"
"195.0000","162.4565","0.4250"
"195.0200","162.4734","0.4250"
"195.0400","162.4896","0.4250"
"195.0600","162.5055","0.4250"
"195.0800","162.5214","0.4249"
"195.1000","162.5377","0.4249"
"195.1200","162.5548","0.4249"
"195.1400","162.5719","0.4250"
"195.1600","162.5891","0.4250"
"195.1800","162.6062","0.4250"
"195.2000","162.6226","0.4250"
"195.2200","162.6384","0.4250"
"195.2400","162.6547","0.4249"
"195.2600","162.6717","0.4250"
"195.2800","162.6886","0.4250"
"195.3000","162.7052","0.4250"
"195.3200","162.7218","0.4250"
"195.3400","162.7387","0.4250"
"195.3600","162.7562","0.4250"
"195.3800","162.7735","0.4251"
"195.4000","162.7899","0.4250"
"195.4200","162.8057","0.4250"
"195.4400","162.8217","0.4249"
"195.4600","162.8380","0.4249"
"195.4800","162.8546","0.4249"
"195.5000","162.8716","0.4249"
"195.5200","162.8887","0.4249"
"195.5400","162.9057","0.4249"
"195.5600","162.9224","0.4249"
"195.5800","162.9387","0.4249"
"195.6000","162.9550","0.4248"
"195.6200","162.9719","0.4249"
"195.6400","162.9890","0.4249"
"195.6600","163.0058","0.4249"
"195.6800","163.0223","0.4249"
"195.7000","163.0388","0.4248"
"195.7200","163.0556","0.4248"
"195.7400","163.0730","0.4249"
"195.7600","163.0901","0.4249"
"195.7800","163.1062","0.4248"
"195.8000","163.1219","0.4248"
"195.8200","163.1380","0.4247"
"195.8400","163.1545","0.4247"
"195.8600","163.1716","0.4247"
"195.8800","163.1887","0.4248"
"195.9000","163.2053","0.4247"
"195.9200","163.2218","0.4247"
"195.9400","163.2385","0.4247"
"195.9600","163.2552","0.4247"
"195.9800","163.2720","0.4247"
"196.0000","163.2890","0.4247"
"196.0200","163.3056","0.4247"
"196.0400","163.3219","0.4246"
"196.0600","163.3385","0.4246"
"196.0800","163.3553","0.4246"
"196.1000","163.3726","0.4246"
"196.1200","163.3901","0.4246"
"196.1400","163.4067","0.4246"
"196.1600","163.4226","0.4245"
"196.1800","163.4384","0.4245"
"196.2000","163.4548","0.4244"
"196.2200","163.4716","0.4244"
"196.2400","163.4887","0.4245"
"196.2600","163.5056","0.4245"
"196.2800","163.5220","0.4244"
"196.3000","163.5387","0.4244"
"196.3200","163.5556","0.4244"
"196.3400","163.5723","0.4244"
"196.3600","163.5890","0.4244"
"196.3800","163.6056","0.4243"
"196.4000","163.6220","0.4243"
"196.4200","163.6386","0.4243"
"196.4400","163.6556","0.4243"
"196.4600","163.6727","0.4243"
"196.4800","163.6899","0.4243"
"196.5000","163.7068","0.4243"
"196.5200","163.7226","0.4242"
"196.5400","163.7382","0.4242"
"196.5600","163.7547","0.4242"
"196.5800","163.7716","0.4242"
"196.6000","163.7886","0.4242"
"196.6200","163.8056","0.4242"
"196.6400","163.8220","0.4241"
"196.6600","163.8383","0.4241"
"196.6800","163.8553","0.4242"
"196.7000","163.8726","0.4242"
"196.7200","163.8893","0.4242"
"196.7400","163.9057","0.4242"
"196.7600","163.9219","0.4242"
"196.7800","163.9383","0.4241"
"196.8000","163.9553","0.4242"
"196.8200","163.9726","0.4242"
"196.8400","163.9896","0.4242"
"196.8600","164.0064","0.4242"
"196.8800","164.0228","0.4242"
"196.9000","164.0387","0.4241"
"196.9200","164.0548","0.4241"
"196.9400","164.0714","0.4241"
"196.9600","164.0882","0.4241"
"196.9800","164.1050","0.4241"
"197.0000","164.1218","0.4241"
"197.0200","164.1382","0.4241"
"197.0400","164.1547","0.4241"
"197.0600","164.1720","0.4242"
"197.0800","164.1891","0.4242"
"197.1000","164.2056","0.4242"
"197.1200","164.2218","0.4242"
"197.1400","164.2379","0.4242"
"197.1600","164.2548","0.4242"
"197.1800","164.2725","0.4242"
"197.2000","164.2898","0.4243"
"197.2200","164.3063","0.4243"
"197.2400","164.3228","0.4243"
"197.2600","164.3393","0.4243"
"197.2800","164.3557","0.4243"
"197.3000","164.3721","0.4243"
"197.3200","164.3887","0.4243"
"197.3400","164.4052","0.4244"
"197.3600","164.4217","0.4244"
"197.3800","164.4383","0.4244"
"197.4000","164.4550","0.4244"
"197.4200","164.4722","0.4245"
"197.4400","164.4895","0.4246"
"197.4600","164.5060","0.4246"
"197.4800","164.5219","0.4245"
"197.5000","164.5382","0.4245"
"197.5200","164.5549","0.4246"
"197.5400","164.5721","0.4247"
"197.5600","164.5896","0.4248"
"197.5800","164.6062","0.4248"
"197.6000","164.6226","0.4248"
"197.6200","164.6394","0.4248"
"197.6400","164.6561","0.4248"
"197.6600","164.6725","0.4249"
"197.6800","164.6888","0.4249"
"197.7000","164.7052","0.4249"
"197.7200","164.7215","0.4249"
"197.7400","164.7381","0.4249"
"197.7600","164.7549","0.4250"
"197.7800","164.7719","0.4250"
"197.8000","164.7890","0.4251"
"197.8200","164.8059","0.4252"
"197.8400","164.8221","0.4251"
"197.8600","164.8383","0.4251"
"197.8800","164.8550","0.4252"
"197.9000","164.8722","0.4252"
"197.9200","164.8896","0.4253"
"197.9400","164.9064","0.4253"
"197.9600","164.9225","0.4253"
"197.9800","164.9388","0.4253"
"198.0000","164.9562","0.4254"
"198.0200","164.9732","0.4255"
"198.0400","164.9893","0.4254"
"198.0600","165.0053","0.4254"
"198.0800","165.0213","0.4254"
"198.1000","165.0377","0.4254"
"198.1200","165.0548","0.4255"
"198.1400","165.0719","0.4255"
"198.1600","165.0892","0.4256"
"198.1800","165.1063","0.4256"
"198.2000","165.1227","0.4256"
"198.2200","165.1387","0.4256"
"198.2400","165.1549","0.4256"
"198.2600","165.1715","0.4256"
"198.2800","165.1887","0.4256"
"198.3000","165.2059","0.4257"
"198.3200","165.2226","0.4257"
"198.3400","165.2390","0.4256"
"198.3600","165.2560","0.4257"
"198.3800","165.2733","0.4258"
"198.4000","165.2899","0.4258"
"198.4200","165.3059","0.4257"
"198.4400","165.3217","0.4257"
"198.4600","165.3379","0.4256"
"198.4800","165.3545","0.4257"
"198.5000","165.3717","0.4257"
"198.5200","165.3887","0.4257"
"198.5400","165.4055","0.4257"
"198.5600","165.4223","0.4257"
"198.5800","165.4387","0.4257"
"198.6000","165.4550","0.4257"
"198.6200","165.4720","0.4257"
"198.6400","165.4892","0.4257"
"198.6600","165.5060","0.4257"
"198.6800","165.5225","0.4257"
"198.7000","165.5391","0.4257"
"198.7200","165.5560","0.4258"
"198.7400","165.5733","0.4258"
"198.7600","165.5902","0.4258"
"198.7800","165.6060","0.4257"
"198.8000","165.6219","0.4257"
"198.8200","165.6382","0.4256"
"198.8400","165.6548","0.4256"
"198.8600","165.6719","0.4257"
"198.8800","165.6890","0.4257"
"198.9000","165.7055","0.4257"
"198.9200","165.7221","0.4257"
"198.9400","165.7388","0.4257"
"198.9600","165.7553","0.4257"
"198.9800","165.7718","0.4257"
"199.0000","165.7890","0.4257"
"199.0200","165.8058","0.4257"
"199.0400","165.8221","0.4257"
"199.0600","165.8385","0.4256"
"199.0800","165.8553","0.4257"
"199.1000","165.8727","0.4257"
"199.1200","165.8903","0.4257"
"199.1400","165.9068","0.4257"
"199.1600","165.9226","0.4257"
"199.1800","165.9384","0.4256"
"199.2000","165.9548","0.4256"
"199.2200","165.9717","0.4256"
"199.2400","165.9886","0.4256"
"199.2600","166.0053","0.4256"
"199.2800","166.0216","0.4256"
"199.3000","166.0383","0.4256"
"199.3200","166.0554","0.4256"
"199.3400","166.0722","0.4256"
"199.3600","166.0890","0.4256"
"199.3800","166.1057","0.4256"
"199.4000","166.1221","0.4256"
"199.4200","166.1387","0.4256"
"199.4400","166.1557","0.4256"
"199.4600","166.1728","0.4256"
"199.4800","166.1899","0.4256"
"199.5000","166.2067","0.4256"
"199.5200","166.2226","0.4256"
"199.5400","166.2385","0.4255"
"199.5600","166.2550","0.4255"
"199.5800","166.2718","0.4255"
"199.6000","166.2888","0.4255"
"199.6200","166.3055","0.4256"
"199.6400","166.3219","0.4255"
"199.6600","166.3384","0.4255"
"199.6800","166.3553","0.4255"
"199.7000","166.3725","0.4256"
"199.7200","166.3892","0.4256"
"199.7400","166.4055","0.4255"
"199.7600","166.4218","0.4255"
"199.7800","166.4383","0.4255"
"199.8000","166.4553","0.4255"
"199.8200","166.4727","0.4255"
"199.8400","166.4897","0.4255"
"199.8600","166.5066","0.4256"
"199.8800","166.5231","0.4255"
"199.9000","166.5390","0.4255"
"199.9200","166.5549","0.4254"
"199.9400","166.5716","0.4254"
"199.9600","166.5883","0.4254"
"199.9800","166.6048","0.4254"
"200.0000","166.6214","0.4254"
"200.0200","166.6383","0.4254"
"200.0400","166.6552","0.4254"
"200.0600","166.6724","0.4254"
"200.0800","166.6892","0.4254"
"200.1000","166.7054","0.4254"
"200.1200","166.7216","0.4253"
"200.1400","166.7381","0.4253"
"200.1600","166.7551","0.4253"
"200.1800","166.7725","0.4253"
"200.2000","166.7896","0.4253"
"200.2200","166.8062","0.4253"
"200.2400","166.8227","0.4253"
"200.2600","166.8393","0.4252"
"200.2800","166.8557","0.4252"
"200.3000","166.8723","0.4252"
"200.3200","166.8889","0.4252"
"200.3400","166.9052","0.4251"
"200.3600","166.9215","0.4251"
"200.3800","166.9380","0.4251"
"200.4000","166.9548","0.4250"
"200.4200","166.9721","0.4251"
"200.4400","166.9894","0.4251"
"200.4600","167.0059","0.4250"
"200.4800","167.0218","0.4250"
"200.5000","167.0381","0.4249"
"200.5200","167.0549","0.4249"
"200.5400","167.0722","0.4249"
"200.5600","167.0895","0.4250"
"200.5800","167.1060","0.4249"
"200.6000","167.1224","0.4249"
"200.6200","167.1392","0.4249"
"200.6400","167.1561","0.4249"
"200.6600","167.1726","0.4249"
"200.6800","167.1889","0.4248"
"200.7000","167.2050","0.4248"
"200.7200","167.2213","0.4248"
"200.7400","167.2382","0.4248"
"200.7600","167.2551","0.4248"
"200.7800","167.2720","0.4248"
"200.8000","167.2890","0.4248"
"200.8200","167.3059","0.4248"
"200.8400","167.3221","0.4248"
"200.8600","167.3382","0.4247"
"200.8800","167.3549","0.4247"
"200.9000","167.3721","0.4248"
"200.9200","167.3894","0.4248"
"200.9400","167.4062","0.4248"
"200.9600","167.4225","0.4248"
"200.9800","167.4390","0.4248"
"201.0000","167.4562","0.4248"
"201.0200","167.4731","0.4248"
"201.0400","167.4893","0.4247"
"201.0600","167.5052","0.4247"
"201.0800","167.5212","0.4247"
"201.1000","167.5378","0.4247"
"201.1200","167.5548","0.4247"
"201.1400","167.5719","0.4247"
"201.1600","167.5892","0.4247"
"201.1800","167.6064","0.4248"
"201.2000","167.6227","0.4247"
"201.2200","167.6386","0.4247"
"201.2400","167.6548","0.4246"
"201.2600","167.6717","0.4247"
"201.2800","167.6889","0.4247"
"201.3000","167.7059","0.4247"
"201.3200","167.7223","0.4247"
"201.3400","167.7386","0.4247"
"201.3600","167.7557","0.4247"
"201.3800","167.7731","0.4247"
"201.4000","167.7897","0.4247"
"201.4200","167.8056","0.4247"
"201.4400","167.8216","0.4246"
"201.4600","167.8378","0.4246"
"201.4800","167.8545","0.4246"
"201.5000","167.8717","0.4246"
"201.5200","167.8886","0.4247"
"201.5400","167.9054","0.4246"
"201.5600","167.9222","0.4246"
"201.5800","167.9388","0.4246"
"201.6000","167.9553","0.4246"
"201.6200","167.9721","0.4246"
"201.6400","167.9889","0.4246"
"201.6600","168.0057","0.4246"
"201.6800","168.0224","0.4246"
"201.7000","168.0389","0.4246"
"201.7200","168.0555","0.4246"
"201.7400","168.0729","0.4246"
"201.7600","168.0902","0.4247"
"201.7800","168.1063","0.4246"
"201.8000","168.1221","0.4246"
"201.8200","168.1382","0.4245"
"201.8400","168.1547","0.4245"
"201.8600","168.1718","0.4245"
"201.8800","168.1888","0.4245"
"201.9000","168.2053","0.4245"
"201.9200","168.2218","0.4245"
"201.9400","168.2388","0.4245"
"201.9600","168.2556","0.4246"
"201.9800","168.2721","0.4245"
"202.0000","168.2890","0.4245"
"202.0200","168.3058","0.4245"
"202.0400","168.3222","0.4245"
"202.0600","168.3387","0.4245"
"202.0800","168.3553","0.4245"
"202.1000","168.3726","0.4245"
"202.1200","168.3900","0.4245"
"202.1400","168.4065","0.4245"
"202.1600","168.4224","0.4244"
"202.1800","168.4384","0.4244"
"202.2000","168.4549","0.4244"
"202.2200","168.4717","0.4244"
"202.2400","168.4886","0.4244"
"202.2600","168.5053","0.4244"
"202.2800","168.5217","0.4244"
"202.3000","168.5384","0.4243"
"202.3200","168.5555","0.4243"
"202.3400","168.5723","0.4243"
"202.3600","168.5889","0.4243"
"202.3800","168.6055","0.4243"
"202.4000","168.6220","0.4243"
"202.4200","168.6385","0.4243"
"202.4400","168.6554","0.4243"
"202.4600","168.6727","0.4243"
"202.4800","168.6899","0.4243"
"202.5000","168.7068","0.4243"
"202.5200","168.7228","0.4242"
"202.5400","168.7386","0.4242"
"202.5600","168.7551","0.4241"
"202.5800","168.7720","0.4241"
"202.6000","168.7888","0.4241"
"202.6200","168.8056","0.4241"
"202.6400","168.8219","0.4241"
"202.6600","168.8384","0.4241"
"202.6800","168.8554","0.4241"
"202.7000","168.8726","0.4241"
"202.7200","168.8893","0.4241"
"202.7400","168.9056","0.4241"
"202.7600","168.9220","0.4241"
"202.7800","168.9384","0.4240"
"202.8000","168.9554","0.4240"
"202.8200","168.9727","0.4241"
"202.8400","168.9897","0.4241"
"202.8600","169.0066","0.4241"
"202.8800","169.0231","0.4240"
"202.9000","169.0390","0.4240"
"202.9200","169.0551","0.4240"
"202.9400","169.0718","0.4239"
"202.9600","169.0886","0.4240"
"202.9800","169.1052","0.4239"
"203.0000","169.1218","0.4239"
"203.0200","169.1383","0.4239"
"203.0400","169.1550","0.4239"
"203.0600","169.1722","0.4239"
"203.0800","169.1891","0.4239"
"203.1000","169.2052","0.4239"
"203.1200","169.2214","0.4239"
"203.1400","169.2377","0.4238"
"203.1600","169.2545","0.4239"
"203.1800","169.2722","0.4239"
"203.2000","169.2897","0.4240"
"203.2200","169.3064","0.4239"
"203.2400","169.3228","0.4239"
"203.2600","169.3392","0.4239"
"203.2800","169.3554","0.4239"
"203.3000","169.3720","0.4239"
"203.3200","169.3887","0.4238"
"203.3400","169.4052","0.4238"
"203.3600","169.4215","0.4238"
"203.3800","169.4381","0.4238"
"203.4000","169.4549","0.4238"
"203.4200","169.4723","0.4238"
"203.4400","169.4895","0.4239"
"203.4600","169.5059","0.4239"
"203.4800","169.5218","0.4238"
"203.5000","169.5380","0.4238"
"203.5200","169.5548","0.4238"
"203.5400","169.5722","0.4238"
"203.5600","169.5896","0.4239"
"203.5800","169.6061","0.4238"
"203.6000","169.6223","0.4238"
"203.6200","169.6393","0.4238"
"203.6400","169.6562","0.4238"
"203.6600","169.6728","0.4238"
"203.6800","169.6891","0.4238"
"203.7000","169.7053","0.4237"
"203.7200","169.7216","0.4237"
"203.7400","169.7383","0.4237"
"203.7600","169.7551","0.4237"
"203.7800","169.7722","0.4238"
"203.8000","169.7893","0.4238"
"203.8200","169.8062","0.4238"
"203.8400","169.8222","0.4238"
"203.8600","169.8383","0.4237"
"203.8800","169.8551","0.4237"
"203.9000","169.8722","0.4237"
"203.9200","169.8895","0.4238"
"203.9400","169.9063","0.4238"
"203.9600","169.9226","0.4237"
"203.9800","169.9388","0.4237"
"204.0000","169.9559","0.4237"
"204.0200","169.9731","0.4237"
"204.0400","169.9896","0.4237"
"204.0600","170.0057","0.4237"
"204.0800","170.0215","0.4236"
"204.1000","170.0377","0.4236"
"204.1200","170.0546","0.4236"
"204.1400","170.0717","0.4236"
"204.1600","170.0888","0.4236"
"204.1800","170.1060","0.4237"
"204.2000","170.1227","0.4236"
"204.2200","170.1386","0.4236"
"204.2400","170.1548","0.4235"
"204.2600","170.1717","0.4235"
"204.2800","170.1889","0.4236"
"204.3000","170.2059","0.4236"
"204.3200","170.2224","0.4236"
"204.3400","170.2388","0.4236"
"204.3600","170.2557","0.4236"
"204.3800","170.2731","0.4236"
"204.4000","170.2897","0.4236"
"204.4200","170.3056","0.4235"
"204.4400","170.3215","0.4235"
"204.4600","170.3377","0.4235"
"204.4800","170.3544","0.4235"
"204.5000","170.3717","0.4235"
"204.5200","170.3887","0.4235"
"204.5400","170.4056","0.4236"
"204.5600","170.4224","0.4236"
"204.5800","170.4386","0.4236"
"204.6000","170.4549","0.4235"
"204.6200","170.4718","0.4236"
"204.6400","170.4890","0.4236"
"204.6600","170.5058","0.4236"
"204.6800","170.5221","0.4236"
"204.7000","170.5386","0.4236"
"204.7200","170.5558","0.4237"
"204.7400","170.5736","0.4237"
"204.7600","170.5908","0.4237"
"204.7800","170.6066","0.4237"
"204.8000","170.6221","0.4236"
"204.8200","170.6381","0.4236"
"204.8400","170.6547","0.4236"
"204.8600","170.6718","0.4237"
"204.8800","170.6889","0.4237"
"204.9000","170.7055","0.4237"
"204.9200","170.7221","0.4237"
"204.9400","170.7388","0.4237"
"204.9600","170.7553","0.4237"
"204.9800","170.7717","0.4237"
"205.0000","170.7885","0.4237"
"205.0200","170.8053","0.4237"
"205.0400","170.8220","0.4237"
"205.0600","170.8387","0.4237"
"205.0800","170.8553","0.4237"
"205.1000","170.8725","0.4238"
"205.1200","170.8901","0.4238"
"205.1400","170.9069","0.4238"
"205.1600","170.9227","0.4238"
"205.1800","170.9384","0.4237"
"205.2000","170.9547","0.4237"
"205.2200","170.9717","0.4237"
"205.2400","170.9888","0.4238"
"205.2600","171.0054","0.4238"
"205.2800","171.0216","0.4237"
"205.3000","171.0383","0.4237"
"205.3200","171.0552","0.4237"
"205.3400","171.0715","0.4237"
"205.3600","171.0875","0.4237"
"205.3800","171.1044","0.4237"
"205.4000","171.1220","0.4237"
"205.4200","171.1393","0.4238"
"205.4400","171.1563","0.4238"
"205.4600","171.1731","0.4238"
"205.4800","171.1899","0.4238"
"205.5000","171.2065","0.4238"
"205.5200","171.2226","0.4237"
"205.5400","171.2385","0.4236"
"205.5600","171.2550","0.4237"
"205.5800","171.2717","0.4236"
"205.6000","171.2885","0.4237"
"205.6200","171.3053","0.4237"
"205.6400","171.3218","0.4236"
"205.6600","171.3384","0.4236"
"205.6800","171.3554","0.4237"
"205.7000","171.3724","0.4237"
"205.7200","171.3890","0.4236"
"205.7400","171.4054","0.4236"
"205.7600","171.4219","0.4236"
"205.7800","171.4384","0.4236"
"205.8000","171.4554","0.4236"
"205.8200","171.4727","0.4236"
"205.8400","171.4897","0.4236"
"205.8600","171.5065","0.4237"
"205.8800","171.5230","0.4237"
"205.9000","171.5390","0.4236"
"205.9200","171.5552","0.4236"
"205.9400","171.5718","0.4236"
"205.9600","171.5883","0.4236"
"205.9800","171.6046","0.4235"
"206.0000","171.6209","0.4235"
"206.0200","171.6372","0.4235"
"206.0400","171.6543","0.4236"
"206.0600","171.6725","0.4236"
"206.0800","171.6900","0.4237"
"206.1000","171.7064","0.4237"
"206.1200","171.7224","0.4236"
"206.1400","171.7383","0.4236"
"206.1600","171.7552","0.4236"
"206.1800","171.7728","0.4237"
"206.2000","171.7900","0.4237"
"206.2200","171.8066","0.4237"
"206.2400","171.8231","0.4237"
"206.2600","171.8395","0.4237"
"206.2800","171.8555","0.4236"
"206.3000","171.8719","0.4236"
"206.3200","171.8886","0.4236"
"206.3400","171.9051","0.4236"
"206.3600","171.9217","0.4236"
"206.3800","171.9383","0.4236"
"206.4000","171.9550","0.4236"
"206.4200","171.9721","0.4237"
"206.4400","171.9895","0.4237"
"206.4600","172.0062","0.4237"
"206.4800","172.0221","0.4236"
"206.5000","172.0383","0.4236"
"206.5200","172.0549","0.4236"
"206.5400","172.0721","0.4236"
"206.5600","172.0893","0.4236"
"206.5800","172.1057","0.4236"
"206.6000","172.1218","0.4236"
"206.6200","172.1386","0.4236"
"206.6400","172.1557","0.4236"
"206.6600","172.1725","0.4236"
"206.6800","172.1888","0.4236"
"206.7000","172.2050","0.4235"
"206.7200","172.2214","0.4235"
"206.7400","172.2381","0.4235"
"206.7600","172.2551","0.4235"
"206.7800","172.2722","0.4235"
"206.8000","172.2893","0.4236"
"206.8200","172.3060","0.4236"
"206.8400","172.3220","0.4235"
"206.8600","172.3382","0.4235"
"206.8800","172.3549","0.4235"
"206.9000","172.3722","0.4235"
"206.9200","172.3894","0.4235"
"206.9400","172.4062","0.4235"
"206.9600","172.4227","0.4235"
"206.9800","172.4391","0.4234"
"207.0000","172.4562","0.4235"
"207.0200","172.4731","0.4235"
"207.0400","172.4893","0.4234"
"207.0600","172.5054","0.4234"
"207.0800","172.5213","0.4233"
"207.1000","172.5378","0.4233"
"207.1200","172.5547","0.4233"
"207.1400","172.5717","0.4233"
"207.1600","172.5889","0.4233"
"207.1800","172.6060","0.4234"
"207.2000","172.6227","0.4233"
"207.2200","172.6386","0.4233"
"207.2400","172.6549","0.4233"
"207.2600","172.6718","0.4233"
"207.2800","172.6888","0.4233"
"207.3000","172.7058","0.4233"
"207.3200","172.7224","0.4233"
"207.3400","172.7389","0.4233"
"207.3600","172.7559","0.4234"
"207.3800","172.7732","0.4234"
"207.4000","172.7898","0.4234"
"207.4200","172.8056","0.4234"
"207.4400","172.8215","0.4234"
"207.4600","172.8378","0.4234"
"207.4800","172.8545","0.4234"
"207.5000","172.8718","0.4234"
"207.5200","172.8887","0.4235"
"207.5400","172.9054","0.4235"
"207.5600","172.9223","0.4235"
"207.5800","172.9387","0.4235"
"207.6000","172.9551","0.4235"
"207.6200","172.9720","0.4236"
"207.6400","172.9888","0.4236"
"207.6600","173.0056","0.4236"
"207.6800","173.0223","0.4237"
"207.7000","173.0388","0.4237"
"207.7200","173.0555","0.4237"
"207.7400","173.0729","0.4238"
"207.7600","173.0901","0.4238"
"207.7800","173.1062","0.4238"
"207.8000","173.1221","0.4238"
"207.8200","173.1381","0.4238"
"207.8400","173.1546","0.4238"
"207.8600","173.1717","0.4239"
"207.8800","173.1889","0.4239"
"207.9000","173.2056","0.4240"
"207.9200","173.2222","0.4240"
"207.9400","173.2388","0.4240"
"207.9600","173.2552","0.4241"
"207.9800","173.2717","0.4241"
"208.0000","173.2888","0.4242"
"208.0200","173.3058","0.4242"
"208.0400","173.3224","0.4242"
"208.0600","173.3389","0.4242"
"208.0800","173.3555","0.4243"
"208.1000","173.3727","0.4243"
"208.1200","173.3901","0.4244"
"208.1400","173.4065","0.4244"
"208.1600","173.4223","0.4244"
"208.1800","173.4384","0.4244"
"208.2000","173.4551","0.4244"
"208.2200","173.4720","0.4245"
"208.2400","173.4889","0.4245"
"208.2600","173.5054","0.4245"
"208.2800","173.5217","0.4245"
"208.3000","173.5385","0.4246"
"208.3200","173.5555","0.4246"
"208.3400","173.5724","0.4246"
"208.3600","173.5894","0.4247"
"208.3800","173.6059","0.4247"
"208.4000","173.6220","0.4247"
"208.4200","173.6384","0.4247"
"208.4400","173.6553","0.4247"
"208.4600","173.6727","0.4248"
"208.4800","173.6898","0.4248"
"208.5000","173.7067","0.4248"
"208.5200","173.7227","0.4248"
"208.5400","173.7385","0.4248"
"208.5600","173.7550","0.4247"
"208.5800","173.7719","0.4248"
"208.6000","173.7888","0.4248"
"208.6200","173.8056","0.4248"
"208.6400","173.8218","0.4248"
"208.6600","173.8381","0.4248"
"208.6800","173.8552","0.4248"
"208.7000","173.8726","0.4249"
"208.7200","173.8893","0.4249"
"208.7400","173.9056","0.4249"
"208.7600","173.9218","0.4248"
"208.7800","173.9382","0.4248"
"208.8000","173.9553","0.4249"
"208.8200","173.9727","0.4249"
"208.8400","173.9897","0.4250"
"208.8600","174.0066","0.4250"
"208.8800","174.0231","0.4249"
"208.9000","174.0390","0.4249"
"208.9200","174.0551","0.4249"
"208.9400","174.0719","0.4249"
"208.9600","174.0885","0.4249"
"208.9800","174.1049","0.4249"
"209.0000","174.1215","0.4249"
"209.0200","174.1382","0.4249"
"209.0400","174.1552","0.4249"
"209.0600","174.1723","0.4250"
"209.0800","174.1889","0.4249"
"209.1000","174.2052","0.4249"
"209.1200","174.2215","0.4249"
"209.1400","174.2380","0.4249"
"209.1600","174.2550","0.4249"
"209.1800","174.2725","0.4250"
"209.2000","174.2899","0.4250"
"209.2200","174.3065","0.4250"
"209.2400","174.3229","0.4250"
"209.2600","174.3392","0.4249"
"209.2800","174.3553","0.4249"
"209.3000","174.3719","0.4249"
"209.3200","174.3887","0.4249"
"209.3400","174.4052","0.4249"
"209.3600","174.4216","0.4249"
"209.3800","174.4382","0.4249"
"209.4000","174.4550","0.4249"
"209.4200","174.4723","0.4250"
"209.4400","174.4895","0.4250"
"209.4600","174.5060","0.4250"
"209.4800","174.5219","0.4249"
"209.5000","174.5380","0.4249"
"209.5200","174.5546","0.4249"
"209.5400","174.5719","0.4249"
"209.5600","174.5894","0.4250"
"209.5800","174.6061","0.4250"
"209.6000","174.6227","0.4250"
"209.6200","174.6396","0.4250"
"209.6400","174.6562","0.4250"
"209.6600","174.6727","0.4250"
"209.6800","174.6890","0.4250"
"209.7000","174.7052","0.4250"
"209.7200","174.7215","0.4249"
"209.7400","174.7380","0.4249"
"209.7600","174.7549","0.4249"
"209.7800","174.7719","0.4250"
"209.8000","174.7892","0.4250"
"209.8200","174.8062","0.4250"
"209.8400","174.8222","0.4250"
"209.8600","174.8383","0.4250"
"209.8800","174.8550","0.4250"
"209.9000","174.8723","0.4250"
"209.9200","174.8894","0.4250"
"209.9400","174.9062","0.4251"
"209.9600","174.9224","0.4250"
"209.9800","174.9387","0.4250"
"210.0000","174.9559","0.4250"
"210.0200","174.9731","0.4250"
"210.0400","174.9896","0.4251"
"210.0600","175.0057","0.4250"
"210.0800","175.0214","0.4250"
"210.1000","175.0377","0.4249"
"210.1200","175.0549","0.4250"
"210.1400","175.0722","0.4250"
"210.1600","175.0893","0.4250"
"210.1800","175.1063","0.4251"
"210.2000","175.1227","0.4250"
"210.2200","175.1386","0.4250"
"210.2400","175.1547","0.4250"
"210.2600","175.1716","0.4250"
"210.2800","175.1888","0.4250"
"210.3000","175.2059","0.4250"
"210.3200","175.2226","0.4250"
"210.3400","175.2389","0.4250"
"210.3600","175.2560","0.4250"
"210.3800","175.2732","0.4250"
"210.4000","175.2897","0.4250"
"210.4200","175.3056","0.4249"
"210.4400","175.3215","0.4249"
"210.4600","175.3377","0.4249"
"210.4800","175.3545","0.4249"
"210.5000","175.3717","0.4249"
"210.5200","175.3888","0.4249"
"210.5400","175.4055","0.4249"
"210.5600","175.4222","0.4249"
"210.5800","175.4384","0.4249"
"210.6000","175.4548","0.4248"
"210.6200","175.4718","0.4248"
"210.6400","175.4890","0.4248"
"210.6600","175.5057","0.4248"
"210.6800","175.5222","0.4248"
"210.7000","175.5388","0.4248"
"210.7200","175.5556","0.4248"
"210.7400","175.5730","0.4248"
"210.7600","175.5901","0.4248"
"210.7800","175.6061","0.4248"
"210.8000","175.6219","0.4247"
"210.8200","175.6381","0.4247"
"210.8400","175.6548","0.4246"
"210.8600","175.6720","0.4247"
"210.8800","175.6891","0.4247"
"210.9000","175.7056","0.4246"
"210.9200","175.7220","0.4246"
"210.9400","175.7387","0.4246"
"210.9600","175.7554","0.4246"
"210.9800","175.7719","0.4246"
"211.0000","175.7888","0.4246"
"211.0200","175.8056","0.4246"
"211.0400","175.8224","0.4246"
"211.0600","175.8392","0.4246"
"211.0800","175.8557","0.4246"
"211.1000","175.8726","0.4246"
"211.1200","175.8900","0.4246"
"211.1400","175.9064","0.4246"
"211.1600","175.9222","0.4246"
"211.1800","175.9383","0.4245"
"211.2000","175.9549","0.4245"
"211.2200","175.9719","0.4246"
"211.2400","175.9888","0.4246"
"211.2600","176.0053","0.4246"
"211.2800","176.0216","0.4245"
"211.3000","176.0383","0.4245"
"211.3200","176.0554","0.4246"
"211.3400","176.0722","0.4246"
"211.3600","176.0889","0.4246"
"211.3800","176.1056","0.4246"
"211.4000","176.1221","0.4246"
"211.4200","176.1387","0.4246"
"211.4400","176.1555","0.4246"
"211.4600","176.1727","0.4246"
"211.4800","176.1899","0.4247"
"211.5000","176.2068","0.4247"
"211.5200","176.2227","0.4246"
"211.5400","176.2384","0.4246"
"211.5600","176.2549","0.4246"
"211.5800","176.2717","0.4246"
"211.6000","176.2886","0.4246"
"211.6200","176.3055","0.4246"
"211.6400","176.3219","0.4246"
"211.6600","176.3384","0.4246"
"211.6800","176.3554","0.4246"
"211.7000","176.3726","0.4247"
"211.7200","176.3892","0.4246"
"211.7400","176.4056","0.4246"
"211.7600","176.4220","0.4246"
"211.7800","176.4383","0.4246"
"211.8000","176.4553","0.4246"
"211.8200","176.4725","0.4247"
"211.8400","176.4896","0.4247"
"211.8600","176.5066","0.4247"
"211.8800","176.5231","0.4247"
"211.9000","176.5391","0.4246"
"211.9200","176.5553","0.4246"
"211.9400","176.5720","0.4246"
"211.9600","176.5887","0.4246"
"211.9800","176.6050","0.4246"
"212.0000","176.6216","0.4246"
"212.0200","176.6383","0.4246"
"212.0400","176.6553","0.4246"
"212.0600","176.6725","0.4246"
"212.0800","176.6892","0.4246"
"212.1000","176.7054","0.4245"
"212.1200","176.7214","0.4245"
"212.1400","176.7377","0.4245"
"212.1600","176.7548","0.4245"
"212.1800","176.7724","0.4245"
"212.2000","176.7898","0.4245"
"212.2200","176.8064","0.4245"
"212.2400","176.8228","0.4245"
"212.2600","176.8392","0.4245"
"212.2800","176.8556","0.4244"
"212.3000","176.8722","0.4244"
"212.3200","176.8888","0.4244"
"212.3400","176.9051","0.4244"
"212.3600","176.9215","0.4244"
"212.3800","176.9380","0.4243"
"212.4000","176.9550","0.4243"
"212.4200","176.9723","0.4243"
"212.4400","176.9895","0.4243"
"212.4600","177.0061","0.4243"
"212.4800","177.0218","0.4242"
"212.5000","177.0378","0.4242"
"212.5200","177.0544","0.4242"
"212.5400","177.0716","0.4242"
"212.5600","177.0893","0.4243"
"212.5800","177.1064","0.4243"
"212.6000","177.1232","0.4243"
"212.6200","177.1399","0.4242"
"212.6400","177.1563","0.4242"
"212.6600","177.1727","0.4242"
"212.6800","177.1890","0.4242"
"212.7000","177.2053","0.4241"
"212.7200","177.2217","0.4241"
"212.7400","177.2383","0.4241"
"212.7600","177.2551","0.4241"
"212.7800","177.2719","0.4241"
"212.8000","177.2890","0.4241"
"212.8200","177.3060","0.4241"
"212.8400","177.3222","0.4241"
"212.8600","177.3385","0.4240"
"212.8800","177.3550","0.4240"
"212.9000","177.3719","0.4240"
"212.9200","177.3889","0.4241"
"212.9400","177.4060","0.4241"
"212.9600","177.4225","0.4241"
"212.9800","177.4389","0.4241"
"213.0000","177.4560","0.4241"
"213.0200","177.4729","0.4241"
"213.0400","177.4894","0.4241"
"213.0600","177.5055","0.4240"
"213.0800","177.5215","0.4240"
"213.1000","177.5378","0.4239"
"213.1200","177.5548","0.4239"
"213.1400","177.5718","0.4240"
"213.1600","177.5888","0.4240"
"213.1800","177.6059","0.4240"
"213.2000","177.6226","0.4240"
"213.2200","177.6387","0.4239"
"213.2400","177.6549","0.4239"
"213.2600","177.6717","0.4239"
"213.2800","177.6888","0.4239"
"213.3000","177.7058","0.4239"
"213.3200","177.7224","0.4239"
"213.3400","177.7388","0.4239"
"213.3600","177.7559","0.4239"
"213.3800","177.7733","0.4239"
"213.4000","177.7900","0.4239"
"213.4200","177.8059","0.4239"
"213.4400","177.8219","0.4238"
"213.4600","177.8382","0.4238"
"213.4800","177.8549","0.4238"
"213.5000","177.8721","0.4238"
"213.5200","177.8891","0.4238"
"213.5400","177.9057","0.4238"
"213.5600","177.9224","0.4238"
"213.5800","177.9388","0.4238"
"213.6000","177.9549","0.4237"
"213.6200","177.9717","0.4238"
"213.6400","177.9889","0.4238"
"213.6600","178.0058","0.4238"
"213.6800","178.0224","0.4238"
"213.7000","178.0387","0.4237"
"213.7200","178.0554","0.4237"
"213.7400","178.0729","0.4238"
"213.7600","178.0900","0.4238"
"213.7800","178.1061","0.4237"
"213.8000","178.1219","0.4237"
"213.8200","178.1380","0.4237"
"213.8400","178.1544","0.4236"
"213.8600","178.1713","0.4237"
"213.8800","178.1885","0.4237"
"213.9000","178.2053","0.4237"
"213.9200","178.2219","0.4237"
"213.9400","178.2387","0.4237"
"213.9600","178.2553","0.4237"
"213.9800","178.2718","0.4237"
"214.0000","178.2885","0.4237"
"214.0200","178.3053","0.4237"
"214.0400","178.3221","0.4237"
"214.0600","178.3389","0.4237"
"214.0800","178.3556","0.4237"
"214.1000","178.3726","0.4237"
"214.1200","178.3901","0.4238"
"214.1400","178.4066","0.4238"
"214.1600","178.4223","0.4237"
"214.1800","178.4384","0.4237"
"214.2000","178.4551","0.4237"
"214.2200","178.4720","0.4237"
"214.2400","178.4889","0.4237"
"214.2600","178.5054","0.4238"
"214.2800","178.5217","0.4237"
"214.3000","178.5384","0.4237"
"214.3200","178.5556","0.4237"
"214.3400","178.5725","0.4238"
"214.3600","178.5892","0.4238"
"214.3800","178.6057","0.4238"
"214.4000","178.6220","0.4238"
"214.4200","178.6386","0.4238"
"214.4400","178.6556","0.4238"
"214.4600","178.6729","0.4238"
"214.4800","178.6899","0.4238"
"214.5000","178.7067","0.4239"
"214.5200","178.7227","0.4238"
"214.5400","178.7384","0.4238"
"214.5600","178.7548","0.4238"
"214.5800","178.7716","0.4238"
"214.6000","178.7887","0.4238"
"214.6200","178.8056","0.4238"
"214.6400","178.8219","0.4238"
"214.6600","178.8384","0.4238"
"214.6800","178.8555","0.4238"
"214.7000","178.8726","0.4239"
"214.7200","178.8891","0.4239"
"214.7400","178.9054","0.4238"
"214.7600","178.9217","0.4238"
"214.7800","178.9382","0.4238"
"214.8000","178.9552","0.4239"
"214.8200","178.9727","0.4239"
"214.8400","178.9899","0.4239"
"214.8600","179.0068","0.4239"
"214.8800","179.0232","0.4239"
"214.9000","179.0391","0.4239"
"214.9200","179.0551","0.4239"
"214.9400","179.0718","0.4239"
"214.9600","179.0887","0.4239"
"214.9800","179.1052","0.4239"
"215.0000","179.1216","0.4239"
"215.0200","179.1380","0.4238"
"215.0400","179.1550","0.4239"
"215.0600","179.1726","0.4240"
"215.0800","179.1893","0.4240"
"215.1000","179.2053","0.4240"
"215.1200","179.2214","0.4239"
"215.1400","179.2379","0.4239"
"215.1600","179.2549","0.4240"
"215.1800","179.2724","0.4240"
"215.2000","179.2897","0.4241"
"215.2200","179.3064","0.4241"
"215.2400","179.3229","0.4241"
"215.2600","179.3392","0.4241"
"215.2800","179.3552","0.4241"
"215.3000","179.3718","0.4241"
"215.3200","179.3884","0.4241"
"215.3400","179.4049","0.4241"
"215.3600","179.4215","0.4242"
"215.3800","179.4381","0.4242"
"215.4000","179.4548","0.4242"
"215.4200","179.4719","0.4242"
"215.4400","179.4892","0.4243"
"215.4600","179.5059","0.4243"
"215.4800","179.5218","0.4243"
"215.5000","179.5379","0.4243"
"215.5200","179.5546","0.4244"
"215.5400","179.5721","0.4244"
"215.5600","179.5895","0.4245"
"215.5800","179.6059","0.4245"
"215.6000","179.6222","0.4245"
"215.6200","179.6391","0.4245"
"215.6400","179.6561","0.4246"
"215.6600","179.6728","0.4246"
"215.6800","179.6892","0.4246"
"215.7000","179.7055","0.4246"
"215.7200","179.7217","0.4246"
"215.7400","179.7382","0.4246"
"215.7600","179.7551","0.4247"
"215.7800","179.7721","0.4247"
"215.8000","179.7894","0.4248"
"215.8200","179.8062","0.4248"
"215.8400","179.8223","0.4248"
"215.8600","179.8385","0.4248"
"215.8800","179.8550","0.4248"
"215.9000","179.8722","0.4249"
"215.9200","179.8895","0.4250"
"215.9400","179.9064","0.4250"
"215.9600","179.9227","0.4250"
"215.9800","179.9389","0.4250"
"216.0000","179.9557","0.4250"
"216.0200","179.9727","0.4250"
"216.0400","179.9897","0.4251"
"216.0600","180.0062","0.4251"
"216.0800","180.0219","0.4251"
"216.1000","180.0378","0.4250"
"216.1200","180.0547","0.4251"
"216.1400","180.0719","0.4251"
"216.1600","180.0891","0.4252"
"216.1800","180.1060","0.4252"
"216.2000","180.1226","0.4252"
"216.2200","180.1385","0.4252"
"216.2400","180.1548","0.4252"
"216.2600","180.1717","0.4253"
"216.2800","180.1887","0.4253"
"216.3000","180.2057","0.4253"
"216.3200","180.2224","0.4254"
"216.3400","180.2388","0.4253"
"216.3600","180.2557","0.4254"
"216.3800","180.2729","0.4254"
"216.4000","180.2896","0.4254"
"216.4200","180.3055","0.4254"
"216.4400","180.3214","0.4253"
"216.4600","180.3376","0.4253"
"216.4800","180.3543","0.4254"
"216.5000","180.3715","0.4254"
"216.5200","180.3885","0.4254"
"216.5400","180.4054","0.4255"
"216.5600","180.4222","0.4255"
"216.5800","180.4385","0.4255"
"216.6000","180.4548","0.4255"
"216.6200","180.4716","0.4255"
"216.6400","180.4887","0.4255"
"216.6600","180.5054","0.4255"
"216.6800","180.5219","0.4255"
"216.7000","180.5388","0.4255"
"216.7200","180.5561","0.4256"
"216.7400","180.5737","0.4256"
"216.7600","180.5907","0.4256"
"216.7800","180.6064","0.4256"
"216.8000","180.6221","0.4255"
"216.8200","180.6383","0.4255"
"216.8400","180.6548","0.4255"
"216.8600","180.6719","0.4255"
"216.8800","180.6890","0.4256"
"216.9000","180.7056","0.4256"
"216.9200","180.7222","0.4256"
"216.9400","180.7389","0.4256"
"216.9600","180.7555","0.4256"
"216.9800","180.7720","0.4256"
"217.0000","180.7887","0.4256"
"217.0200","180.8055","0.4256"
"217.0400","180.8223","0.4257"
"217.0600","180.8390","0.4256"
"217.0800","180.8555","0.4256"
"217.1000","180.8726","0.4257"
"217.1200","180.8901","0.4257"
"217.1400","180.9065","0.4257"
"217.1600","180.9221","0.4257"
"217.1800","180.9382","0.4257"
"217.2000","180.9550","0.4257"
"217.2200","180.9720","0.4257"
"217.2400","180.9890","0.4257"
"217.2600","181.0055","0.4257"
"217.2800","181.0216","0.4257"
"217.3000","181.0382","0.4257"
"217.3200","181.0552","0.4258"
"217.3400","181.0721","0.4258"
"217.3600","181.0889","0.4258"
"217.3800","181.1056","0.4258"
"217.4000","181.1222","0.4258"
"217.4200","181.1390","0.4258"
"217.4400","181.1559","0.4258"
"217.4600","181.1730","0.4259"
"217.4800","181.1900","0.4259"
"217.5000","181.2068","0.4259"
"217.5200","181.2227","0.4259"
"217.5400","181.2385","0.4258"
"217.5600","181.2550","0.4258"
"217.5800","181.2719","0.4259"
"217.6000","181.2889","0.4259"
"217.6200","181.3057","0.4259"
"217.6400","181.3221","0.4259"
"217.6600","181.3385","0.4259"
"217.6800","181.3555","0.4260"
"217.7000","181.3726","0.4260"
"217.7200","181.3891","0.4260"
"217.7400","181.4054","0.4260"
"217.7600","181.4219","0.4260"
"217.7800","181.4385","0.4260"
"217.8000","181.4556","0.4260"
"217.8200","181.4729","0.4260"
"217.8400","181.4897","0.4261"
"217.8600","181.5065","0.4261"
"217.8800","181.5231","0.4261"
"217.9000","181.5391","0.4261"
"217.9200","181.5552","0.4260"
"217.9400","181.5717","0.4260"
"217.9600","181.5886","0.4261"
"217.9800","181.6051","0.4261"
"218.0000","181.6216","0.4261"
"218.0200","181.6379","0.4261"
"218.0400","181.6546","0.4261"
"218.0600","181.6723","0.4262"
"218.0800","181.6896","0.4262"
"218.1000","181.7061","0.4262"
"218.1200","181.7223","0.4262"
"218.1400","181.7384","0.4262"
"218.1600","181.7552","0.4262"
"218.1800","181.7726","0.4263"
"218.2000","181.7900","0.4263"
"218.2200","181.8067","0.4263"
"218.2400","181.8231","0.4264"
"218.2600","181.8393","0.4264"
"218.2800","181.8554","0.4264"
"218.3000","181.8720","0.4264"
"218.3200","181.8888","0.4264"
"218.3400","181.9051","0.4264"
"218.3600","181.9214","0.4264"
"218.3800","181.9380","0.4264"
"218.4000","181.9548","0.4264"
"218.4200","181.9721","0.4265"
"218.4400","181.9894","0.4265"
"218.4600","182.0059","0.4266"
"218.4800","182.0218","0.4265"
"218.5000","182.0380","0.4265"
"218.5200","182.0547","0.4265"
"218.5400","182.0719","0.4266"
"218.5600","182.0893","0.4266"
"218.5800","182.1061","0.4267"
"218.6000","182.1225","0.4266"
"218.6200","182.1394","0.4267"
"218.6400","182.1562","0.4267"
"218.6600","182.1728","0.4267"
"218.6800","182.1891","0.4267"
"218.7000","182.2053","0.4267"
"218.7200","182.2215","0.4266"
"218.7400","182.2379","0.4266"
"218.7600","182.2548","0.4267"
"218.7800","182.2718","0.4267"
"218.8000","182.2892","0.4267"
"218.8200","182.3061","0.4268"
"218.8400","182.3222","0.4267"
"218.8600","182.3383","0.4267"
"218.8800","182.3550","0.4267"
"218.9000","182.3722","0.4267"
"218.9200","182.3893","0.4268"
"218.9400","182.4062","0.4268"
"218.9600","182.4225","0.4268"
"218.9800","182.4391","0.4268"
"219.0000","182.4563","0.4268"
"219.0200","182.4733","0.4268"
"219.0400","182.4894","0.4268"
"219.0600","182.5054","0.4267"
"219.0800","182.5214","0.4267"
"219.1000","182.5378","0.4267"
"219.1200","182.5548","0.4267"
"219.1400","182.5719","0.4267"
"219.1600","182.5889","0.4267"
"219.1800","182.6058","0.4267"
"219.2000","182.6225","0.4268"
"219.2200","182.6387","0.4267"
"219.2400","182.6549","0.4267"
"219.2600","182.6716","0.4267"
"219.2800","182.6885","0.4267"
"219.3000","182.7055","0.4267"
"219.3200","182.7223","0.4267"
"219.3400","182.7388","0.4267"
"219.3600","182.7559","0.4267"
"219.3800","182.7732","0.4268"
"219.4000","182.7898","0.4267"
"219.4200","182.8057","0.4267"
"219.4400","182.8215","0.4266"
"219.4600","182.8379","0.4266"
"219.4800","182.8547","0.4266"
"219.5000","182.8719","0.4266"
"219.5200","182.8887","0.4266"
"219.5400","182.9054","0.4266"
"219.5600","182.9222","0.4266"
"219.5800","182.9387","0.4266"
"219.6000","182.9550","0.4266"
"219.6200","182.9719","0.4266"
"219.6400","182.9889","0.4266"
"219.6600","183.0058","0.4266"
"219.6800","183.0225","0.4266"
"219.7000","183.0390","0.4266"
"219.7200","183.0557","0.4266"
"219.7400","183.0731","0.4267"
"219.7600","183.0903","0.4267"
"219.7800","183.1065","0.4267"
"219.8000","183.1222","0.4266"
"219.8200","183.1381","0.4266"
"219.8400","183.1545","0.4266"
"219.8600","183.1717","0.4266"
"219.8800","183.1889","0.4267"
"219.9000","183.2057","0.4267"
"219.9200","183.2222","0.4267"
"219.9400","183.2389","0.4267"
"219.9600","183.2555","0.4267"
"219.9800","183.2720","0.4267"
"220.0000","183.2887","0.4268"
"220.0200","183.3055","0.4268"
"220.0400","183.3222","0.4268"
"220.0600","183.3391","0.4268"
"220.0800","183.3556","0.4268"
"220.1000","183.3725","0.4269"
"220.1200","183.3898","0.4269"
"220.1400","183.4064","0.4269"
"220.1600","183.4224","0.4269"
"220.1800","183.4382","0.4269"
"220.2000","183.4547","0.4269"
"220.2200","183.4717","0.4269"
"220.2400","183.4887","0.4270"
"220.2600","183.5053","0.4270"
"220.2800","183.5216","0.4270"
"220.3000","183.5384","0.4270"
"220.3200","183.5555","0.4271"
"220.3400","183.5721","0.4271"
"220.3600","183.5887","0.4271"
"220.3800","183.6053","0.4271"
"220.4000","183.6218","0.4271"
"220.4200","183.6385","0.4271"
"220.4400","183.6555","0.4272"
"220.4600","183.6727","0.4272"
"220.4800","183.6899","0.4272"
"220.5000","183.7068","0.4273"
"220.5200","183.7226","0.4273"
"220.5400","183.7382","0.4272"
"220.5600","183.7546","0.4272"
"220.5800","183.7715","0.4272"
"220.6000","183.7885","0.4273"
"220.6200","183.8054","0.4273"
"220.6400","183.8218","0.4273"
"220.6600","183.8382","0.4273"
"220.6800","183.8552","0.4273"
"220.7000","183.8724","0.4274"
"220.7200","183.8891","0.4274"
"220.7400","183.9055","0.4274"
"220.7600","183.9220","0.4274"
"220.7800","183.9384","0.4274"
"220.8000","183.9554","0.4274"
"220.8200","183.9727","0.4274"
"220.8400","183.9897","0.4274"
"220.8600","184.0065","0.4275"
"220.8800","184.0230","0.4274"
"220.9000","184.0389","0.4274"
"220.9200","184.0550","0.4274"
"220.9400","184.0717","0.4274"
"220.9600","184.0887","0.4274"
"220.9800","184.1053","0.4274"
"221.0000","184.1218","0.4274"
"221.0200","184.1382","0.4274"
"221.0400","184.1552","0.4274"
"221.0600","184.1726","0.4275"
"221.0800","184.1893","0.4274"
"221.1000","184.2054","0.4274"
"221.1200","184.2217","0.4274"
"221.1400","184.2381","0.4274"
"221.1600","184.2550","0.4274"
"221.1800","184.2724","0.4274"
"221.2000","184.2899","0.4275"
"221.2200","184.3067","0.4275"
"221.2400","184.3232","0.4274"
"221.2600","184.3394","0.4274"
"221.2800","184.3553","0.4274"
"221.3000","184.3717","0.4274"
"221.3200","184.3885","0.4274"
"221.3400","184.4049","0.4274"
"221.3600","184.4215","0.4274"
"221.3800","184.4381","0.4274"
"221.4000","184.4549","0.4274"
"221.4200","184.4722","0.4274"
"221.4400","184.4895","0.4274"
"221.4600","184.5060","0.4274"
"221.4800","184.5219","0.4274"
"221.5000","184.5381","0.4273"
"221.5200","184.5547","0.4273"
"221.5400","184.5720","0.4274"
"221.5600","184.5895","0.4274"
"221.5800","184.6062","0.4274"
"221.6000","184.6226","0.4274"
"221.6200","184.6394","0.4274"
"221.6400","184.6563","0.4274"
"221.6600","184.6730","0.4274"
"221.6800","184.6892","0.4274"
"221.7000","184.7053","0.4273"
"221.7200","184.7213","0.4273"
"221.7400","184.7378","0.4273"
"221.7600","184.7548","0.4273"
"221.7800","184.7719","0.4274"
"221.8000","184.7893","0.4274"
"221.8200","184.8062","0.4274"
"221.8400","184.8223","0.4274"
"221.8600","184.8383","0.4273"
"221.8800","184.8549","0.4273"
"221.9000","184.8720","0.4274"
"221.9200","184.8892","0.4274"
"221.9400","184.9062","0.4275"
"221.9600","184.9227","0.4274"
"221.9800","184.9391","0.4274"
"222.0000","184.9561","0.4274"
"222.0200","184.9731","0.4275"
"222.0400","184.9897","0.4275"
"222.0600","185.0060","0.4274"
"222.0800","185.0218","0.4274"
"222.1000","185.0380","0.4274"
"222.1200","185.0549","0.4274"
"222.1400","185.0718","0.4274"
"222.1600","185.0888","0.4275"
"222.1800","185.1058","0.4275"
"222.2000","185.1226","0.4275"
"222.2200","185.1387","0.4275"
"222.2400","185.1551","0.4275"
"222.2600","185.1720","0.4275"
"222.2800","185.1890","0.4275"
"222.3000","185.2059","0.4275"
"222.3200","185.2226","0.4275"
"222.3400","185.2390","0.4275"
"222.3600","185.2559","0.4276"
"222.3800","185.2731","0.4276"
"222.4000","185.2897","0.4276"
"222.4200","185.3057","0.4276"
"222.4400","185.3217","0.4276"
"222.4600","185.3381","0.4275"
"222.4800","185.3550","0.4276"
"222.5000","185.3720","0.4276"
"222.5200","185.3883","0.4276"
"222.5400","185.4049","0.4276"
"222.5600","185.4219","0.4277"
"222.5800","185.4386","0.4277"
"222.6000","185.4550","0.4277"
"222.6200","185.4717","0.4277"
"222.6400","185.4887","0.4277"
"222.6600","185.5056","0.4277"
"222.6800","185.5223","0.4278"
"222.7000","185.5388","0.4278"
"222.7200","185.5556","0.4278"
"222.7400","185.5730","0.4278"
"222.7600","185.5901","0.4279"
"222.7800","185.6061","0.4279"
"222.8000","185.6219","0.4278"
"222.8200","185.6380","0.4278"
"222.8400","185.6546","0.4278"
"222.8600","185.6718","0.4279"
"222.8800","185.6889","0.4279"
"222.9000","185.7055","0.4279"
"222.9200","185.7220","0.4279"
"222.9400","185.7387","0.4279"
"222.9600","185.7555","0.4280"
"222.9800","185.7722","0.4280"
"223.0000","185.7890","0.4280"
"223.0200","185.8055","0.4280"
"223.0400","185.8222","0.4280"
"223.0600","185.8392","0.4280"
"223.0800","185.8559","0.4280"
"223.1000","185.8729","0.4281"
"223.1200","185.8903","0.4281"
"223.1400","185.9067","0.4281"
"223.1600","185.9224","0.4281"
"223.1800","185.9383","0.4280"
"223.2000","185.9550","0.4280"
"223.2200","185.9721","0.4281"
"223.2400","185.9890","0.4281"
"223.2600","186.0056","0.4281"
"223.2800","186.0219","0.4281"
"223.3000","186.0387","0.4281"
"223.3200","186.0558","0.4282"
"223.3400","186.0725","0.4282"
"223.3600","186.0889","0.4282"
"223.3800","186.1054","0.4282"
"223.4000","186.1219","0.4282"
"223.4200","186.1385","0.4283"
"223.4400","186.1553","0.4283"
"223.4600","186.1725","0.4283"
"223.4800","186.1897","0.4284"
"223.5000","186.2066","0.4284"
"223.5200","186.2226","0.4284"
"223.5400","186.2383","0.4283"
"223.5600","186.2547","0.4284"
"223.5800","186.2716","0.4284"
"223.6000","186.2885","0.4284"
"223.6200","186.3052","0.4285"
"223.6400","186.3215","0.4285"
"223.6600","186.3381","0.4285"
"223.6800","186.3553","0.4286"
"223.7000","186.3725","0.4286"
"223.7200","186.3890","0.4286"
"223.7400","186.4052","0.4286"
"223.7600","186.4215","0.4286"
"223.7800","186.4382","0.4287"
"223.8000","186.4553","0.4287"
"223.8200","186.4726","0.4288"
"223.8400","186.4896","0.4288"
"223.8600","186.5065","0.4288"
"223.8800","186.5229","0.4288"
"223.9000","186.5389","0.4288"
"223.9200","186.5551","0.4288"
"223.9400","186.5717","0.4288"
"223.9600","186.5886","0.4289"
"223.9800","186.6053","0.4289"
"224.0000","186.6219","0.4289"
"224.0200","186.6383","0.4289"
"224.0400","186.6552","0.4289"
"224.0600","186.6725","0.4290"
"224.0800","186.6893","0.4290"
"224.1000","186.7054","0.4289"
"224.1200","186.7215","0.4289"
"224.1400","186.7380","0.4289"
"224.1600","186.7549","0.4290"
"224.1800","186.7723","0.4290"
"224.2000","186.7897","0.4291"
"224.2200","186.8066","0.4291"
"224.2400","186.8231","0.4291"
"224.2600","186.8393","0.4290"
"224.2800","186.8553","0.4290"
"224.3000","186.8718","0.4290"
"224.3200","186.8885","0.4290"
"224.3400","186.9050","0.4290"
"224.3600","186.9215","0.4290"
"224.3800","186.9382","0.4290"
"224.4000","186.9550","0.4290"
"224.4200","186.9722","0.4290"
"224.4400","186.9895","0.4290"
"224.4600","187.0061","0.4290"
"224.4800","187.0219","0.4290"
"224.5000","187.0380","0.4289"
"224.5200","187.0546","0.4289"
"224.5400","187.0718","0.4289"
"224.5600","187.0892","0.4290"
"224.5800","187.1061","0.4290"
"224.6000","187.1227","0.4290"
"224.6200","187.1395","0.4290"
"224.6400","187.1561","0.4290"
"224.6600","187.1726","0.4289"
"224.6800","187.1890","0.4289"
"224.7000","187.2052","0.4289"
"224.7200","187.2213","0.4288"
"224.7400","187.2378","0.4288"
"224.7600","187.2547","0.4288"
"224.7800","187.2718","0.4288"
"224.8000","187.2891","0.4288"
"224.8200","187.3060","0.4288"
"224.8400","187.3223","0.4288"
"224.8600","187.3384","0.4287"
"224.8800","187.3549","0.4287"
"224.9000","187.3722","0.4288"
"224.9200","187.3895","0.4288"
"224.9400","187.4063","0.4288"
"224.9600","187.4225","0.4287"
"224.9800","187.4390","0.4287"
"225.0000","187.4560","0.4287"
"225.0200","187.4728","0.4287"
"225.0400","187.4893","0.4287"
"225.0600","187.5058","0.4287"
"225.0800","187.5218","0.4286"
"225.1000","187.5379","0.4286"
"225.1200","187.5546","0.4286"
"225.1400","187.5717","0.4286"
"225.1600","187.5888","0.4286"
"225.1800","187.6059","0.4286"
"225.2000","187.6226","0.4286"
"225.2200","187.6388","0.4286"
"225.2400","187.6552","0.4286"
"225.2600","187.6718","0.4285"
"225.2800","187.6886","0.4285"
"225.3000","187.7055","0.4286"
"225.3200","187.7222","0.4285"
"225.3400","187.7388","0.4285"
"225.3600","187.7559","0.4286"
"225.3800","187.7731","0.4286"
"225.4000","187.7897","0.4286"
"225.4200","187.8057","0.4285"
"225.4400","187.8217","0.4285"
"225.4600","187.8380","0.4285"
"225.4800","187.8548","0.4285"
"225.5000","187.8722","0.4285"
"225.5200","187.8891","0.4285"
"225.5400","187.9056","0.4285"
"225.5600","187.9222","0.4285"
"225.5800","187.9386","0.4284"
"225.6000","187.9549","0.4284"
"225.6200","187.9718","0.4284"
"225.6400","187.9888","0.4285"
"225.6600","188.0058","0.4285"
"225.6800","188.0226","0.4285"
"225.7000","188.0392","0.4285"
"225.7200","188.0558","0.4285"
"225.7400","188.0731","0.4285"
"225.7600","188.0903","0.4286"
"225.7800","188.1062","0.4285"
"225.8000","188.1219","0.4285"
"225.8200","188.1380","0.4285"
"225.8400","188.1544","0.4285"
"225.8600","188.1716","0.4286"
"225.8800","188.1888","0.4286"
"225.9000","188.2055","0.4286"
"225.9200","188.2222","0.4286"
"225.9400","188.2390","0.4287"
"225.9600","188.2556","0.4287"
"225.9800","188.2720","0.4287"
"226.0000","188.2888","0.4287"
"226.0200","188.3054","0.4288"
"226.0400","188.3220","0.4288"
"226.0600","188.3389","0.4288"
"226.0800","188.3556","0.4288"
"226.1000","188.3724","0.4289"
"226.1200","188.3896","0.4290"
"226.1400","188.4062","0.4290"
"226.1600","188.4221","0.4289"
"226.1800","188.4381","0.4289"
"226.2000","188.4547","0.4290"
"226.2200","188.4716","0.4290"
"226.2400","188.4887","0.4291"
"226.2600","188.5054","0.4291"
"226.2800","188.5215","0.4291"
"226.3000","188.5382","0.4291"
"226.3200","188.5553","0.4292"
"226.3400","188.5721","0.4292"
"226.3600","188.5888","0.4292"
"226.3800","188.6053","0.4293"
"226.4000","188.6218","0.4293"
"226.4200","188.6386","0.4293"
"226.4400","188.6557","0.4294"
"226.4600","188.6729","0.4294"
"226.4800","188.6901","0.4295"
"226.5000","188.7070","0.4295"
"226.5200","188.7228","0.4295"
"226.5400","188.7385","0.4295"
"226.5600","188.7549","0.4295"
"226.5800","188.7718","0.4296"
"226.6000","188.7887","0.4296"
"226.6200","188.8054","0.4296"
"226.6400","188.8217","0.4297"
"226.6600","188.8384","0.4297"
"226.6800","188.8557","0.4298"
"226.7000","188.8730","0.4298"
"226.7200","188.8894","0.4298"
"226.7400","188.9055","0.4298"
"226.7600","188.9218","0.4298"
"226.7800","188.9382","0.4298"
"226.8000","188.9551","0.4299"
"226.8200","188.9726","0.4299"
"226.8400","188.9898","0.4300"
"226.8600","189.0066","0.4300"
"226.8800","189.0230","0.4300"
"226.9000","189.0388","0.4300"
"226.9200","189.0550","0.4300"
"226.9400","189.0718","0.4300"
"226.9600","189.0886","0.4301"
"226.9800","189.1051","0.4301"
"227.0000","189.1216","0.4301"
"227.0200","189.1379","0.4301"
"227.0400","189.1546","0.4301"
"227.0600","189.1721","0.4302"
"227.0800","189.1892","0.4302"
"227.1000","189.2055","0.4302"
"227.1200","189.2218","0.4302"
"227.1400","189.2381","0.4302"
"227.1600","189.2550","0.4303"
"227.1800","189.2724","0.4303"
"227.2000","189.2896","0.4304"
"227.2200","189.3063","0.4304"
"227.2400","189.3230","0.4304"
"227.2600","189.3394","0.4304"
"227.2800","189.3555","0.4304"
"227.3000","189.3718","0.4304"
"227.3200","189.3885","0.4304"
"227.3400","189.4051","0.4304"
"227.3600","189.4219","0.4304"
"227.3800","189.4386","0.4305"
"227.4000","189.4552","0.4305"
"227.4200","189.4722","0.4305"
"227.4400","189.4893","0.4306"
"227.4600","189.5058","0.4306"
"227.4800","189.5219","0.4306"
"227.5000","189.5382","0.4306"
"227.5200","189.5548","0.4306"
"227.5400","189.5721","0.4306"
"227.5600","189.5896","0.4307"
"227.5800","189.6063","0.4307"
"227.6000","189.6226","0.4307"
"227.6200","189.6393","0.4307"
"227.6400","189.6560","0.4307"
"227.6600","189.6727","0.4308"
"227.6800","189.6893","0.4308"
"227.7000","189.7055","0.4308"
"227.7200","189.7215","0.4307"
"227.7400","189.7379","0.4307"
"227.7600","189.7548","0.4307"
"227.7800","189.7718","0.4308"
"227.8000","189.7891","0.4308"
"227.8200","189.8061","0.4309"
"227.8400","189.8222","0.4308"
"227.8600","189.8381","0.4308"
"227.8800","189.8548","0.4308"
"227.9000","189.8721","0.4309"
"227.9200","189.8895","0.4309"
"227.9400","189.9064","0.4309"
"227.9600","189.9226","0.4309"
"227.9800","189.9389","0.4308"
"228.0000","189.9558","0.4308"
"228.0200","189.9727","0.4309"
"228.0400","189.9895","0.4309"
"228.0600","190.0062","0.4309"
"228.0800","190.0222","0.4308"
"228.1000","190.0381","0.4308"
"228.1200","190.0548","0.4308"
"228.1400","190.0720","0.4308"
"228.1600","190.0891","0.4308"
"228.1800","190.1061","0.4308"
"228.2000","190.1227","0.4308"
"228.2200","190.1386","0.4307"
"228.2400","190.1549","0.4307"
"228.2600","190.1717","0.4307"
"228.2800","190.1887","0.4307"
"228.3000","190.2057","0.4307"
"228.3200","190.2224","0.4307"
"228.3400","190.2388","0.4306"
"228.3600","190.2558","0.4306"
"228.3800","190.2732","0.4306"
"228.4000","190.2897","0.4306"
"228.4200","190.3055","0.4305"
"228.4400","190.3214","0.4304"
"228.4600","190.3377","0.4304"
"228.4800","190.3545","0.4303"
"228.5000","190.3719","0.4304"
"228.5200","190.3888","0.4303"
"228.5400","190.4053","0.4303"
"228.5600","190.4221","0.4303"
"228.5800","190.4386","0.4303"
"228.6000","190.4550","0.4302"
"228.6200","190.4719","0.4302"
"228.6400","190.4889","0.4302"
"228.6600","190.5058","0.4302"
"228.6800","190.5222","0.4301"
"228.7000","190.5384","0.4301"
"228.7200","190.5554","0.4301"
"228.7400","190.5733","0.4301"
"228.7600","190.5907","0.4301"
"228.7800","190.6065","0.4300"
"228.8000","190.6220","0.4299"
"228.8200","190.6381","0.4299"
"228.8400","190.6547","0.4298"
"228.8600","190.6718","0.4299"
"228.8800","190.6890","0.4299"
"228.9000","190.7056","0.4298"
"228.9200","190.7220","0.4298"
"228.9400","190.7387","0.4298"
"228.9600","190.7553","0.4298"
"228.9800","190.7719","0.4298"
"229.0000","190.7887","0.4298"
"229.0200","190.8054","0.4298"
"229.0400","190.8221","0.4298"
"229.0600","190.8391","0.4298"
"229.0800","190.8558","0.4298"
"229.1000","190.8728","0.4298"
"229.1200","190.8900","0.4299"
"229.1400","190.9065","0.4298"
"229.1600","190.9223","0.4298"
"229.1800","190.9382","0.4297"
"229.2000","190.9549","0.4298"
"229.2200","190.9720","0.4298"
"229.2400","190.9890","0.4299"
"229.2600","191.0055","0.4298"
"229.2800","191.0216","0.4298"
"229.3000","191.0383","0.4298"
"229.3200","191.0555","0.4299"
"229.3400","191.0724","0.4299"
"229.3600","191.0890","0.4299"
"229.3800","191.1055","0.4300"
"229.4000","191.1220","0.4300"
"229.4200","191.1386","0.4300"
"229.4400","191.1555","0.4300"
"229.4600","191.1726","0.4301"
"229.4800","191.1899","0.4301"
"229.5000","191.2069","0.4302"
"229.5200","191.2228","0.4301"
"229.5400","191.2384","0.4301"
"229.5600","191.2549","0.4301"
"229.5800","191.2718","0.4301"
"229.6000","191.2887","0.4302"
"229.6200","191.3054","0.4302"
"229.6400","191.3217","0.4302"
"229.6600","191.3383","0.4302"
"229.6800","191.3555","0.4303"
"229.7000","191.3726","0.4303"
"229.7200","191.3891","0.4303"
"229.7400","191.4054","0.4303"
"229.7600","191.4217","0.4303"
"229.7800","191.4382","0.4303"
"229.8000","191.4553","0.4304"
"229.8200","191.4727","0.4305"
"229.8400","191.4896","0.4305"
"229.8600","191.5064","0.4305"
"229.8800","191.5229","0.4305"
"229.9000","191.5390","0.4305"
"229.9200","191.5552","0.4305"
"229.9400","191.5717","0.4305"
"229.9600","191.5884","0.4305"
"229.9800","191.6051","0.4306"
"230.0000","191.6217","0.4306"
"230.0200","191.6380","0.4306"
"230.0400","191.6549","0.4306"
"230.0600","191.6725","0.4307"
"230.0800","191.6894","0.4307"
"230.1000","191.7054","0.4307"
"230.1200","191.7214","0.4307"
"230.1400","191.7378","0.4307"
"230.1600","191.7549","0.4308"
"230.1800","191.7724","0.4308"
"230.2000","191.7896","0.4309"
"230.2200","191.8064","0.4309"
"230.2400","191.8230","0.4309"
"230.2600","191.8392","0.4309"
"230.2800","191.8553","0.4308"
"230.3000","191.8718","0.4308"
"230.3200","191.8886","0.4309"
"230.3400","191.9050","0.4308"
"230.3600","191.9215","0.4308"
"230.3800","191.9382","0.4308"
"230.4000","191.9552","0.4309"
"230.4200","191.9724","0.4309"
"230.4400","191.9894","0.4309"
"230.4600","192.0058","0.4309"
"230.4800","192.0218","0.4309"
"230.5000","192.0381","0.4308"
"230.5200","192.0549","0.4308"
"230.5400","192.0720","0.4308"
"230.5600","192.0893","0.4309"
"230.5800","192.1062","0.4309"
"230.6000","192.1227","0.4308"
"230.6200","192.1394","0.4308"
"230.6400","192.1561","0.4308"
"230.6600","192.1726","0.4308"
"230.6800","192.1890","0.4307"
"230.7000","192.2054","0.4307"
"230.7200","192.2216","0.4307"
"230.7400","192.2380","0.4306"
"230.7600","192.2548","0.4306"
"230.7800","192.2718","0.4306"
"230.8000","192.2891","0.4306"
"230.8200","192.3060","0.4306"
"230.8400","192.3222","0.4305"
"230.8600","192.3384","0.4304"
"230.8800","192.3551","0.4304"
"230.9000","192.3722","0.4303"
"230.9200","192.3895","0.4303"
"230.9400","192.4064","0.4302"
"230.9600","192.4228","0.4301"
"230.9800","192.4393","0.4299"
"231.0000","192.4563","0.4298"
"231.0200","192.4729","0.4296"
"231.0400","192.4892","0.4293"
"231.0600","192.5057","0.4288"
"231.0730","192.5162","0.4107"
"231.0750","192.5178","0.3948"
"231.0770","192.5195","0.3754"
"231.0790","192.5211","0.3540"
"231.0810","192.5229","0.3308"
"231.0830","192.5246","0.3067"
"231.0850","192.5265","0.2820"
"231.0870","192.5283","0.2573"
"231.0890","192.5303","0.2328"
"231.0910","192.5323","0.2089"
"231.0930","192.5344","0.1858"
"231.0950","192.5365","0.1638"
"231.0970","192.5387","0.1429"
"231.0990","192.5408","0.1234"
"231.1010","192.5431","0.1052"
"231.1030","192.5454","0.0884"
"231.1050","192.5476","0.0730"
"231.1070","192.5499","0.0591"
"231.1090","192.5522","0.0465"
"231.1100","192.5533","0.0407"

