Time,Displacement,Force
(s),(mm),(kN)
"0.0000","0.0000","0.0000"
"0.0200","0.0000","0.0000"
"0.0400","0.0000","0.0001"
"0.0600","0.0001","0.0000"
"0.0800","0.0001","0.0001"
"0.1000","0.0002","0.0001"
"0.1200","0.0003","0.0001"
"0.1400","0.0003","0.0001"
"0.1600","0.0004","0.0001"
"0.1800","0.0006","0.0001"
"0.2000","0.0008","0.0002"
"0.2200","0.0010","0.0002"
"0.2400","0.0012","0.0003"
"0.2600","0.0014","0.0003"
"0.2800","0.0017","0.0004"
"0.3000","0.0021","0.0004"
"0.3200","0.0025","0.0005"
"0.3400","0.0030","0.0006"
"0.3600","0.0035","0.0008"
"0.3800","0.0041","0.0009"
"0.4000","0.0048","0.0011"
"0.4200","0.0055","0.0012"
"0.4400","0.0060","0.0013"
"0.4600","0.0064","0.0014"
"0.4800","0.0068","0.0015"
"0.5000","0.0072","0.0017"
"0.5200","0.0078","0.0018"
"0.5400","0.0084","0.0019"
"0.5600","0.0092","0.0021"
"0.5800","0.0100","0.0022"
"0.6000","0.0110","0.0025"
"0.6200","0.0120","0.0028"
"0.6400","0.0131","0.0030"
"0.6600","0.0143","0.0033"
"0.6800","0.0154","0.0036"
"0.7000","0.0166","0.0039"
"0.7200","0.0177","0.0041"
"0.7400","0.0187","0.0043"
"0.7600","0.0197","0.0046"
"0.7800","0.0206","0.0048"
"0.8000","0.0214","0.0050"
"0.8200","0.0222","0.0052"
"0.8400","0.0230","0.0053"
"0.8600","0.0238","0.0055"
"0.8800","0.0245","0.0057"
"0.9000","0.0253","0.0059"
"0.9200","0.0261","0.0061"
"0.9400","0.0269","0.0062"
"0.9600","0.0277","0.0064"
"0.9800","0.0285","0.0066"
"1.0000","0.0294","0.0068"
"1.0200","0.0303","0.0070"
"1.0400","0.0312","0.0073"
"1.0600","0.0322","0.0075"
"1.0800","0.0331","0.0077"
"1.1000","0.0341","0.0079"
"1.1200","0.0350","0.0081"
"1.1400","0.0359","0.0083"
"1.1600","0.0368","0.0085"
"1.1800","0.0377","0.0087"
"1.2000","0.0386","0.0089"
"1.2200","0.0394","0.0091"
"1.2400","0.0402","0.0093"
"1.2600","0.0409","0.0094"
"1.2800","0.0416","0.0096"
"1.3000","0.0423","0.0097"
"1.3200","0.0430","0.0099"
"1.3400","0.0437","0.0101"
"1.3600","0.0444","0.0102"
"1.3800","0.0451","0.0104"
"1.4000","0.0458","0.0105"
"1.4200","0.0465","0.0107"
"1.4400","0.0473","0.0108"
"1.4600","0.0481","0.0110"
"1.4800","0.0489","0.0112"
"1.5000","0.0498","0.0114"
"1.5200","0.0507","0.0117"
"1.5400","0.0516","0.0118"
"1.5600","0.0524","0.0120"
"1.5800","0.0533","0.0122"
"1.6000","0.0541","0.0124"
"1.6200","0.0550","0.0126"
"1.6400","0.0558","0.0127"
"1.6600","0.0566","0.0129"
"1.6800","0.0574","0.0131"
"1.7000","0.0582","0.0133"
"1.7200","0.0590","0.0135"
"1.7400","0.0598","0.0137"
"1.7600","0.0607","0.0139"
"1.7800","0.0616","0.0141"
"1.8000","0.0625","0.0142"
"1.8200","0.0633","0.0144"
"1.8400","0.0642","0.0146"
"1.8600","0.0651","0.0148"
"1.8800","0.0659","0.0151"
"1.9000","0.0668","0.0152"
"1.9200","0.0677","0.0154"
"1.9400","0.0686","0.0156"
"1.9600","0.0695","0.0158"
"1.9800","0.0703","0.0160"
"2.0000","0.0712","0.0162"
"2.0200","0.0720","0.0164"
"2.0400","0.0729","0.0166"
"2.0600","0.0737","0.0168"
"2.0800","0.0746","0.0169"
"2.1000","0.0754","0.0171"
"2.1200","0.0762","0.0173"
"2.1400","0.0769","0.0175"
"2.1600","0.0777","0.0176"
"2.1800","0.0785","0.0178"
"2.2000","0.0793","0.0180"
"2.2200","0.0802","0.0182"
"2.2400","0.0810","0.0184"
"2.2600","0.0819","0.0186"
"2.2800","0.0829","0.0188"
"2.3000","0.0838","0.0190"
"2.3200","0.0848","0.0192"
"2.3400","0.0858","0.0194"
"2.3600","0.0867","0.0196"
"2.3800","0.0877","0.0198"
"2.4000","0.0887","0.0201"
"2.4200","0.0895","0.0203"
"2.4400","0.0904","0.0205"
"2.4600","0.0912","0.0206"
"2.4800","0.0920","0.0208"
"2.5000","0.0927","0.0209"
"2.5200","0.0934","0.0211"
"2.5400","0.0941","0.0212"
"2.5600","0.0948","0.0214"
"2.5800","0.0955","0.0215"
"2.6000","0.0962","0.0216"
"2.6200","0.0969","0.0218"
"2.6400","0.0976","0.0220"
"2.6600","0.0984","0.0221"
"2.6800","0.0992","0.0223"
"2.7000","0.1000","0.0225"
"2.7200","0.1009","0.0227"
"2.7400","0.1018","0.0229"
"2.7600","0.1027","0.0231"
"2.7800","0.1037","0.0233"
"2.8000","0.1046","0.0235"
"2.8200","0.1055","0.0237"
"2.8400","0.1064","0.0239"
"2.8600","0.1073","0.0241"
"2.8800","0.1081","0.0243"
"2.9000","0.1090","0.0245"
"2.9200","0.1098","0.0247"
"2.9400","0.1107","0.0248"
"2.9600","0.1115","0.0250"
"2.9800","0.1124","0.0252"
"3.0000","0.1133","0.0254"
"3.0200","0.1141","0.0256"
"3.0400","0.1150","0.0258"
"3.0600","0.1159","0.0260"
"3.0800","0.1168","0.0262"
"3.1000","0.1176","0.0264"
"3.1200","0.1185","0.0266"
"3.1400","0.1193","0.0267"
"3.1600","0.1202","0.0269"
"3.1800","0.1210","0.0271"
"3.2000","0.1218","0.0273"
"3.2200","0.1227","0.0274"
"3.2400","0.1235","0.0276"
"3.2600","0.1243","0.0278"
"3.2800","0.1251","0.0280"
"3.3000","0.1259","0.0281"
"3.3200","0.1266","0.0283"
"3.3400","0.1274","0.0285"
"3.3600","0.1282","0.0286"
"3.3800","0.1290","0.0288"
"3.4000","0.1298","0.0290"
"3.4200","0.1306","0.0291"
"3.4400","0.1314","0.0293"
"3.4600","0.1322","0.0295"
"3.4800","0.1330","0.0297"
"3.5000","0.1339","0.0299"
"3.5200","0.1348","0.0301"
"3.5400","0.1357","0.0303"
"3.5600","0.1367","0.0305"
"3.5800","0.1376","0.0307"
"3.6000","0.1385","0.0309"
"3.6200","0.1394","0.0311"
"3.6400","0.1404","0.0313"
"3.6600","0.1413","0.0315"
"3.6800","0.1421","0.0317"
"3.7000","0.1430","0.0318"
"3.7200","0.1438","0.0320"
"3.7400","0.1446","0.0322"
"3.7600","0.1453","0.0323"
"3.7800","0.1459","0.0324"
"3.8000","0.1466","0.0326"
"3.8200","0.1473","0.0327"
"3.8400","0.1480","0.0329"
"3.8600","0.1486","0.0330"
"3.8800","0.1493","0.0331"
"3.9000","0.1501","0.0333"
"3.9200","0.1508","0.0335"
"3.9400","0.1516","0.0336"
"3.9600","0.1524","0.0338"
"3.9800","0.1533","0.0340"
"4.0000","0.1542","0.0342"
"4.0200","0.1551","0.0344"
"4.0400","0.1560","0.0346"
"4.0600","0.1569","0.0348"
"4.0800","0.1578","0.0350"
"4.1000","0.1587","0.0352"
"4.1200","0.1596","0.0353"
"4.1400","0.1604","0.0355"
"4.1600","0.1613","0.0357"
"4.1800","0.1621","0.0359"
"4.2000","0.1629","0.0361"
"4.2200","0.1638","0.0362"
"4.2400","0.1647","0.0364"
"4.2600","0.1655","0.0366"
"4.2800","0.1664","0.0368"
"4.3000","0.1673","0.0370"
"4.3200","0.1682","0.0372"
"4.3400","0.1691","0.0374"
"4.3600","0.1699","0.0375"
"4.3800","0.1708","0.0377"
"4.4000","0.1716","0.0379"
"4.4200","0.1725","0.0381"
"4.4400","0.1733","0.0383"
"4.4600","0.1742","0.0385"
"4.4800","0.1750","0.0386"
"4.5000","0.1759","0.0388"
"4.5200","0.1767","0.0390"
"4.5400","0.1775","0.0391"
"4.5600","0.1783","0.0393"
"4.5800","0.1791","0.0395"
"4.6000","0.1798","0.0396"
"4.6200","0.1806","0.0398"
"4.6400","0.1814","0.0400"
"4.6600","0.1822","0.0401"
"4.6800","0.1830","0.0403"
"4.7000","0.1839","0.0405"
"4.7200","0.1847","0.0407"
"4.7400","0.1856","0.0408"
"4.7600","0.1865","0.0410"
"4.7800","0.1874","0.0412"
"4.8000","0.1883","0.0414"
"4.8200","0.1892","0.0416"
"4.8400","0.1902","0.0418"
"4.8600","0.1911","0.0420"
"4.8800","0.1920","0.0422"
"4.9000","0.1929","0.0424"
"4.9200","0.1938","0.0426"
"4.9400","0.1947","0.0428"
"4.9600","0.1955","0.0430"
"4.9800","0.1962","0.0431"
"5.0000","0.1970","0.0432"
"5.0200","0.1977","0.0434"
"5.0400","0.1984","0.0435"
"5.0600","0.1991","0.0437"
"5.0800","0.1998","0.0438"
"5.1000","0.2004","0.0440"
"5.1200","0.2011","0.0441"
"5.1400","0.2018","0.0443"
"5.1600","0.2026","0.0444"
"5.1800","0.2033","0.0446"
"5.2000","0.2041","0.0447"
"5.2200","0.2050","0.0449"
"5.2400","0.2059","0.0451"
"5.2600","0.2068","0.0453"
"5.2800","0.2077","0.0455"
"5.3000","0.2087","0.0457"
"5.3200","0.2096","0.0459"
"5.3400","0.2105","0.0461"
"5.3600","0.2114","0.0463"
"5.3800","0.2123","0.0465"
"5.4000","0.2131","0.0466"
"5.4200","0.2139","0.0468"
"5.4400","0.2148","0.0470"
"5.4600","0.2156","0.0472"
"5.4800","0.2164","0.0474"
"5.5000","0.2172","0.0475"
"5.5200","0.2181","0.0477"
"5.5400","0.2189","0.0479"
"5.5600","0.2198","0.0480"
"5.5800","0.2207","0.0482"
"5.6000","0.2216","0.0484"
"5.6200","0.2224","0.0486"
"5.6400","0.2233","0.0488"
"5.6600","0.2242","0.0489"
"5.6800","0.2250","0.0491"
"5.7000","0.2258","0.0493"
"5.7200","0.2266","0.0494"
"5.7400","0.2274","0.0496"
"5.7600","0.2282","0.0498"
"5.7800","0.2290","0.0499"
"5.8000","0.2297","0.0501"
"5.8200","0.2305","0.0502"
"5.8400","0.2312","0.0504"
"5.8600","0.2320","0.0506"
"5.8800","0.2327","0.0507"
"5.9000","0.2335","0.0509"
"5.9200","0.2343","0.0510"
"5.9400","0.2351","0.0512"
"5.9600","0.2359","0.0513"
"5.9800","0.2368","0.0515"
"6.0000","0.2377","0.0517"
"6.0200","0.2385","0.0519"
"6.0400","0.2394","0.0521"
"6.0600","0.2404","0.0523"
"6.0800","0.2413","0.0525"
"6.1000","0.2422","0.0527"
"6.1200","0.2432","0.0529"
"6.1400","0.2441","0.0531"
"6.1600","0.2450","0.0533"
"6.1800","0.2459","0.0535"
"6.2000","0.2468","0.0537"
"6.2200","0.2477","0.0538"
"6.2400","0.2485","0.0540"
"6.2600","0.2492","0.0541"
"6.2800","0.2500","0.0543"
"6.3000","0.2507","0.0544"
"6.3200","0.2514","0.0546"
"6.3400","0.2521","0.0547"
"6.3600","0.2528","0.0548"
"6.3800","0.2536","0.0550"
"6.4000","0.2543","0.0551"
"6.4200","0.2551","0.0553"
"6.4400","0.2559","0.0555"
"6.4600","0.2567","0.0556"
"6.4800","0.2575","0.0558"
"6.5000","0.2584","0.0560"
"6.5200","0.2594","0.0562"
"6.5400","0.2603","0.0564"
"6.5600","0.2612","0.0566"
"6.5800","0.2622","0.0568"
"6.6000","0.2631","0.0570"
"6.6200","0.2639","0.0571"
"6.6400","0.2648","0.0573"
"6.6600","0.2656","0.0575"
"6.6800","0.2664","0.0577"
"6.7000","0.2672","0.0578"
"6.7200","0.2681","0.0580"
"6.7400","0.2689","0.0581"
"6.7600","0.2697","0.0583"
"6.7800","0.2706","0.0585"
"6.8000","0.2714","0.0587"
"6.8200","0.2723","0.0588"
"6.8400","0.2731","0.0590"
"6.8600","0.2740","0.0592"
"6.8800","0.2748","0.0593"
"6.9000","0.2757","0.0595"
"6.9200","0.2765","0.0597"
"6.9400","0.2774","0.0599"
"6.9600","0.2783","0.0601"
"6.9800","0.2792","0.0602"
"7.0000","0.2800","0.0604"
"7.0200","0.2809","0.0606"
"7.0400","0.2817","0.0608"
"7.0600","0.2825","0.0609"
"7.0800","0.2833","0.0611"
"7.1000","0.2841","0.0612"
"7.1200","0.2848","0.0614"
"7.1400","0.2856","0.0616"
"7.1600","0.2864","0.0617"
"7.1800","0.2872","0.0619"
"7.2000","0.2880","0.0621"
"7.2200","0.2889","0.0622"
"7.2400","0.2897","0.0624"
"7.2600","0.2906","0.0626"
"7.2800","0.2915","0.0628"
"7.3000","0.2924","0.0630"
"7.3200","0.2934","0.0632"
"7.3400","0.2943","0.0634"
"7.3600","0.2953","0.0636"
"7.3800","0.2962","0.0638"
"7.4000","0.2971","0.0639"
"7.4200","0.2980","0.0641"
"7.4400","0.2988","0.0643"
"7.4600","0.2996","0.0644"
"7.4800","0.3003","0.0646"
"7.5000","0.3010","0.0647"
"7.5200","0.3017","0.0649"
"7.5400","0.3024","0.0650"
"7.5600","0.3031","0.0651"
"7.5800","0.3038","0.0653"
"7.6000","0.3045","0.0654"
"7.6200","0.3052","0.0655"
"7.6400","0.3059","0.0656"
"7.6600","0.3067","0.0658"
"7.6800","0.3075","0.0660"
"7.7000","0.3083","0.0662"
"7.7200","0.3092","0.0663"
"7.7400","0.3100","0.0665"
"7.7600","0.3109","0.0667"
"7.7800","0.3119","0.0669"
"7.8000","0.3128","0.0671"
"7.8200","0.3137","0.0672"
"7.8400","0.3146","0.0674"
"7.8600","0.3155","0.0676"
"7.8800","0.3163","0.0678"
"7.9000","0.3172","0.0680"
"7.9200","0.3181","0.0681"
"7.9400","0.3189","0.0683"
"7.9600","0.3198","0.0685"
"7.9800","0.3207","0.0687"
"8.0000","0.3216","0.0689"
"8.0200","0.3225","0.0690"
"8.0400","0.3234","0.0692"
"8.0600","0.3243","0.0694"
"8.0800","0.3252","0.0696"
"8.1000","0.3261","0.0697"
"8.1200","0.3269","0.0699"
"8.1400","0.3277","0.0701"
"8.1600","0.3286","0.0703"
"8.1800","0.3294","0.0704"
"8.2000","0.3302","0.0706"
"8.2200","0.3310","0.0708"
"8.2400","0.3318","0.0709"
"8.2600","0.3326","0.0711"
"8.2800","0.3333","0.0712"
"8.3000","0.3341","0.0713"
"8.3200","0.3349","0.0715"
"8.3400","0.3356","0.0717"
"8.3600","0.3364","0.0718"
"8.3800","0.3372","0.0720"
"8.4000","0.3379","0.0721"
"8.4200","0.3387","0.0723"
"8.4400","0.3395","0.0724"
"8.4600","0.3403","0.0726"
"8.4800","0.3412","0.0728"
"8.5000","0.3421","0.0730"
"8.5200","0.3430","0.0731"
"8.5400","0.3439","0.0733"
"8.5600","0.3448","0.0735"
"8.5800","0.3458","0.0737"
"8.6000","0.3467","0.0739"
"8.6200","0.3477","0.0741"
"8.6400","0.3486","0.0743"
"8.6600","0.3496","0.0745"
"8.6800","0.3505","0.0747"
"8.7000","0.3513","0.0748"
"8.7200","0.3521","0.0750"
"8.7400","0.3529","0.0751"
"8.7600","0.3536","0.0753"
"8.7800","0.3543","0.0754"
"8.8000","0.3549","0.0755"
"8.8200","0.3556","0.0756"
"8.8400","0.3563","0.0758"
"8.8600","0.3569","0.0759"
"8.8800","0.3576","0.0760"
"8.9000","0.3583","0.0762"
"8.9200","0.3591","0.0763"
"8.9400","0.3599","0.0765"
"8.9600","0.3607","0.0766"
"8.9800","0.3615","0.0768"
"9.0000","0.3624","0.0770"
"9.0200","0.3633","0.0772"
"9.0400","0.3643","0.0774"
"9.0600","0.3652","0.0776"
"9.0800","0.3661","0.0778"
"9.1000","0.3670","0.0779"
"9.1200","0.3678","0.0781"
"9.1400","0.3687","0.0783"
"9.1600","0.3695","0.0784"
"9.1800","0.3703","0.0786"
"9.2000","0.3711","0.0788"
"9.2200","0.3720","0.0789"
"9.2400","0.3728","0.0791"
"9.2600","0.3737","0.0793"
"9.2800","0.3745","0.0794"
"9.3000","0.3754","0.0796"
"9.3200","0.3763","0.0798"
"9.3400","0.3771","0.0799"
"9.3600","0.3780","0.0801"
"9.3800","0.3788","0.0803"
"9.4000","0.3797","0.0805"
"9.4200","0.3805","0.0806"
"9.4400","0.3814","0.0808"
"9.4600","0.3822","0.0810"
"9.4800","0.3831","0.0811"
"9.5000","0.3839","0.0813"
"9.5200","0.3848","0.0815"
"9.5400","0.3856","0.0816"
"9.5600","0.3864","0.0818"
"9.5800","0.3872","0.0820"
"9.6000","0.3880","0.0821"
"9.6200","0.3888","0.0823"
"9.6400","0.3897","0.0824"
"9.6600","0.3905","0.0826"
"9.6800","0.3913","0.0827"
"9.7000","0.3921","0.0829"
"9.7200","0.3930","0.0831"
"9.7400","0.3938","0.0833"
"9.7600","0.3947","0.0834"
"9.7800","0.3956","0.0836"
"9.8000","0.3965","0.0838"
"9.8200","0.3975","0.0840"
"9.8400","0.3984","0.0842"
"9.8600","0.3994","0.0844"
"9.8800","0.4003","0.0846"
"9.9000","0.4013","0.0847"
"9.9200","0.4022","0.0849"
"9.9400","0.4030","0.0851"
"9.9600","0.4038","0.0853"
"9.9800","0.4046","0.0854"
"10.0000","0.4053","0.0855"
"10.0200","0.4061","0.0857"
"10.0400","0.4068","0.0858"
"10.0600","0.4075","0.0860"
"10.0800","0.4082","0.0861"
"10.1000","0.4089","0.0862"
"10.1200","0.4096","0.0864"
"10.1400","0.4103","0.0865"
"10.1600","0.4111","0.0867"
"10.1800","0.4120","0.0868"
"10.2000","0.4128","0.0870"
"10.2200","0.4137","0.0872"
"10.2400","0.4147","0.0874"
"10.2600","0.4156","0.0876"
"10.2800","0.4166","0.0877"
"10.3000","0.4175","0.0879"
"10.3200","0.4184","0.0881"
"10.3400","0.4193","0.0883"
"10.3600","0.4202","0.0885"
"10.3800","0.4210","0.0886"
"10.4000","0.4218","0.0888"
"10.4200","0.4226","0.0889"
"10.4400","0.4235","0.0891"
"10.4600","0.4243","0.0893"
"10.4800","0.4251","0.0894"
"10.5000","0.4260","0.0896"
"10.5200","0.4268","0.0897"
"10.5400","0.4276","0.0899"
"10.5600","0.4285","0.0901"
"10.5800","0.4293","0.0902"
"10.6000","0.4301","0.0904"
"10.6200","0.4310","0.0906"
"10.6400","0.4318","0.0907"
"10.6600","0.4326","0.0909"
"10.6800","0.4334","0.0910"
"10.7000","0.4342","0.0912"
"10.7200","0.4350","0.0914"
"10.7400","0.4358","0.0915"
"10.7600","0.4366","0.0917"
"10.7800","0.4374","0.0918"
"10.8000","0.4381","0.0919"
"10.8200","0.4389","0.0921"
"10.8400","0.4396","0.0922"
"10.8600","0.4404","0.0924"
"10.8800","0.4412","0.0925"
"10.9000","0.4419","0.0927"
"10.9200","0.4427","0.0928"
"10.9400","0.4435","0.0930"
"10.9600","0.4443","0.0932"
"10.9800","0.4452","0.0933"
"11.0000","0.4460","0.0935"
"11.0200","0.4469","0.0936"
"11.0400","0.4478","0.0938"
"11.0600","0.4488","0.0940"
"11.0800","0.4497","0.0942"
"11.1000","0.4506","0.0944"
"11.1200","0.4516","0.0946"
"11.1400","0.4525","0.0948"
"11.1600","0.4535","0.0949"
"11.1800","0.4543","0.0951"
"11.2000","0.4552","0.0953"
"11.2200","0.4560","0.0954"
"11.2400","0.4568","0.0956"
"11.2600","0.4575","0.0957"
"11.2800","0.4582","0.0959"
"11.3000","0.4590","0.0960"
"11.3200","0.4597","0.0961"
"11.3400","0.4604","0.0962"
"11.3600","0.4611","0.0964"
"11.3800","0.4618","0.0965"
"11.4000","0.4625","0.0967"
"11.4200","0.4633","0.0968"
"11.4400","0.4641","0.0970"
"11.4600","0.4650","0.0971"
"11.4800","0.4659","0.0973"
"11.5000","0.4668","0.0975"
"11.5200","0.4677","0.0977"
"11.5400","0.4687","0.0979"
"11.5600","0.4696","0.0980"
"11.5800","0.4705","0.0982"
"11.6000","0.4714","0.0984"
"11.6200","0.4723","0.0986"
"11.6400","0.4731","0.0987"
"11.6600","0.4740","0.0989"
"11.6800","0.4748","0.0990"
"11.7000","0.4756","0.0992"
"11.7200","0.4765","0.0993"
"11.7400","0.4773","0.0995"
"11.7600","0.4782","0.0996"
"11.7800","0.4790","0.0998"
"11.8000","0.4799","0.1000"
"11.8200","0.4807","0.1002"
"11.8400","0.4816","0.1003"
"11.8600","0.4824","0.1005"
"11.8800","0.4833","0.1006"
"11.9000","0.4842","0.1008"
"11.9200","0.4850","0.1010"
"11.9400","0.4859","0.1012"
"11.9600","0.4867","0.1013"
"11.9800","0.4876","0.1015"
"12.0000","0.4884","0.1016"
"12.0200","0.4893","0.1018"
"12.0400","0.4901","0.1020"
"12.0600","0.4909","0.1021"
"12.0800","0.4917","0.1023"
"12.1000","0.4925","0.1024"
"12.1200","0.4933","0.1025"
"12.1400","0.4940","0.1027"
"12.1600","0.4948","0.1028"
"12.1800","0.4956","0.1030"
"12.2000","0.4965","0.1032"
"12.2200","0.4973","0.1033"
"12.2400","0.4982","0.1035"
"12.2600","0.4991","0.1037"
"12.2800","0.5000","0.1039"
"12.3000","0.5009","0.1040"
"12.3200","0.5018","0.1042"
"12.3400","0.5028","0.1044"
"12.3600","0.5037","0.1046"
"12.3800","0.5046","0.1048"
"12.4000","0.5056","0.1049"
"12.4200","0.5064","0.1051"
"12.4400","0.5073","0.1053"
"12.4600","0.5081","0.1054"
"12.4800","0.5089","0.1055"
"12.5000","0.5096","0.1057"
"12.5200","0.5103","0.1058"
"12.5400","0.5110","0.1059"
"12.5600","0.5117","0.1060"
"12.5800","0.5124","0.1062"
"12.6000","0.5131","0.1063"
"12.6200","0.5138","0.1064"
"12.6400","0.5145","0.1066"
"12.6600","0.5152","0.1067"
"12.6800","0.5160","0.1068"
"12.7000","0.5168","0.1070"
"12.7200","0.5177","0.1072"
"12.7400","0.5186","0.1073"
"12.7600","0.5195","0.1075"
"12.7800","0.5204","0.1077"
"12.8000","0.5213","0.1079"
"12.8200","0.5222","0.1080"
"12.8400","0.5231","0.1082"
"12.8600","0.5239","0.1084"
"12.8800","0.5247","0.1085"
"12.9000","0.5255","0.1087"
"12.9200","0.5263","0.1088"
"12.9400","0.5271","0.1090"
"12.9600","0.5279","0.1091"
"12.9800","0.5287","0.1093"
"13.0000","0.5296","0.1095"
"13.0200","0.5304","0.1096"
"13.0400","0.5313","0.1098"
"13.0600","0.5321","0.1099"
"13.0800","0.5330","0.1101"
"13.1000","0.5339","0.1103"
"13.1200","0.5347","0.1105"
"13.1400","0.5356","0.1106"
"13.1600","0.5364","0.1108"
"13.1800","0.5372","0.1109"
"13.2000","0.5381","0.1111"
"13.2200","0.5389","0.1112"
"13.2400","0.5397","0.1114"
"13.2600","0.5405","0.1115"
"13.2800","0.5414","0.1117"
"13.3000","0.5422","0.1118"
"13.3200","0.5430","0.1120"
"13.3400","0.5438","0.1121"
"13.3600","0.5446","0.1123"
"13.3800","0.5454","0.1125"
"13.4000","0.5462","0.1126"
"13.4200","0.5470","0.1128"
"13.4400","0.5478","0.1129"
"13.4600","0.5486","0.1130"
"13.4800","0.5495","0.1132"
"13.5000","0.5504","0.1134"
"13.5200","0.5512","0.1136"
"13.5400","0.5521","0.1137"
"13.5600","0.5531","0.1139"
"13.5800","0.5540","0.1141"
"13.6000","0.5550","0.1143"
"13.6200","0.5560","0.1144"
"13.6400","0.5569","0.1146"
"13.6600","0.5578","0.1148"
"13.6800","0.5586","0.1150"
"13.7000","0.5595","0.1151"
"13.7200","0.5603","0.1153"
"13.7400","0.5610","0.1154"
"13.7600","0.5617","0.1155"
"13.7800","0.5624","0.1156"
"13.8000","0.5631","0.1158"
"13.8200","0.5638","0.1159"
"13.8400","0.5645","0.1160"
"13.8600","0.5652","0.1161"
"13.8800","0.5659","0.1162"
"13.9000","0.5666","0.1164"
"13.9200","0.5674","0.1165"
"13.9400","0.5682","0.1167"
"13.9600","0.5690","0.1169"
"13.9800","0.5699","0.1170"
"14.0000","0.5708","0.1172"
"14.0200","0.5717","0.1174"
"14.0400","0.5727","0.1176"
"14.0600","0.5736","0.1178"
"14.0800","0.5745","0.1179"
"14.1000","0.5754","0.1181"
"14.1200","0.5763","0.1183"
"14.1400","0.5771","0.1184"
"14.1600","0.5780","0.1186"
"14.1800","0.5788","0.1187"
"14.2000","0.5797","0.1189"
"14.2200","0.5805","0.1191"
"14.2400","0.5814","0.1192"
"14.2600","0.5822","0.1194"
"14.2800","0.5831","0.1195"
"14.3000","0.5839","0.1197"
"14.3200","0.5848","0.1198"
"14.3400","0.5857","0.1200"
"14.3600","0.5865","0.1202"
"14.3800","0.5874","0.1204"
"14.4000","0.5882","0.1205"
"14.4200","0.5890","0.1207"
"14.4400","0.5899","0.1208"
"14.4600","0.5907","0.1210"
"14.4800","0.5916","0.1211"
"14.5000","0.5924","0.1213"
"14.5200","0.5933","0.1214"
"14.5400","0.5941","0.1216"
"14.5600","0.5949","0.1217"
"14.5800","0.5957","0.1219"
"14.6000","0.5965","0.1220"
"14.6200","0.5973","0.1222"
"14.6400","0.5981","0.1223"
"14.6600","0.5989","0.1224"
"14.6800","0.5997","0.1226"
"14.7000","0.6005","0.1227"
"14.7200","0.6013","0.1229"
"14.7400","0.6022","0.1231"
"14.7600","0.6030","0.1232"
"14.7800","0.6039","0.1234"
"14.8000","0.6048","0.1236"
"14.8200","0.6057","0.1237"
"14.8400","0.6067","0.1239"
"14.8600","0.6076","0.1241"
"14.8800","0.6086","0.1243"
"14.9000","0.6095","0.1244"
"14.9200","0.6104","0.1246"
"14.9400","0.6112","0.1248"
"14.9600","0.6121","0.1249"
"14.9800","0.6129","0.1251"
"15.0000","0.6136","0.1252"
"15.0200","0.6143","0.1253"
"15.0400","0.6151","0.1254"
"15.0600","0.6158","0.1256"
"15.0800","0.6165","0.1257"
"15.1000","0.6172","0.1258"
"15.1200","0.6179","0.1260"
"15.1400","0.6186","0.1261"
"15.1600","0.6194","0.1262"
"15.1800","0.6202","0.1264"
"15.2000","0.6210","0.1265"
"15.2200","0.6219","0.1267"
"15.2400","0.6228","0.1269"
"15.2600","0.6237","0.1270"
"15.2800","0.6246","0.1272"
"15.3000","0.6255","0.1274"
"15.3200","0.6264","0.1275"
"15.3400","0.6273","0.1277"
"15.3600","0.6281","0.1279"
"15.3800","0.6290","0.1280"
"15.4000","0.6298","0.1282"
"15.4200","0.6307","0.1283"
"15.4400","0.6315","0.1285"
"15.4600","0.6324","0.1286"
"15.4800","0.6332","0.1288"
"15.5000","0.6341","0.1290"
"15.5200","0.6350","0.1291"
"15.5400","0.6359","0.1293"
"15.5600","0.6368","0.1295"
"15.5800","0.6377","0.1296"
"15.6000","0.6385","0.1298"
"15.6200","0.6394","0.1299"
"15.6400","0.6402","0.1301"
"15.6600","0.6410","0.1302"
"15.6800","0.6418","0.1304"
"15.7000","0.6426","0.1305"
"15.7200","0.6434","0.1307"
"15.7400","0.6442","0.1308"
"15.7600","0.6450","0.1309"
"15.7800","0.6457","0.1311"
"15.8000","0.6465","0.1312"
"15.8200","0.6473","0.1314"
"15.8400","0.6480","0.1315"
"15.8600","0.6488","0.1316"
"15.8800","0.6495","0.1317"
"15.9000","0.6503","0.1319"
"15.9200","0.6511","0.1320"
"15.9400","0.6519","0.1322"
"15.9600","0.6528","0.1323"
"15.9800","0.6536","0.1325"
"16.0000","0.6545","0.1327"
"16.0200","0.6554","0.1329"
"16.0400","0.6564","0.1330"
"16.0600","0.6573","0.1332"
"16.0800","0.6583","0.1334"
"16.1000","0.6592","0.1336"
"16.1200","0.6601","0.1338"
"16.1400","0.6611","0.1339"
"16.1600","0.6620","0.1341"
"16.1800","0.6628","0.1342"
"16.2000","0.6637","0.1344"
"16.2200","0.6645","0.1345"
"16.2400","0.6653","0.1347"
"16.2600","0.6660","0.1348"
"16.2800","0.6667","0.1349"
"16.3000","0.6674","0.1350"
"16.3200","0.6680","0.1352"
"16.3400","0.6687","0.1353"
"16.3600","0.6694","0.1354"
"16.3800","0.6701","0.1355"
"16.4000","0.6708","0.1356"
"16.4200","0.6716","0.1358"
"16.4400","0.6724","0.1359"
"16.4600","0.6732","0.1361"
"16.4800","0.6741","0.1362"
"16.5000","0.6750","0.1364"
"16.5200","0.6760","0.1366"
"16.5400","0.6769","0.1367"
"16.5600","0.6778","0.1369"
"16.5800","0.6787","0.1371"
"16.6000","0.6796","0.1373"
"16.6200","0.6804","0.1374"
"16.6400","0.6812","0.1375"
"16.6600","0.6821","0.1377"
"16.6800","0.6829","0.1378"
"16.7000","0.6837","0.1380"
"16.7200","0.6845","0.1381"
"16.7400","0.6853","0.1383"
"16.7600","0.6861","0.1384"
"16.7800","0.6870","0.1386"
"16.8000","0.6878","0.1387"
"16.8200","0.6887","0.1389"
"16.8400","0.6895","0.1390"
"16.8600","0.6904","0.1392"
"16.8800","0.6912","0.1393"
"16.9000","0.6921","0.1395"
"16.9200","0.6929","0.1397"
"16.9400","0.6938","0.1398"
"16.9600","0.6946","0.1400"
"16.9800","0.6955","0.1401"
"17.0000","0.6964","0.1403"
"17.0200","0.6972","0.1405"
"17.0400","0.6980","0.1406"
"17.0600","0.6989","0.1407"
"17.0800","0.6997","0.1409"
"17.1000","0.7005","0.1410"
"17.1200","0.7013","0.1411"
"17.1400","0.7021","0.1413"
"17.1600","0.7029","0.1415"
"17.1800","0.7038","0.1416"
"17.2000","0.7046","0.1418"
"17.2200","0.7055","0.1419"
"17.2400","0.7064","0.1421"
"17.2600","0.7073","0.1422"
"17.2800","0.7082","0.1424"
"17.3000","0.7092","0.1426"
"17.3200","0.7102","0.1428"
"17.3400","0.7112","0.1430"
"17.3600","0.7122","0.1432"
"17.3800","0.7132","0.1434"
"17.4000","0.7141","0.1435"
"17.4200","0.7150","0.1437"
"17.4400","0.7158","0.1438"
"17.4600","0.7166","0.1439"
"17.4800","0.7173","0.1441"
"17.5000","0.7180","0.1442"
"17.5200","0.7187","0.1443"
"17.5400","0.7193","0.1444"
"17.5600","0.7200","0.1445"
"17.5800","0.7207","0.1446"
"17.6000","0.7214","0.1447"
"17.6200","0.7221","0.1449"
"17.6400","0.7228","0.1450"
"17.6600","0.7236","0.1451"
"17.6800","0.7243","0.1453"
"17.7000","0.7252","0.1454"
"17.7200","0.7260","0.1456"
"17.7400","0.7269","0.1458"
"17.7600","0.7278","0.1459"
"17.7800","0.7288","0.1461"
"17.8000","0.7297","0.1462"
"17.8200","0.7306","0.1464"
"17.8400","0.7315","0.1466"
"17.8600","0.7324","0.1468"
"17.8800","0.7333","0.1469"
"17.9000","0.7341","0.1471"
"17.9200","0.7349","0.1472"
"17.9400","0.7358","0.1474"
"17.9600","0.7366","0.1475"
"17.9800","0.7374","0.1477"
"18.0000","0.7383","0.1478"
"18.0200","0.7391","0.1480"
"18.0400","0.7400","0.1481"
"18.0600","0.7408","0.1483"
"18.0800","0.7416","0.1484"
"18.1000","0.7425","0.1486"
"18.1200","0.7433","0.1487"
"18.1400","0.7442","0.1489"
"18.1600","0.7450","0.1490"
"18.1800","0.7458","0.1492"
"18.2000","0.7467","0.1493"
"18.2200","0.7475","0.1494"
"18.2400","0.7483","0.1496"
"18.2600","0.7491","0.1497"
"18.2800","0.7499","0.1499"
"18.3000","0.7507","0.1500"
"18.3200","0.7515","0.1502"
"18.3400","0.7522","0.1503"
"18.3600","0.7530","0.1504"
"18.3800","0.7538","0.1505"
"18.4000","0.7545","0.1507"
"18.4200","0.7553","0.1508"
"18.4400","0.7561","0.1510"
"18.4600","0.7569","0.1511"
"18.4800","0.7578","0.1513"
"18.5000","0.7586","0.1514"
"18.5200","0.7595","0.1516"
"18.5400","0.7604","0.1517"
"18.5600","0.7614","0.1519"
"18.5800","0.7623","0.1521"
"18.6000","0.7633","0.1523"
"18.6200","0.7642","0.1525"
"18.6400","0.7652","0.1526"
"18.6600","0.7661","0.1528"
"18.6800","0.7670","0.1530"
"18.7000","0.7678","0.1531"
"18.7200","0.7687","0.1533"
"18.7400","0.7694","0.1534"
"18.7600","0.7701","0.1535"
"18.7800","0.7708","0.1536"
"18.8000","0.7715","0.1537"
"18.8200","0.7722","0.1538"
"18.8400","0.7728","0.1539"
"18.8600","0.7735","0.1540"
"18.8800","0.7742","0.1541"
"18.9000","0.7750","0.1543"
"18.9200","0.7757","0.1544"
"18.9400","0.7765","0.1546"
"18.9600","0.7774","0.1547"
"18.9800","0.7782","0.1549"
"19.0000","0.7792","0.1550"
"19.0200","0.7801","0.1552"
"19.0400","0.7811","0.1554"
"19.0600","0.7820","0.1556"
"19.0800","0.7829","0.1557"
"19.1000","0.7838","0.1559"
"19.1200","0.7847","0.1560"
"19.1400","0.7855","0.1562"
"19.1600","0.7864","0.1563"
"19.1800","0.7872","0.1565"
"19.2000","0.7881","0.1566"
"19.2200","0.7889","0.1568"
"19.2400","0.7898","0.1570"
"19.2600","0.7907","0.1571"
"19.2800","0.7916","0.1573"
"19.3000","0.7925","0.1574"
"19.3200","0.7934","0.1576"
"19.3400","0.7943","0.1577"
"19.3600","0.7952","0.1579"
"19.3800","0.7961","0.1580"
"19.4000","0.7969","0.1582"
"19.4200","0.7978","0.1584"
"19.4400","0.7986","0.1585"
"19.4600","0.7994","0.1586"
"19.4800","0.8003","0.1588"
"19.5000","0.8011","0.1589"
"19.5200","0.8019","0.1591"
"19.5400","0.8027","0.1592"
"19.5600","0.8035","0.1594"
"19.5800","0.8043","0.1595"
"19.6000","0.8051","0.1596"
"19.6200","0.8058","0.1598"
"19.6400","0.8066","0.1599"
"19.6600","0.8074","0.1600"
"19.6800","0.8082","0.1602"
"19.7000","0.8090","0.1603"
"19.7200","0.8098","0.1605"
"19.7400","0.8107","0.1606"
"19.7600","0.8116","0.1608"
"19.7800","0.8125","0.1609"
"19.8000","0.8134","0.1611"
"19.8200","0.8144","0.1613"
"19.8400","0.8153","0.1615"
"19.8600","0.8163","0.1616"
"19.8800","0.8172","0.1618"
"19.9000","0.8180","0.1619"
"19.9200","0.8189","0.1621"
"19.9400","0.8197","0.1622"
"19.9600","0.8205","0.1623"
"19.9800","0.8213","0.1625"
"20.0000","0.8220","0.1626"
"20.0200","0.8227","0.1627"
"20.0400","0.8233","0.1628"
"20.0600","0.8240","0.1629"
"20.0800","0.8247","0.1630"
"20.1000","0.8254","0.1632"
"20.1200","0.8261","0.1633"
"20.1400","0.8268","0.1634"
"20.1600","0.8276","0.1635"
"20.1800","0.8283","0.1637"
"20.2000","0.8292","0.1638"
"20.2200","0.8300","0.1639"
"20.2400","0.8309","0.1641"
"20.2600","0.8319","0.1643"
"20.2800","0.8328","0.1645"
"20.3000","0.8337","0.1646"
"20.3200","0.8346","0.1648"
"20.3400","0.8355","0.1649"
"20.3600","0.8364","0.1651"
"20.3800","0.8372","0.1652"
"20.4000","0.8380","0.1654"
"20.4200","0.8388","0.1655"
"20.4400","0.8396","0.1657"
"20.4600","0.8404","0.1658"
"20.4800","0.8413","0.1659"
"20.5000","0.8421","0.1661"
"20.5200","0.8429","0.1662"
"20.5400","0.8437","0.1664"
"20.5600","0.8446","0.1665"
"20.5800","0.8454","0.1666"
"20.6000","0.8462","0.1668"
"20.6200","0.8470","0.1669"
"20.6400","0.8479","0.1671"
"20.6600","0.8487","0.1672"
"20.6800","0.8496","0.1674"
"20.7000","0.8504","0.1675"
"20.7200","0.8513","0.1676"
"20.7400","0.8521","0.1678"
"20.7600","0.8529","0.1679"
"20.7800","0.8537","0.1681"
"20.8000","0.8545","0.1682"
"20.8200","0.8553","0.1684"
"20.8400","0.8561","0.1685"
"20.8600","0.8568","0.1686"
"20.8800","0.8576","0.1687"
"20.9000","0.8584","0.1688"
"20.9200","0.8592","0.1690"
"20.9400","0.8600","0.1692"
"20.9600","0.8609","0.1693"
"20.9800","0.8617","0.1695"
"21.0000","0.8626","0.1696"
"21.0200","0.8636","0.1698"
"21.0400","0.8645","0.1700"
"21.0600","0.8655","0.1701"
"21.0800","0.8665","0.1703"
"21.1000","0.8674","0.1705"
"21.1200","0.8684","0.1707"
"21.1400","0.8693","0.1708"
"21.1600","0.8702","0.1710"
"21.1800","0.8711","0.1711"
"21.2000","0.8720","0.1713"
"21.2200","0.8728","0.1714"
"21.2400","0.8735","0.1715"
"21.2600","0.8742","0.1716"
"21.2800","0.8750","0.1718"
"21.3000","0.8757","0.1719"
"21.3200","0.8764","0.1720"
"21.3400","0.8771","0.1721"
"21.3600","0.8778","0.1722"
"21.3800","0.8785","0.1723"
"21.4000","0.8792","0.1724"
"21.4200","0.8799","0.1726"
"21.4400","0.8807","0.1727"
"21.4600","0.8816","0.1728"
"21.4800","0.8825","0.1730"
"21.5000","0.8834","0.1732"
"21.5200","0.8843","0.1733"
"21.5400","0.8853","0.1735"
"21.5600","0.8863","0.1737"
"21.5800","0.8872","0.1738"
"21.6000","0.8881","0.1740"
"21.6200","0.8890","0.1742"
"21.6400","0.8899","0.1743"
"21.6600","0.8908","0.1745"
"21.6800","0.8916","0.1746"
"21.7000","0.8924","0.1747"
"21.7200","0.8933","0.1749"
"21.7400","0.8941","0.1750"
"21.7600","0.8949","0.1752"
"21.7800","0.8957","0.1753"
"21.8000","0.8965","0.1754"
"21.8200","0.8973","0.1756"
"21.8400","0.8981","0.1757"
"21.8600","0.8989","0.1758"
"21.8800","0.8997","0.1760"
"21.9000","0.9006","0.1761"
"21.9200","0.9014","0.1762"
"21.9400","0.9022","0.1764"
"21.9600","0.9031","0.1765"
"21.9800","0.9039","0.1767"
"22.0000","0.9048","0.1768"
"22.0200","0.9057","0.1770"
"22.0400","0.9065","0.1771"
"22.0600","0.9073","0.1773"
"22.0800","0.9082","0.1774"
"22.1000","0.9090","0.1776"
"22.1200","0.9098","0.1777"
"22.1400","0.9106","0.1778"
"22.1600","0.9114","0.1779"
"22.1800","0.9122","0.1781"
"22.2000","0.9131","0.1782"
"22.2200","0.9140","0.1784"
"22.2400","0.9148","0.1786"
"22.2600","0.9157","0.1787"
"22.2800","0.9166","0.1788"
"22.3000","0.9176","0.1790"
"22.3200","0.9186","0.1792"
"22.3400","0.9195","0.1794"
"22.3600","0.9205","0.1796"
"22.3800","0.9214","0.1797"
"22.4000","0.9223","0.1799"
"22.4200","0.9232","0.1800"
"22.4400","0.9240","0.1802"
"22.4600","0.9247","0.1802"
"22.4800","0.9255","0.1803"
"22.5000","0.9262","0.1805"
"22.5200","0.9268","0.1806"
"22.5400","0.9275","0.1807"
"22.5600","0.9282","0.1808"
"22.5800","0.9289","0.1809"
"22.6000","0.9296","0.1810"
"22.6200","0.9303","0.1811"
"22.6400","0.9310","0.1813"
"22.6600","0.9318","0.1814"
"22.6800","0.9326","0.1815"
"22.7000","0.9334","0.1816"
"22.7200","0.9342","0.1818"
"22.7400","0.9351","0.1819"
"22.7600","0.9360","0.1821"
"22.7800","0.9370","0.1823"
"22.8000","0.9379","0.1824"
"22.8200","0.9388","0.1826"
"22.8400","0.9397","0.1827"
"22.8600","0.9405","0.1829"
"22.8800","0.9414","0.1830"
"22.9000","0.9422","0.1832"
"22.9200","0.9430","0.1833"
"22.9400","0.9438","0.1834"
"22.9600","0.9447","0.1836"
"22.9800","0.9455","0.1837"
"23.0000","0.9464","0.1839"
"23.0200","0.9473","0.1840"
"23.0400","0.9482","0.1842"
"23.0600","0.9490","0.1843"
"23.0800","0.9499","0.1845"
"23.1000","0.9508","0.1846"
"23.1200","0.9516","0.1848"
"23.1400","0.9525","0.1849"
"23.1600","0.9533","0.1850"
"23.1800","0.9541","0.1852"
"23.2000","0.9549","0.1853"
"23.2200","0.9557","0.1855"
"23.2400","0.9565","0.1856"
"23.2600","0.9574","0.1857"
"23.2800","0.9582","0.1859"
"23.3000","0.9590","0.1860"
"23.3200","0.9598","0.1861"
"23.3400","0.9606","0.1862"
"23.3600","0.9614","0.1864"
"23.3800","0.9621","0.1865"
"23.4000","0.9629","0.1866"
"23.4200","0.9637","0.1868"
"23.4400","0.9646","0.1869"
"23.4600","0.9654","0.1871"
"23.4800","0.9663","0.1872"
"23.5000","0.9672","0.1874"
"23.5200","0.9682","0.1875"
"23.5400","0.9691","0.1877"
"23.5600","0.9701","0.1879"
"23.5800","0.9710","0.1880"
"23.6000","0.9720","0.1882"
"23.6200","0.9729","0.1884"
"23.6400","0.9738","0.1885"
"23.6600","0.9747","0.1887"
"23.6800","0.9756","0.1888"
"23.7000","0.9764","0.1889"
"23.7200","0.9772","0.1890"
"23.7400","0.9779","0.1892"
"23.7600","0.9786","0.1893"
"23.7800","0.9793","0.1894"
"23.8000","0.9799","0.1895"
"23.8200","0.9806","0.1896"
"23.8400","0.9813","0.1897"
"23.8600","0.9820","0.1898"
"23.8800","0.9826","0.1899"
"23.9000","0.9834","0.1900"
"23.9200","0.9841","0.1901"
"23.9400","0.9849","0.1903"
"23.9600","0.9857","0.1904"
"23.9800","0.9866","0.1905"
"24.0000","0.9875","0.1907"
"24.0200","0.9884","0.1909"
"24.0400","0.9893","0.1910"
"24.0600","0.9902","0.1912"
"24.0800","0.9911","0.1913"
"24.1000","0.9920","0.1915"
"24.1200","0.9929","0.1916"
"24.1400","0.9937","0.1918"
"24.1600","0.9945","0.1919"
"24.1800","0.9953","0.1920"
"24.2000","0.9961","0.1922"
"24.2200","0.9970","0.1923"
"24.2400","0.9978","0.1924"
"24.2600","0.9987","0.1926"
"24.2800","0.9996","0.1927"
"24.3000","1.0004","0.1929"
"24.3200","1.0013","0.1930"
"24.3400","1.0022","0.1931"
"24.3600","1.0030","0.1933"
"24.3800","1.0039","0.1934"
"24.4000","1.0047","0.1936"
"24.4200","1.0056","0.1937"
"24.4400","1.0064","0.1939"
"24.4600","1.0073","0.1940"
"24.4800","1.0082","0.1942"
"24.5000","1.0091","0.1943"
"24.5200","1.0099","0.1945"
"24.5400","1.0108","0.1946"
"24.5600","1.0116","0.1947"
"24.5800","1.0124","0.1948"
"24.6000","1.0132","0.1950"
"24.6200","1.0140","0.1951"
"24.6400","1.0149","0.1952"
"24.6600","1.0157","0.1954"
"24.6800","1.0165","0.1955"
"24.7000","1.0173","0.1957"
"24.7200","1.0182","0.1958"
"24.7400","1.0190","0.1959"
"24.7600","1.0199","0.1961"
"24.7800","1.0208","0.1962"
"24.8000","1.0217","0.1964"
"24.8200","1.0227","0.1965"
"24.8400","1.0236","0.1967"
"24.8600","1.0245","0.1968"
"24.8800","1.0254","0.1970"
"24.9000","1.0263","0.1971"
"24.9200","1.0272","0.1973"
"24.9400","1.0280","0.1974"
"24.9600","1.0288","0.1975"
"24.9800","1.0296","0.1977"
"25.0000","1.0303","0.1978"
"25.0200","1.0310","0.1979"
"25.0400","1.0317","0.1980"
"25.0600","1.0324","0.1981"
"25.0800","1.0331","0.1982"
"25.1000","1.0338","0.1983"
"25.1200","1.0345","0.1984"
"25.1400","1.0352","0.1985"
"25.1600","1.0360","0.1986"
"25.1800","1.0367","0.1988"
"25.2000","1.0376","0.1989"
"25.2200","1.0384","0.1990"
"25.2400","1.0394","0.1992"
"25.2600","1.0403","0.1993"
"25.2800","1.0412","0.1995"
"25.3000","1.0422","0.1997"
"25.3200","1.0431","0.1999"
"25.3400","1.0441","0.2000"
"25.3600","1.0449","0.2001"
"25.3800","1.0458","0.2003"
"25.4000","1.0466","0.2004"
"25.4200","1.0475","0.2006"
"25.4400","1.0483","0.2007"
"25.4600","1.0491","0.2008"
"25.4800","1.0499","0.2009"
"25.5000","1.0508","0.2011"
"25.5200","1.0516","0.2012"
"25.5400","1.0524","0.2013"
"25.5600","1.0532","0.2015"
"25.5800","1.0541","0.2016"
"25.6000","1.0549","0.2017"
"25.6200","1.0558","0.2019"
"25.6400","1.0566","0.2020"
"25.6600","1.0574","0.2021"
"25.6800","1.0582","0.2022"
"25.7000","1.0590","0.2024"
"25.7200","1.0598","0.2025"
"25.7400","1.0606","0.2026"
"25.7600","1.0613","0.2027"
"25.7800","1.0621","0.2029"
"25.8000","1.0629","0.2030"
"25.8200","1.0637","0.2031"
"25.8400","1.0644","0.2032"
"25.8600","1.0652","0.2033"
"25.8800","1.0660","0.2035"
"25.9000","1.0668","0.2036"
"25.9200","1.0676","0.2037"
"25.9400","1.0684","0.2038"
"25.9600","1.0693","0.2040"
"25.9800","1.0701","0.2041"
"26.0000","1.0710","0.2043"
"26.0200","1.0719","0.2044"
"26.0400","1.0728","0.2046"
"26.0600","1.0738","0.2047"
"26.0800","1.0748","0.2049"
"26.1000","1.0757","0.2051"
"26.1200","1.0767","0.2052"
"26.1400","1.0777","0.2054"
"26.1600","1.0786","0.2056"
"26.1800","1.0795","0.2057"
"26.2000","1.0804","0.2058"
"26.2200","1.0812","0.2060"
"26.2400","1.0820","0.2061"
"26.2600","1.0827","0.2062"
"26.2800","1.0834","0.2063"
"26.3000","1.0841","0.2064"
"26.3200","1.0848","0.2065"
"26.3400","1.0854","0.2066"
"26.3600","1.0861","0.2067"
"26.3800","1.0868","0.2068"
"26.4000","1.0876","0.2069"
"26.4200","1.0883","0.2070"
"26.4400","1.0891","0.2071"
"26.4600","1.0900","0.2073"
"26.4800","1.0909","0.2074"
"26.5000","1.0918","0.2076"
"26.5200","1.0928","0.2077"
"26.5400","1.0938","0.2079"
"26.5600","1.0948","0.2081"
"26.5800","1.0958","0.2083"
"26.6000","1.0967","0.2084"
"26.6200","1.0976","0.2086"
"26.6400","1.0984","0.2087"
"26.6600","1.0993","0.2088"
"26.6800","1.1001","0.2089"
"26.7000","1.1009","0.2091"
"26.7200","1.1018","0.2092"
"26.7400","1.1026","0.2093"
"26.7600","1.1035","0.2095"
"26.7800","1.1044","0.2096"
"26.8000","1.1052","0.2098"
"26.8200","1.1061","0.2099"
"26.8400","1.1070","0.2101"
"26.8600","1.1078","0.2102"
"26.8800","1.1086","0.2103"
"26.9000","1.1095","0.2104"
"26.9200","1.1103","0.2106"
"26.9400","1.1111","0.2107"
"26.9600","1.1119","0.2108"
"26.9800","1.1128","0.2109"
"27.0000","1.1136","0.2111"
"27.0200","1.1144","0.2112"
"27.0400","1.1153","0.2114"
"27.0600","1.1161","0.2115"
"27.0800","1.1169","0.2116"
"27.1000","1.1177","0.2117"
"27.1200","1.1184","0.2118"
"27.1400","1.1192","0.2120"
"27.1600","1.1200","0.2121"
"27.1800","1.1208","0.2122"
"27.2000","1.1216","0.2123"
"27.2200","1.1224","0.2125"
"27.2400","1.1233","0.2126"
"27.2600","1.1242","0.2127"
"27.2800","1.1251","0.2129"
"27.3000","1.1259","0.2130"
"27.3200","1.1268","0.2132"
"27.3400","1.1277","0.2133"
"27.3600","1.1286","0.2135"
"27.3800","1.1295","0.2136"
"27.4000","1.1304","0.2137"
"27.4200","1.1313","0.2138"
"27.4400","1.1321","0.2140"
"27.4600","1.1329","0.2141"
"27.4800","1.1337","0.2142"
"27.5000","1.1344","0.2143"
"27.5200","1.1351","0.2144"
"27.5400","1.1358","0.2145"
"27.5600","1.1365","0.2146"
"27.5800","1.1372","0.2147"
"27.6000","1.1378","0.2148"
"27.6200","1.1385","0.2149"
"27.6400","1.1392","0.2150"
"27.6600","1.1400","0.2151"
"27.6800","1.1408","0.2153"
"27.7000","1.1416","0.2154"
"27.7200","1.1424","0.2155"
"27.7400","1.1433","0.2157"
"27.7600","1.1441","0.2158"
"27.7800","1.1450","0.2159"
"27.8000","1.1459","0.2161"
"27.8200","1.1468","0.2162"
"27.8400","1.1477","0.2164"
"27.8600","1.1486","0.2165"
"27.8800","1.1494","0.2167"
"27.9000","1.1502","0.2168"
"27.9200","1.1511","0.2169"
"27.9400","1.1519","0.2170"
"27.9600","1.1527","0.2172"
"27.9800","1.1535","0.2173"
"28.0000","1.1544","0.2174"
"28.0200","1.1553","0.2176"
"28.0400","1.1562","0.2177"
"28.0600","1.1570","0.2179"
"28.0800","1.1579","0.2180"
"28.1000","1.1587","0.2181"
"28.1200","1.1596","0.2183"
"28.1400","1.1605","0.2184"
"28.1600","1.1613","0.2185"
"28.1800","1.1622","0.2187"
"28.2000","1.1630","0.2188"
"28.2200","1.1638","0.2189"
"28.2400","1.1647","0.2191"
"28.2600","1.1655","0.2192"
"28.2800","1.1663","0.2193"
"28.3000","1.1671","0.2195"
"28.3200","1.1679","0.2195"
"28.3400","1.1686","0.2197"
"28.3600","1.1694","0.2198"
"28.3800","1.1702","0.2199"
"28.4000","1.1710","0.2200"
"28.4200","1.1718","0.2201"
"28.4400","1.1727","0.2203"
"28.4600","1.1735","0.2204"
"28.4800","1.1744","0.2205"
"28.5000","1.1753","0.2206"
"28.5200","1.1762","0.2208"
"28.5400","1.1771","0.2209"
"28.5600","1.1780","0.2211"
"28.5800","1.1790","0.2213"
"28.6000","1.1800","0.2215"
"28.6200","1.1809","0.2216"
"28.6400","1.1819","0.2217"
"28.6600","1.1828","0.2219"
"28.6800","1.1837","0.2220"
"28.7000","1.1845","0.2222"
"28.7200","1.1853","0.2223"
"28.7400","1.1861","0.2224"
"28.7600","1.1868","0.2225"
"28.7800","1.1875","0.2226"
"28.8000","1.1882","0.2227"
"28.8200","1.1889","0.2228"
"28.8400","1.1896","0.2229"
"28.8600","1.1903","0.2230"
"28.8800","1.1910","0.2231"
"28.9000","1.1917","0.2232"
"28.9200","1.1925","0.2233"
"28.9400","1.1933","0.2234"
"28.9600","1.1941","0.2236"
"28.9800","1.1950","0.2237"
"29.0000","1.1959","0.2239"
"29.0200","1.1969","0.2240"
"29.0400","1.1978","0.2242"
"29.0600","1.1988","0.2243"
"29.0800","1.1997","0.2244"
"29.1000","1.2006","0.2246"
"29.1200","1.2014","0.2247"
"29.1400","1.2023","0.2249"
"29.1600","1.2031","0.2250"
"29.1800","1.2039","0.2251"
"29.2000","1.2048","0.2252"
"29.2200","1.2056","0.2253"
"29.2400","1.2065","0.2255"
"29.2600","1.2073","0.2256"
"29.2800","1.2081","0.2258"
"29.3000","1.2090","0.2259"
"29.3200","1.2098","0.2260"
"29.3400","1.2107","0.2261"
"29.3600","1.2116","0.2263"
"29.3800","1.2124","0.2264"
"29.4000","1.2133","0.2265"
"29.4200","1.2141","0.2266"
"29.4400","1.2150","0.2268"
"29.4600","1.2158","0.2269"
"29.4800","1.2167","0.2270"
"29.5000","1.2176","0.2272"
"29.5200","1.2184","0.2274"
"29.5400","1.2193","0.2275"
"29.5600","1.2201","0.2276"
"29.5800","1.2209","0.2277"
"29.6000","1.2217","0.2278"
"29.6200","1.2224","0.2279"
"29.6400","1.2232","0.2280"
"29.6600","1.2240","0.2282"
"29.6800","1.2248","0.2283"
"29.7000","1.2256","0.2284"
"29.7200","1.2264","0.2285"
"29.7400","1.2273","0.2286"
"29.7600","1.2281","0.2287"
"29.7800","1.2290","0.2289"
"29.8000","1.2299","0.2291"
"29.8200","1.2309","0.2292"
"29.8400","1.2318","0.2294"
"29.8600","1.2327","0.2295"
"29.8800","1.2337","0.2296"
"29.9000","1.2346","0.2298"
"29.9200","1.2355","0.2299"
"29.9400","1.2363","0.2301"
"29.9600","1.2371","0.2302"
"29.9800","1.2378","0.2303"
"30.0000","1.2386","0.2304"
"30.0200","1.2392","0.2305"
"30.0400","1.2399","0.2305"
"30.0600","1.2406","0.2307"
"30.0800","1.2413","0.2308"
"30.1000","1.2420","0.2309"
"30.1200","1.2427","0.2309"
"30.1400","1.2434","0.2310"
"30.1600","1.2442","0.2311"
"30.1800","1.2450","0.2313"
"30.2000","1.2458","0.2314"
"30.2200","1.2466","0.2316"
"30.2400","1.2475","0.2317"
"30.2600","1.2484","0.2318"
"30.2800","1.2494","0.2319"
"30.3000","1.2503","0.2321"
"30.3200","1.2512","0.2322"
"30.3400","1.2521","0.2324"
"30.3600","1.2530","0.2325"
"30.3800","1.2539","0.2327"
"30.4000","1.2547","0.2327"
"30.4200","1.2555","0.2329"
"30.4400","1.2564","0.2330"
"30.4600","1.2572","0.2331"
"30.4800","1.2581","0.2333"
"30.5000","1.2590","0.2334"
"30.5200","1.2598","0.2336"
"30.5400","1.2607","0.2337"
"30.5600","1.2616","0.2338"
"30.5800","1.2625","0.2339"
"30.6000","1.2634","0.2341"
"30.6200","1.2643","0.2342"
"30.6400","1.2651","0.2344"
"30.6600","1.2659","0.2345"
"30.6800","1.2667","0.2346"
"30.7000","1.2675","0.2347"
"30.7200","1.2683","0.2348"
"30.7400","1.2691","0.2349"
"30.7600","1.2699","0.2351"
"30.7800","1.2706","0.2352"
"30.8000","1.2714","0.2352"
"30.8200","1.2722","0.2354"
"30.8400","1.2729","0.2355"
"30.8600","1.2737","0.2356"
"30.8800","1.2744","0.2357"
"30.9000","1.2752","0.2358"
"30.9200","1.2760","0.2359"
"30.9400","1.2768","0.2360"
"30.9600","1.2776","0.2362"
"30.9800","1.2785","0.2363"
"31.0000","1.2794","0.2364"
"31.0200","1.2803","0.2366"
"31.0400","1.2813","0.2368"
"31.0600","1.2822","0.2369"
"31.0800","1.2832","0.2371"
"31.1000","1.2842","0.2372"
"31.1200","1.2852","0.2373"
"31.1400","1.2862","0.2375"
"31.1600","1.2871","0.2376"
"31.1800","1.2880","0.2378"
"31.2000","1.2889","0.2379"
"31.2200","1.2897","0.2381"
"31.2400","1.2904","0.2381"
"31.2600","1.2912","0.2382"
"31.2800","1.2919","0.2383"
"31.3000","1.2926","0.2384"
"31.3200","1.2933","0.2385"
"31.3400","1.2939","0.2386"
"31.3600","1.2946","0.2387"
"31.3800","1.2954","0.2388"
"31.4000","1.2961","0.2389"
"31.4200","1.2969","0.2390"
"31.4400","1.2977","0.2391"
"31.4600","1.2986","0.2393"
"31.4800","1.2994","0.2394"
"31.5000","1.3003","0.2395"
"31.5200","1.3013","0.2397"
"31.5400","1.3022","0.2398"
"31.5600","1.3031","0.2400"
"31.5800","1.3040","0.2401"
"31.6000","1.3049","0.2403"
"31.6200","1.3057","0.2404"
"31.6400","1.3065","0.2405"
"31.6600","1.3073","0.2405"
"31.6800","1.3080","0.2407"
"31.7000","1.3088","0.2408"
"31.7200","1.3096","0.2409"
"31.7400","1.3104","0.2410"
"31.7600","1.3112","0.2411"
"31.7800","1.3121","0.2413"
"31.8000","1.3129","0.2414"
"31.8200","1.3137","0.2415"
"31.8400","1.3145","0.2416"
"31.8600","1.3154","0.2418"
"31.8800","1.3162","0.2419"
"31.9000","1.3171","0.2420"
"31.9200","1.3179","0.2421"
"31.9400","1.3188","0.2422"
"31.9600","1.3196","0.2424"
"31.9800","1.3205","0.2425"
"32.0000","1.3214","0.2427"
"32.0200","1.3222","0.2428"
"32.0400","1.3231","0.2429"
"32.0600","1.3239","0.2430"
"32.0800","1.3247","0.2431"
"32.1000","1.3255","0.2432"
"32.1200","1.3263","0.2434"
"32.1400","1.3271","0.2435"
"32.1600","1.3279","0.2436"
"32.1800","1.3288","0.2437"
"32.2000","1.3296","0.2438"
"32.2200","1.3305","0.2439"
"32.2400","1.3313","0.2441"
"32.2600","1.3322","0.2442"
"32.2800","1.3331","0.2444"
"32.3000","1.3341","0.2445"
"32.3200","1.3351","0.2446"
"32.3400","1.3360","0.2448"
"32.3600","1.3370","0.2450"
"32.3800","1.3380","0.2451"
"32.4000","1.3389","0.2452"
"32.4200","1.3398","0.2454"
"32.4400","1.3407","0.2455"
"32.4600","1.3414","0.2456"
"32.4800","1.3422","0.2457"
"32.5000","1.3429","0.2458"
"32.5200","1.3436","0.2459"
"32.5400","1.3443","0.2460"
"32.5600","1.3450","0.2461"
"32.5800","1.3457","0.2462"
"32.6000","1.3463","0.2462"
"32.6200","1.3470","0.2463"
"32.6400","1.3477","0.2464"
"32.6600","1.3485","0.2465"
"32.6800","1.3492","0.2466"
"32.7000","1.3500","0.2467"
"32.7200","1.3509","0.2469"
"32.7400","1.3517","0.2470"
"32.7600","1.3526","0.2471"
"32.7800","1.3535","0.2473"
"32.8000","1.3545","0.2474"
"32.8200","1.3554","0.2476"
"32.8400","1.3563","0.2477"
"32.8600","1.3572","0.2478"
"32.8800","1.3580","0.2480"
"32.9000","1.3589","0.2481"
"32.9200","1.3597","0.2482"
"32.9400","1.3605","0.2483"
"32.9600","1.3613","0.2484"
"32.9800","1.3621","0.2485"
"33.0000","1.3630","0.2486"
"33.0200","1.3638","0.2488"
"33.0400","1.3646","0.2489"
"33.0600","1.3655","0.2490"
"33.0800","1.3663","0.2491"
"33.1000","1.3672","0.2493"
"33.1200","1.3680","0.2494"
"33.1400","1.3689","0.2495"
"33.1600","1.3697","0.2496"
"33.1800","1.3706","0.2497"
"33.2000","1.3715","0.2499"
"33.2200","1.3723","0.2500"
"33.2400","1.3732","0.2501"
"33.2600","1.3740","0.2502"
"33.2800","1.3748","0.2504"
"33.3000","1.3757","0.2505"
"33.3200","1.3765","0.2506"
"33.3400","1.3773","0.2507"
"33.3600","1.3781","0.2508"
"33.3800","1.3789","0.2509"
"33.4000","1.3797","0.2510"
"33.4200","1.3805","0.2511"
"33.4400","1.3813","0.2512"
"33.4600","1.3822","0.2514"
"33.4800","1.3830","0.2515"
"33.5000","1.3839","0.2516"
"33.5200","1.3849","0.2518"
"33.5400","1.3858","0.2519"
"33.5600","1.3868","0.2521"
"33.5800","1.3878","0.2522"
"33.6000","1.3887","0.2523"
"33.6200","1.3897","0.2525"
"33.6400","1.3906","0.2526"
"33.6600","1.3914","0.2528"
"33.6800","1.3923","0.2528"
"33.7000","1.3930","0.2529"
"33.7200","1.3938","0.2530"
"33.7400","1.3945","0.2531"
"33.7600","1.3952","0.2532"
"33.7800","1.3959","0.2533"
"33.8000","1.3965","0.2534"
"33.8200","1.3972","0.2535"
"33.8400","1.3979","0.2536"
"33.8600","1.3986","0.2536"
"33.8800","1.3993","0.2537"
"33.9000","1.4001","0.2538"
"33.9200","1.4008","0.2539"
"33.9400","1.4016","0.2540"
"33.9600","1.4024","0.2542"
"33.9800","1.4033","0.2543"
"34.0000","1.4042","0.2544"
"34.0200","1.4052","0.2546"
"34.0400","1.4062","0.2547"
"34.0600","1.4071","0.2549"
"34.0800","1.4081","0.2550"
"34.1000","1.4090","0.2552"
"34.1200","1.4099","0.2553"
"34.1400","1.4108","0.2554"
"34.1600","1.4117","0.2555"
"34.1800","1.4125","0.2556"
"34.2000","1.4134","0.2558"
"34.2200","1.4142","0.2559"
"34.2400","1.4151","0.2560"
"34.2600","1.4160","0.2561"
"34.2800","1.4168","0.2562"
"34.3000","1.4177","0.2563"
"34.3200","1.4186","0.2565"
"34.3400","1.4195","0.2566"
"34.3600","1.4204","0.2567"
"34.3800","1.4212","0.2569"
"34.4000","1.4221","0.2570"
"34.4200","1.4229","0.2571"
"34.4400","1.4237","0.2572"
"34.4600","1.4246","0.2573"
"34.4800","1.4254","0.2574"
"34.5000","1.4263","0.2575"
"34.5200","1.4271","0.2577"
"34.5400","1.4279","0.2578"
"34.5600","1.4286","0.2579"
"34.5800","1.4294","0.2579"
"34.6000","1.4301","0.2580"
"34.6200","1.4308","0.2581"
"34.6400","1.4315","0.2582"
"34.6600","1.4323","0.2583"
"34.6800","1.4330","0.2584"
"34.7000","1.4338","0.2585"
"34.7200","1.4346","0.2586"
"34.7400","1.4354","0.2587"
"34.7600","1.4363","0.2589"
"34.7800","1.4372","0.2590"
"34.8000","1.4381","0.2591"
"34.8200","1.4391","0.2593"
"34.8400","1.4400","0.2594"
"34.8600","1.4410","0.2595"
"34.8800","1.4419","0.2597"
"34.9000","1.4429","0.2598"
"34.9200","1.4438","0.2599"
"34.9400","1.4446","0.2601"
"34.9600","1.4454","0.2602"
"34.9800","1.4461","0.2603"
"35.0000","1.4468","0.2603"
"35.0200","1.4475","0.2604"
"35.0400","1.4482","0.2605"
"35.0600","1.4489","0.2606"
"35.0800","1.4496","0.2606"
"35.1000","1.4503","0.2607"
"35.1200","1.4509","0.2608"
"35.1400","1.4516","0.2609"
"35.1600","1.4524","0.2610"
"35.1800","1.4531","0.2611"
"35.2000","1.4540","0.2612"
"35.2200","1.4548","0.2613"
"35.2400","1.4557","0.2614"
"35.2600","1.4567","0.2616"
"35.2800","1.4576","0.2617"
"35.3000","1.4586","0.2619"
"35.3200","1.4595","0.2620"
"35.3400","1.4604","0.2621"
"35.3600","1.4613","0.2622"
"35.3800","1.4622","0.2623"
"35.4000","1.4630","0.2625"
"35.4200","1.4639","0.2626"
"35.4400","1.4647","0.2627"
"35.4600","1.4655","0.2628"
"35.4800","1.4664","0.2629"
"35.5000","1.4672","0.2630"
"35.5200","1.4680","0.2631"
"35.5400","1.4689","0.2632"
"35.5600","1.4697","0.2633"
"35.5800","1.4705","0.2634"
"35.6000","1.4713","0.2636"
"35.6200","1.4722","0.2637"
"35.6400","1.4730","0.2638"
"35.6600","1.4738","0.2639"
"35.6800","1.4746","0.2640"
"35.7000","1.4754","0.2641"
"35.7200","1.4762","0.2642"
"35.7400","1.4770","0.2643"
"35.7600","1.4778","0.2644"
"35.7800","1.4786","0.2645"
"35.8000","1.4794","0.2646"
"35.8200","1.4802","0.2647"
"35.8400","1.4810","0.2648"
"35.8600","1.4818","0.2649"
"35.8800","1.4826","0.2650"
"35.9000","1.4834","0.2651"
"35.9200","1.4843","0.2652"
"35.9400","1.4851","0.2653"
"35.9600","1.4859","0.2655"
"35.9800","1.4868","0.2656"
"36.0000","1.4877","0.2657"
"36.0200","1.4886","0.2658"
"36.0400","1.4896","0.2659"
"36.0600","1.4905","0.2661"
"36.0800","1.4915","0.2662"
"36.1000","1.4925","0.2664"
"36.1200","1.4935","0.2665"
"36.1400","1.4945","0.2666"
"36.1600","1.4954","0.2668"
"36.1800","1.4963","0.2669"
"36.2000","1.4972","0.2670"
"36.2200","1.4980","0.2671"
"36.2400","1.4987","0.2672"
"36.2600","1.4995","0.2673"
"36.2800","1.5002","0.2673"
"36.3000","1.5008","0.2674"
"36.3200","1.5015","0.2675"
"36.3400","1.5022","0.2676"
"36.3600","1.5029","0.2676"
"36.3800","1.5036","0.2677"
"36.4000","1.5044","0.2678"
"36.4200","1.5051","0.2679"
"36.4400","1.5059","0.2680"
"36.4600","1.5067","0.2681"
"36.4800","1.5076","0.2682"
"36.5000","1.5085","0.2683"
"36.5200","1.5095","0.2685"
"36.5400","1.5105","0.2686"
"36.5600","1.5115","0.2688"
"36.5800","1.5124","0.2689"
"36.6000","1.5133","0.2690"
"36.6200","1.5142","0.2691"
"36.6400","1.5151","0.2692"
"36.6600","1.5159","0.2693"
"36.6800","1.5167","0.2695"
"36.7000","1.5175","0.2696"
"36.7200","1.5184","0.2697"
"36.7400","1.5192","0.2697"
"36.7600","1.5200","0.2699"
"36.7800","1.5208","0.2700"
"36.8000","1.5216","0.2701"
"36.8200","1.5224","0.2702"
"36.8400","1.5233","0.2703"
"36.8600","1.5241","0.2704"
"36.8800","1.5249","0.2705"
"36.9000","1.5258","0.2706"
"36.9200","1.5266","0.2707"
"36.9400","1.5274","0.2708"
"36.9600","1.5282","0.2709"
"36.9800","1.5291","0.2710"
"37.0000","1.5299","0.2711"
"37.0200","1.5307","0.2712"
"37.0400","1.5316","0.2713"
"37.0600","1.5323","0.2714"
"37.0800","1.5331","0.2715"
"37.1000","1.5339","0.2716"
"37.1200","1.5347","0.2717"
"37.1400","1.5355","0.2718"
"37.1600","1.5363","0.2719"
"37.1800","1.5372","0.2720"
"37.2000","1.5380","0.2721"
"37.2200","1.5388","0.2722"
"37.2400","1.5397","0.2723"
"37.2600","1.5406","0.2724"
"37.2800","1.5416","0.2726"
"37.3000","1.5425","0.2727"
"37.3200","1.5435","0.2728"
"37.3400","1.5444","0.2729"
"37.3600","1.5454","0.2731"
"37.3800","1.5464","0.2732"
"37.4000","1.5473","0.2733"
"37.4200","1.5482","0.2734"
"37.4400","1.5490","0.2735"
"37.4600","1.5498","0.2736"
"37.4800","1.5505","0.2737"
"37.5000","1.5513","0.2738"
"37.5200","1.5520","0.2739"
"37.5400","1.5526","0.2739"
"37.5600","1.5533","0.2740"
"37.5800","1.5540","0.2741"
"37.6000","1.5547","0.2741"
"37.6200","1.5553","0.2742"
"37.6400","1.5560","0.2743"
"37.6600","1.5568","0.2743"
"37.6800","1.5575","0.2744"
"37.7000","1.5583","0.2745"
"37.7200","1.5591","0.2746"
"37.7400","1.5599","0.2747"
"37.7600","1.5608","0.2748"
"37.7800","1.5617","0.2750"
"37.8000","1.5627","0.2751"
"37.8200","1.5636","0.2752"
"37.8400","1.5644","0.2753"
"37.8600","1.5653","0.2754"
"37.8800","1.5662","0.2755"
"37.9000","1.5670","0.2756"
"37.9200","1.5678","0.2757"
"37.9400","1.5687","0.2758"
"37.9600","1.5695","0.2759"
"37.9800","1.5704","0.2761"
"38.0000","1.5712","0.2761"
"38.0200","1.5721","0.2763"
"38.0400","1.5730","0.2764"
"38.0600","1.5739","0.2765"
"38.0800","1.5747","0.2766"
"38.1000","1.5756","0.2767"
"38.1200","1.5765","0.2768"
"38.1400","1.5774","0.2769"
"38.1600","1.5782","0.2770"
"38.1800","1.5790","0.2771"
"38.2000","1.5799","0.2772"
"38.2200","1.5807","0.2773"
"38.2400","1.5816","0.2774"
"38.2600","1.5824","0.2775"
"38.2800","1.5833","0.2776"
"38.3000","1.5841","0.2777"
"38.3200","1.5849","0.2778"
"38.3400","1.5857","0.2779"
"38.3600","1.5865","0.2780"
"38.3800","1.5873","0.2781"
"38.4000","1.5881","0.2782"
"38.4200","1.5889","0.2783"
"38.4400","1.5897","0.2784"
"38.4600","1.5905","0.2784"
"38.4800","1.5914","0.2786"
"38.5000","1.5923","0.2787"
"38.5200","1.5932","0.2788"
"38.5400","1.5942","0.2789"
"38.5600","1.5952","0.2791"
"38.5800","1.5962","0.2792"
"38.6000","1.5971","0.2793"
"38.6200","1.5981","0.2794"
"38.6400","1.5990","0.2795"
"38.6600","1.5998","0.2796"
"38.6800","1.6006","0.2797"
"38.7000","1.6014","0.2798"
"38.7200","1.6021","0.2799"
"38.7400","1.6028","0.2800"
"38.7600","1.6035","0.2800"
"38.7800","1.6042","0.2801"
"38.8000","1.6049","0.2801"
"38.8200","1.6055","0.2802"
"38.8400","1.6062","0.2803"
"38.8600","1.6069","0.2804"
"38.8800","1.6076","0.2804"
"38.9000","1.6084","0.2805"
"38.9200","1.6091","0.2806"
"38.9400","1.6099","0.2807"
"38.9600","1.6107","0.2808"
"38.9800","1.6116","0.2809"
"39.0000","1.6125","0.2810"
"39.0200","1.6135","0.2811"
"39.0400","1.6144","0.2813"
"39.0600","1.6153","0.2814"
"39.0800","1.6163","0.2815"
"39.1000","1.6172","0.2816"
"39.1200","1.6180","0.2817"
"39.1400","1.6189","0.2818"
"39.1600","1.6197","0.2819"
"39.1800","1.6206","0.2820"
"39.2000","1.6214","0.2821"
"39.2200","1.6222","0.2822"
"39.2400","1.6231","0.2823"
"39.2600","1.6239","0.2824"
"39.2800","1.6248","0.2825"
"39.3000","1.6257","0.2826"
"39.3200","1.6265","0.2827"
"39.3400","1.6274","0.2828"
"39.3600","1.6283","0.2829"
"39.3800","1.6291","0.2830"
"39.4000","1.6300","0.2831"
"39.4200","1.6308","0.2832"
"39.4400","1.6317","0.2833"
"39.4600","1.6325","0.2834"
"39.4800","1.6334","0.2835"
"39.5000","1.6342","0.2836"
"39.5200","1.6350","0.2837"
"39.5400","1.6359","0.2838"
"39.5600","1.6367","0.2839"
"39.5800","1.6374","0.2840"
"39.6000","1.6382","0.2840"
"39.6200","1.6390","0.2841"
"39.6400","1.6397","0.2842"
"39.6600","1.6405","0.2843"
"39.6800","1.6413","0.2844"
"39.7000","1.6420","0.2844"
"39.7200","1.6428","0.2845"
"39.7400","1.6437","0.2846"
"39.7600","1.6445","0.2847"
"39.7800","1.6454","0.2848"
"39.8000","1.6463","0.2849"
"39.8200","1.6473","0.2851"
"39.8400","1.6482","0.2852"
"39.8600","1.6492","0.2853"
"39.8800","1.6502","0.2854"
"39.9000","1.6511","0.2855"
"39.9200","1.6520","0.2856"
"39.9400","1.6529","0.2858"
"39.9600","1.6537","0.2858"
"39.9800","1.6545","0.2859"
"40.0000","1.6552","0.2860"
"40.0200","1.6559","0.2861"
"40.0400","1.6566","0.2861"
"40.0600","1.6573","0.2862"
"40.0800","1.6580","0.2862"
"40.1000","1.6586","0.2863"
"40.1200","1.6594","0.2864"
"40.1400","1.6601","0.2865"
"40.1600","1.6609","0.2865"
"40.1800","1.6617","0.2866"
"40.2000","1.6625","0.2867"
"40.2200","1.6634","0.2868"
"40.2400","1.6643","0.2869"
"40.2600","1.6652","0.2871"
"40.2800","1.6662","0.2872"
"40.3000","1.6672","0.2873"
"40.3200","1.6681","0.2874"
"40.3400","1.6690","0.2875"
"40.3600","1.6699","0.2876"
"40.3800","1.6708","0.2877"
"40.4000","1.6716","0.2878"
"40.4200","1.6724","0.2879"
"40.4400","1.6733","0.2880"
"40.4600","1.6741","0.2880"
"40.4800","1.6749","0.2882"
"40.5000","1.6758","0.2883"
"40.5200","1.6766","0.2883"
"40.5400","1.6774","0.2884"
"40.5600","1.6783","0.2885"
"40.5800","1.6791","0.2886"
"40.6000","1.6799","0.2887"
"40.6200","1.6808","0.2888"
"40.6400","1.6816","0.2888"
"40.6600","1.6824","0.2889"
"40.6800","1.6832","0.2890"
"40.7000","1.6840","0.2891"
"40.7200","1.6848","0.2892"
"40.7400","1.6856","0.2893"
"40.7600","1.6864","0.2894"
"40.7800","1.6872","0.2895"
"40.8000","1.6880","0.2895"
"40.8200","1.6888","0.2896"
"40.8400","1.6895","0.2897"
"40.8600","1.6903","0.2898"
"40.8800","1.6911","0.2898"
"40.9000","1.6919","0.2899"
"40.9200","1.6927","0.2900"
"40.9400","1.6936","0.2901"
"40.9600","1.6944","0.2902"
"40.9800","1.6953","0.2903"
"41.0000","1.6962","0.2904"
"41.0200","1.6971","0.2905"
"41.0400","1.6981","0.2906"
"41.0600","1.6990","0.2908"
"41.0800","1.7000","0.2909"
"41.1000","1.7010","0.2910"
"41.1200","1.7020","0.2911"
"41.1400","1.7030","0.2912"
"41.1600","1.7039","0.2913"
"41.1800","1.7048","0.2914"
"41.2000","1.7057","0.2915"
"41.2200","1.7065","0.2916"
"41.2400","1.7072","0.2916"
"41.2600","1.7080","0.2917"
"41.2800","1.7086","0.2918"
"41.3000","1.7093","0.2918"
"41.3200","1.7100","0.2919"
"41.3400","1.7107","0.2919"
"41.3600","1.7113","0.2920"
"41.3800","1.7121","0.2920"
"41.4000","1.7128","0.2921"
"41.4200","1.7136","0.2922"
"41.4400","1.7144","0.2923"
"41.4600","1.7152","0.2924"
"41.4800","1.7161","0.2925"
"41.5000","1.7171","0.2926"
"41.5200","1.7181","0.2927"
"41.5400","1.7191","0.2928"
"41.5600","1.7200","0.2929"
"41.5800","1.7209","0.2930"
"41.6000","1.7218","0.2931"
"41.6200","1.7226","0.2932"
"41.6400","1.7235","0.2932"
"41.6600","1.7242","0.2933"
"41.6800","1.7250","0.2934"
"41.7000","1.7258","0.2935"
"41.7200","1.7266","0.2935"
"41.7400","1.7274","0.2936"
"41.7600","1.7283","0.2937"
"41.7800","1.7292","0.2938"
"41.8000","1.7300","0.2939"
"41.8200","1.7309","0.2940"
"41.8400","1.7317","0.2941"
"41.8600","1.7326","0.2941"
"41.8800","1.7334","0.2942"
"41.9000","1.7342","0.2943"
"41.9200","1.7351","0.2944"
"41.9400","1.7359","0.2945"
"41.9600","1.7367","0.2945"
"41.9800","1.7375","0.2946"
"42.0000","1.7384","0.2947"
"42.0200","1.7392","0.2948"
"42.0400","1.7400","0.2949"
"42.0600","1.7408","0.2950"
"42.0800","1.7416","0.2950"
"42.1000","1.7424","0.2951"
"42.1200","1.7431","0.2952"
"42.1400","1.7439","0.2952"
"42.1600","1.7447","0.2953"
"42.1800","1.7455","0.2954"
"42.2000","1.7463","0.2955"
"42.2200","1.7472","0.2956"
"42.2400","1.7481","0.2956"
"42.2600","1.7490","0.2957"
"42.2800","1.7499","0.2958"
"42.3000","1.7509","0.2959"
"42.3200","1.7518","0.2960"
"42.3400","1.7528","0.2961"
"42.3600","1.7537","0.2963"
"42.3800","1.7547","0.2963"
"42.4000","1.7556","0.2964"
"42.4200","1.7565","0.2965"
"42.4400","1.7573","0.2966"
"42.4600","1.7581","0.2966"
"42.4800","1.7589","0.2967"
"42.5000","1.7596","0.2968"
"42.5200","1.7602","0.2968"
"42.5400","1.7609","0.2968"
"42.5600","1.7615","0.2969"
"42.5800","1.7622","0.2969"
"42.6000","1.7628","0.2970"
"42.6200","1.7634","0.2970"
"42.6400","1.7641","0.2970"
"42.6600","1.7649","0.2971"
"42.6800","1.7656","0.2971"
"42.7000","1.7664","0.2972"
"42.7200","1.7672","0.2973"
"42.7400","1.7681","0.2974"
"42.7600","1.7690","0.2975"
"42.7800","1.7700","0.2976"
"42.8000","1.7709","0.2977"
"42.8200","1.7718","0.2978"
"42.8400","1.7727","0.2979"
"42.8600","1.7736","0.2980"
"42.8800","1.7744","0.2980"
"42.9000","1.7752","0.2981"
"42.9200","1.7761","0.2982"
"42.9400","1.7769","0.2983"
"42.9600","1.7777","0.2983"
"42.9800","1.7785","0.2984"
"43.0000","1.7794","0.2985"
"43.0200","1.7802","0.2986"
"43.0400","1.7811","0.2986"
"43.0600","1.7819","0.2987"
"43.0800","1.7828","0.2988"
"43.1000","1.7837","0.2989"
"43.1200","1.7845","0.2989"
"43.1400","1.7854","0.2990"
"43.1600","1.7863","0.2991"
"43.1800","1.7872","0.2992"
"43.2000","1.7880","0.2993"
"43.2200","1.7889","0.2994"
"43.2400","1.7898","0.2994"
"43.2600","1.7906","0.2995"
"43.2800","1.7915","0.2996"
"43.3000","1.7923","0.2997"
"43.3200","1.7931","0.2997"
"43.3400","1.7939","0.2998"
"43.3600","1.7947","0.2999"
"43.3800","1.7955","0.2999"
"43.4000","1.7963","0.3000"
"43.4200","1.7971","0.3000"
"43.4400","1.7979","0.3001"
"43.4600","1.7988","0.3002"
"43.4800","1.7997","0.3002"
"43.5000","1.8006","0.3003"
"43.5200","1.8015","0.3004"
"43.5400","1.8025","0.3005"
"43.5600","1.8035","0.3006"
"43.5800","1.8044","0.3007"
"43.6000","1.8054","0.3008"
"43.6200","1.8063","0.3009"
"43.6400","1.8072","0.3010"
"43.6600","1.8080","0.3010"
"43.6800","1.8088","0.3011"
"43.7000","1.8096","0.3011"
"43.7200","1.8104","0.3012"
"43.7400","1.8111","0.3012"
"43.7600","1.8118","0.3013"
"43.7800","1.8125","0.3013"
"43.8000","1.8132","0.3014"
"43.8200","1.8139","0.3014"
"43.8400","1.8146","0.3015"
"43.8600","1.8153","0.3015"
"43.8800","1.8160","0.3016"
"43.9000","1.8168","0.3016"
"43.9200","1.8175","0.3017"
"43.9400","1.8183","0.3017"
"43.9600","1.8192","0.3018"
"43.9800","1.8201","0.3019"
"44.0000","1.8210","0.3020"
"44.0200","1.8220","0.3021"
"44.0400","1.8229","0.3022"
"44.0600","1.8239","0.3022"
"44.0800","1.8248","0.3024"
"44.1000","1.8257","0.3024"
"44.1200","1.8266","0.3025"
"44.1400","1.8275","0.3026"
"44.1600","1.8283","0.3026"
"44.1800","1.8292","0.3027"
"44.2000","1.8300","0.3028"
"44.2200","1.8308","0.3028"
"44.2400","1.8317","0.3029"
"44.2600","1.8325","0.3030"
"44.2800","1.8333","0.3031"
"44.3000","1.8341","0.3031"
"44.3200","1.8349","0.3031"
"44.3400","1.8358","0.3032"
"44.3600","1.8366","0.3033"
"44.3800","1.8374","0.3034"
"44.4000","1.8382","0.3034"
"44.4200","1.8391","0.3035"
"44.4400","1.8399","0.3036"
"44.4600","1.8408","0.3036"
"44.4800","1.8417","0.3037"
"44.5000","1.8425","0.3038"
"44.5200","1.8434","0.3038"
"44.5400","1.8442","0.3039"
"44.5600","1.8450","0.3040"
"44.5800","1.8458","0.3040"
"44.6000","1.8465","0.3041"
"44.6200","1.8473","0.3041"
"44.6400","1.8480","0.3042"
"44.6600","1.8488","0.3043"
"44.6800","1.8495","0.3043"
"44.7000","1.8503","0.3044"
"44.7200","1.8511","0.3044"
"44.7400","1.8519","0.3045"
"44.7600","1.8527","0.3046"
"44.7800","1.8536","0.3047"
"44.8000","1.8545","0.3048"
"44.8200","1.8554","0.3048"
"44.8400","1.8564","0.3050"
"44.8600","1.8574","0.3051"
"44.8800","1.8583","0.3052"
"44.9000","1.8592","0.3053"
"44.9200","1.8602","0.3054"
"44.9400","1.8610","0.3055"
"44.9600","1.8619","0.3055"
"44.9800","1.8627","0.3056"
"45.0000","1.8634","0.3057"
"45.0200","1.8641","0.3057"
"45.0400","1.8648","0.3057"
"45.0600","1.8655","0.3058"
"45.0800","1.8662","0.3058"
"45.1000","1.8669","0.3059"
"45.1200","1.8677","0.3060"
"45.1400","1.8684","0.3060"
"45.1600","1.8692","0.3061"
"45.1800","1.8700","0.3062"
"45.2000","1.8709","0.3063"
"45.2200","1.8718","0.3063"
"45.2400","1.8727","0.3065"
"45.2600","1.8736","0.3066"
"45.2800","1.8746","0.3067"
"45.3000","1.8756","0.3068"
"45.3200","1.8765","0.3069"
"45.3400","1.8774","0.3070"
"45.3600","1.8783","0.3071"
"45.3800","1.8792","0.3072"
"45.4000","1.8800","0.3073"
"45.4200","1.8808","0.3074"
"45.4400","1.8817","0.3074"
"45.4600","1.8825","0.3075"
"45.4800","1.8834","0.3076"
"45.5000","1.8842","0.3077"
"45.5200","1.8851","0.3078"
"45.5400","1.8859","0.3078"
"45.5600","1.8868","0.3079"
"45.5800","1.8876","0.3080"
"45.6000","1.8884","0.3080"
"45.6200","1.8892","0.3081"
"45.6400","1.8900","0.3083"
"45.6600","1.8908","0.3084"
"45.6800","1.8916","0.3084"
"45.7000","1.8924","0.3085"
"45.7200","1.8932","0.3085"
"45.7400","1.8940","0.3086"
"45.7600","1.8947","0.3087"
"45.7800","1.8955","0.3088"
"45.8000","1.8963","0.3089"
"45.8200","1.8971","0.3089"
"45.8400","1.8979","0.3090"
"45.8600","1.8987","0.3091"
"45.8800","1.8994","0.3092"
"45.9000","1.9002","0.3092"
"45.9200","1.9010","0.3093"
"45.9400","1.9018","0.3094"
"45.9600","1.9027","0.3095"
"45.9800","1.9035","0.3096"
"46.0000","1.9044","0.3097"
"46.0200","1.9053","0.3098"
"46.0400","1.9063","0.3099"
"46.0600","1.9073","0.3101"
"46.0800","1.9083","0.3101"
"46.1000","1.9092","0.3103"
"46.1200","1.9102","0.3104"
"46.1400","1.9112","0.3106"
"46.1600","1.9122","0.3106"
"46.1800","1.9131","0.3108"
"46.2000","1.9140","0.3109"
"46.2200","1.9148","0.3109"
"46.2400","1.9156","0.3110"
"46.2600","1.9163","0.3110"
"46.2800","1.9170","0.3111"
"46.3000","1.9177","0.3112"
"46.3200","1.9183","0.3112"
"46.3400","1.9190","0.3113"
"46.3600","1.9197","0.3113"
"46.3800","1.9205","0.3114"
"46.4000","1.9212","0.3115"
"46.4200","1.9220","0.3116"
"46.4400","1.9228","0.3117"
"46.4600","1.9237","0.3118"
"46.4800","1.9246","0.3119"
"46.5000","1.9255","0.3120"
"46.5200","1.9264","0.3121"
"46.5400","1.9274","0.3122"
"46.5600","1.9283","0.3123"
"46.5800","1.9292","0.3124"
"46.6000","1.9300","0.3125"
"46.6200","1.9308","0.3126"
"46.6400","1.9316","0.3126"
"46.6600","1.9323","0.3127"
"46.6800","1.9331","0.3128"
"46.7000","1.9339","0.3129"
"46.7200","1.9347","0.3130"
"46.7400","1.9355","0.3131"
"46.7600","1.9363","0.3131"
"46.7800","1.9371","0.3132"
"46.8000","1.9379","0.3133"
"46.8200","1.9388","0.3134"
"46.8400","1.9396","0.3135"
"46.8600","1.9405","0.3136"
"46.8800","1.9413","0.3138"
"46.9000","1.9422","0.3138"
"46.9200","1.9430","0.3139"
"46.9400","1.9439","0.3140"
"46.9600","1.9448","0.3141"
"46.9800","1.9457","0.3142"
"47.0000","1.9465","0.3143"
"47.0200","1.9474","0.3144"
"47.0400","1.9482","0.3145"
"47.0600","1.9490","0.3146"
"47.0800","1.9498","0.3147"
"47.1000","1.9506","0.3147"
"47.1200","1.9514","0.3148"
"47.1400","1.9522","0.3149"
"47.1600","1.9530","0.3150"
"47.1800","1.9538","0.3151"
"47.2000","1.9546","0.3152"
"47.2200","1.9554","0.3153"
"47.2400","1.9563","0.3154"
"47.2600","1.9572","0.3155"
"47.2800","1.9581","0.3156"
"47.3000","1.9591","0.3157"
"47.3200","1.9600","0.3158"
"47.3400","1.9610","0.3159"
"47.3600","1.9620","0.3160"
"47.3800","1.9629","0.3162"
"47.4000","1.9639","0.3163"
"47.4200","1.9647","0.3164"
"47.4400","1.9656","0.3165"
"47.4600","1.9664","0.3165"
"47.4800","1.9671","0.3166"
"47.5000","1.9678","0.3167"
"47.5200","1.9685","0.3167"
"47.5400","1.9692","0.3168"
"47.5600","1.9698","0.3169"
"47.5800","1.9705","0.3169"
"47.6000","1.9712","0.3170"
"47.6200","1.9718","0.3170"
"47.6400","1.9725","0.3171"
"47.6600","1.9732","0.3172"
"47.6800","1.9740","0.3172"
"47.7000","1.9748","0.3173"
"47.7200","1.9756","0.3174"
"47.7400","1.9764","0.3175"
"47.7600","1.9773","0.3176"
"47.7800","1.9782","0.3177"
"47.8000","1.9791","0.3179"
"47.8200","1.9800","0.3180"
"47.8400","1.9809","0.3181"
"47.8600","1.9818","0.3182"
"47.8800","1.9827","0.3183"
"47.9000","1.9836","0.3184"
"47.9200","1.9845","0.3185"
"47.9400","1.9853","0.3186"
"47.9600","1.9862","0.3187"
"47.9800","1.9871","0.3188"
"48.0000","1.9879","0.3189"
"48.0200","1.9888","0.3190"
"48.0400","1.9897","0.3191"
"48.0600","1.9905","0.3192"
"48.0800","1.9914","0.3193"
"48.1000","1.9922","0.3194"
"48.1200","1.9931","0.3195"
"48.1400","1.9940","0.3196"
"48.1600","1.9949","0.3197"
"48.1800","1.9957","0.3198"
"48.2000","1.9966","0.3199"
"48.2200","1.9975","0.3200"
"48.2400","1.9983","0.3201"
"48.2600","1.9992","0.3202"
"48.2800","2.0000","0.3203"
"48.3000","2.0008","0.3203"
"48.3200","2.0016","0.3204"
"48.3400","2.0024","0.3205"
"48.3600","2.0032","0.3206"
"48.3800","2.0040","0.3207"
"48.4000","2.0048","0.3208"
"48.4200","2.0056","0.3209"
"48.4400","2.0065","0.3210"
"48.4600","2.0073","0.3211"
"48.4800","2.0082","0.3212"
"48.5000","2.0091","0.3213"
"48.5200","2.0101","0.3214"
"48.5400","2.0110","0.3215"
"48.5600","2.0120","0.3217"
"48.5800","2.0129","0.3218"
"48.6000","2.0139","0.3219"
"48.6200","2.0148","0.3220"
"48.6400","2.0157","0.3221"
"48.6600","2.0166","0.3222"
"48.6800","2.0174","0.3223"
"48.7000","2.0182","0.3223"
"48.7200","2.0190","0.3224"
"48.7400","2.0197","0.3225"
"48.7600","2.0204","0.3226"
"48.7800","2.0210","0.3226"
"48.8000","2.0217","0.3227"
"48.8200","2.0224","0.3228"
"48.8400","2.0230","0.3228"
"48.8600","2.0237","0.3229"
"48.8800","2.0244","0.3230"
"48.9000","2.0252","0.3230"
"48.9200","2.0259","0.3231"
"48.9400","2.0267","0.3232"
"48.9600","2.0275","0.3233"
"48.9800","2.0284","0.3234"
"49.0000","2.0293","0.3235"
"49.0200","2.0302","0.3236"
"49.0400","2.0312","0.3237"
"49.0600","2.0321","0.3238"
"49.0800","2.0330","0.3240"
"49.1000","2.0338","0.3241"
"49.1200","2.0347","0.3241"
"49.1400","2.0356","0.3242"
"49.1600","2.0364","0.3243"
"49.1800","2.0373","0.3244"
"49.2000","2.0381","0.3245"
"49.2200","2.0390","0.3246"
"49.2400","2.0398","0.3247"
"49.2600","2.0407","0.3248"
"49.2800","2.0416","0.3249"
"49.3000","2.0424","0.3250"
"49.3200","2.0433","0.3251"
"49.3400","2.0442","0.3252"
"49.3600","2.0450","0.3253"
"49.3800","2.0459","0.3254"
"49.4000","2.0467","0.3255"
"49.4200","2.0476","0.3256"
"49.4400","2.0484","0.3257"
"49.4600","2.0493","0.3258"
"49.4800","2.0501","0.3259"
"49.5000","2.0510","0.3260"
"49.5200","2.0518","0.3261"
"49.5400","2.0526","0.3262"
"49.5600","2.0534","0.3262"
"49.5800","2.0542","0.3263"
"49.6000","2.0549","0.3264"
"49.6200","2.0556","0.3265"
"49.6400","2.0564","0.3265"
"49.6600","2.0571","0.3266"
"49.6800","2.0579","0.3267"
"49.7000","2.0587","0.3268"
"49.7200","2.0595","0.3269"
"49.7400","2.0604","0.3270"
"49.7600","2.0613","0.3271"
"49.7800","2.0622","0.3272"
"49.8000","2.0631","0.3273"
"49.8200","2.0641","0.3274"
"49.8400","2.0650","0.3275"
"49.8600","2.0660","0.3277"
"49.8800","2.0669","0.3278"
"49.9000","2.0678","0.3279"
"49.9200","2.0687","0.3280"
"49.9400","2.0696","0.3281"
"49.9600","2.0704","0.3282"
"49.9800","2.0712","0.3283"
"50.0000","2.0719","0.3283"
"50.0200","2.0726","0.3284"
"50.0400","2.0733","0.3285"
"50.0600","2.0739","0.3285"
"50.0800","2.0746","0.3286"
"50.1000","2.0753","0.3287"
"50.1200","2.0760","0.3287"
"50.1400","2.0767","0.3288"
"50.1600","2.0775","0.3289"
"50.1800","2.0783","0.3289"
"50.2000","2.0791","0.3290"
"50.2200","2.0800","0.3292"
"50.2400","2.0809","0.3293"
"50.2600","2.0818","0.3294"
"50.2800","2.0828","0.3295"
"50.3000","2.0837","0.3296"
"50.3200","2.0846","0.3297"
"50.3400","2.0855","0.3298"
"50.3600","2.0863","0.3299"
"50.3800","2.0872","0.3300"
"50.4000","2.0880","0.3301"
"50.4200","2.0889","0.3302"
"50.4400","2.0897","0.3303"
"50.4600","2.0905","0.3304"
"50.4800","2.0914","0.3305"
"50.5000","2.0922","0.3306"
"50.5200","2.0931","0.3307"
"50.5400","2.0940","0.3308"
"50.5600","2.0948","0.3308"
"50.5800","2.0957","0.3309"
"50.6000","2.0965","0.3310"
"50.6200","2.0973","0.3312"
"50.6400","2.0982","0.3313"
"50.6600","2.0990","0.3314"
"50.6800","2.0998","0.3314"
"50.7000","2.1007","0.3315"
"50.7200","2.1015","0.3316"
"50.7400","2.1023","0.3317"
"50.7600","2.1031","0.3318"
"50.7800","2.1039","0.3319"
"50.8000","2.1047","0.3320"
"50.8200","2.1055","0.3321"
"50.8400","2.1063","0.3322"
"50.8600","2.1070","0.3322"
"50.8800","2.1078","0.3323"
"50.9000","2.1086","0.3324"
"50.9200","2.1093","0.3324"
"50.9400","2.1101","0.3325"
"50.9600","2.1110","0.3326"
"50.9800","2.1118","0.3328"
"51.0000","2.1127","0.3329"
"51.0200","2.1136","0.3330"
"51.0400","2.1145","0.3331"
"51.0600","2.1155","0.3332"
"51.0800","2.1165","0.3333"
"51.1000","2.1175","0.3334"
"51.1200","2.1185","0.3335"
"51.1400","2.1194","0.3337"
"51.1600","2.1204","0.3338"
"51.1800","2.1213","0.3339"
"51.2000","2.1221","0.3340"
"51.2200","2.1229","0.3340"
"51.2400","2.1237","0.3341"
"51.2600","2.1244","0.3342"
"51.2800","2.1251","0.3343"
"51.3000","2.1258","0.3343"
"51.3200","2.1265","0.3344"
"51.3400","2.1272","0.3344"
"51.3600","2.1279","0.3345"
"51.3800","2.1286","0.3346"
"51.4000","2.1293","0.3347"
"51.4200","2.1301","0.3347"
"51.4400","2.1309","0.3348"
"51.4600","2.1317","0.3349"
"51.4800","2.1326","0.3350"
"51.5000","2.1336","0.3351"
"51.5200","2.1345","0.3353"
"51.5400","2.1355","0.3354"
"51.5600","2.1364","0.3355"
"51.5800","2.1373","0.3356"
"51.6000","2.1382","0.3357"
"51.6200","2.1390","0.3358"
"51.6400","2.1398","0.3358"
"51.6600","2.1406","0.3359"
"51.6800","2.1415","0.3360"
"51.7000","2.1423","0.3361"
"51.7200","2.1431","0.3362"
"51.7400","2.1439","0.3363"
"51.7600","2.1447","0.3364"
"51.7800","2.1456","0.3365"
"51.8000","2.1464","0.3366"
"51.8200","2.1472","0.3367"
"51.8400","2.1481","0.3367"
"51.8600","2.1489","0.3368"
"51.8800","2.1497","0.3369"
"51.9000","2.1505","0.3370"
"51.9200","2.1513","0.3371"
"51.9400","2.1522","0.3372"
"51.9600","2.1530","0.3373"
"51.9800","2.1538","0.3374"
"52.0000","2.1546","0.3375"
"52.0200","2.1555","0.3375"
"52.0400","2.1563","0.3376"
"52.0600","2.1571","0.3377"
"52.0800","2.1579","0.3378"
"52.1000","2.1586","0.3379"
"52.1200","2.1594","0.3380"
"52.1400","2.1602","0.3380"
"52.1600","2.1610","0.3381"
"52.1800","2.1618","0.3382"
"52.2000","2.1627","0.3383"
"52.2200","2.1635","0.3384"
"52.2400","2.1644","0.3385"
"52.2600","2.1654","0.3386"
"52.2800","2.1663","0.3387"
"52.3000","2.1673","0.3388"
"52.3200","2.1683","0.3390"
"52.3400","2.1694","0.3391"
"52.3600","2.1704","0.3393"
"52.3800","2.1714","0.3394"
"52.4000","2.1724","0.3395"
"52.4200","2.1733","0.3396"
"52.4400","2.1741","0.3397"
"52.4600","2.1749","0.3397"
"52.4800","2.1756","0.3398"
"52.5000","2.1763","0.3399"
"52.5200","2.1770","0.3399"
"52.5400","2.1776","0.3400"
"52.5600","2.1783","0.3400"
"52.5800","2.1789","0.3401"
"52.6000","2.1796","0.3401"
"52.6200","2.1803","0.3402"
"52.6400","2.1810","0.3403"
"52.6600","2.1817","0.3403"
"52.6800","2.1824","0.3404"
"52.7000","2.1832","0.3405"
"52.7200","2.1840","0.3406"
"52.7400","2.1849","0.3407"
"52.7600","2.1858","0.3408"
"52.7800","2.1867","0.3409"
"52.8000","2.1877","0.3410"
"52.8200","2.1886","0.3411"
"52.8400","2.1895","0.3412"
"52.8600","2.1904","0.3413"
"52.8800","2.1912","0.3414"
"52.9000","2.1921","0.3415"
"52.9200","2.1929","0.3416"
"52.9400","2.1938","0.3417"
"52.9600","2.1947","0.3418"
"52.9800","2.1956","0.3419"
"53.0000","2.1964","0.3420"
"53.0200","2.1973","0.3421"
"53.0400","2.1982","0.3422"
"53.0600","2.1991","0.3423"
"53.0800","2.2000","0.3424"
"53.1000","2.2009","0.3425"
"53.1200","2.2018","0.3426"
"53.1400","2.2027","0.3427"
"53.1600","2.2036","0.3428"
"53.1800","2.2044","0.3429"
"53.2000","2.2052","0.3430"
"53.2200","2.2061","0.3431"
"53.2400","2.2069","0.3432"
"53.2600","2.2077","0.3433"
"53.2800","2.2085","0.3433"
"53.3000","2.2093","0.3434"
"53.3200","2.2101","0.3435"
"53.3400","2.2109","0.3435"
"53.3600","2.2116","0.3436"
"53.3800","2.2124","0.3437"
"53.4000","2.2132","0.3438"
"53.4200","2.2140","0.3439"
"53.4400","2.2148","0.3440"
"53.4600","2.2157","0.3441"
"53.4800","2.2166","0.3442"
"53.5000","2.2175","0.3443"
"53.5200","2.2184","0.3444"
"53.5400","2.2193","0.3445"
"53.5600","2.2202","0.3446"
"53.5800","2.2212","0.3447"
"53.6000","2.2221","0.3448"
"53.6200","2.2230","0.3449"
"53.6400","2.2239","0.3450"
"53.6600","2.2248","0.3451"
"53.6800","2.2256","0.3452"
"53.7000","2.2264","0.3453"
"53.7200","2.2272","0.3453"
"53.7400","2.2279","0.3454"
"53.7600","2.2286","0.3455"
"53.7800","2.2293","0.3455"
"53.8000","2.2300","0.3456"
"53.8200","2.2306","0.3456"
"53.8400","2.2313","0.3457"
"53.8600","2.2320","0.3457"
"53.8800","2.2327","0.3458"
"53.9000","2.2334","0.3459"
"53.9200","2.2342","0.3460"
"53.9400","2.2350","0.3460"
"53.9600","2.2358","0.3461"
"53.9800","2.2367","0.3462"
"54.0000","2.2375","0.3463"
"54.0200","2.2385","0.3465"
"54.0400","2.2394","0.3466"
"54.0600","2.2403","0.3467"
"54.0800","2.2413","0.3468"
"54.1000","2.2421","0.3468"
"54.1200","2.2430","0.3470"
"54.1400","2.2438","0.3470"
"54.1600","2.2447","0.3471"
"54.1800","2.2455","0.3472"
"54.2000","2.2463","0.3473"
"54.2200","2.2471","0.3474"
"54.2400","2.2480","0.3475"
"54.2600","2.2488","0.3475"
"54.2800","2.2496","0.3476"
"54.3000","2.2505","0.3477"
"54.3200","2.2513","0.3478"
"54.3400","2.2521","0.3479"
"54.3600","2.2529","0.3480"
"54.3800","2.2538","0.3481"
"54.4000","2.2546","0.3482"
"54.4200","2.2555","0.3483"
"54.4400","2.2564","0.3484"
"54.4600","2.2572","0.3484"
"54.4800","2.2581","0.3485"
"54.5000","2.2589","0.3486"
"54.5200","2.2597","0.3487"
"54.5400","2.2605","0.3488"
"54.5600","2.2613","0.3489"
"54.5800","2.2621","0.3489"
"54.6000","2.2629","0.3490"
"54.6200","2.2636","0.3491"
"54.6400","2.2644","0.3492"
"54.6600","2.2652","0.3493"
"54.6800","2.2660","0.3493"
"54.7000","2.2668","0.3494"
"54.7200","2.2677","0.3495"
"54.7400","2.2685","0.3496"
"54.7600","2.2694","0.3497"
"54.7800","2.2703","0.3498"
"54.8000","2.2713","0.3499"
"54.8200","2.2722","0.3500"
"54.8400","2.2732","0.3501"
"54.8600","2.2741","0.3502"
"54.8800","2.2751","0.3503"
"54.9000","2.2760","0.3505"
"54.9200","2.2770","0.3506"
"54.9400","2.2778","0.3507"
"54.9600","2.2787","0.3507"
"54.9800","2.2794","0.3508"
"55.0000","2.2802","0.3508"
"55.0200","2.2809","0.3509"
"55.0400","2.2816","0.3510"
"55.0600","2.2823","0.3511"
"55.0800","2.2830","0.3511"
"55.1000","2.2836","0.3512"
"55.1200","2.2843","0.3512"
"55.1400","2.2851","0.3513"
"55.1600","2.2858","0.3514"
"55.1800","2.2866","0.3514"
"55.2000","2.2875","0.3515"
"55.2200","2.2883","0.3516"
"55.2400","2.2893","0.3517"
"55.2600","2.2902","0.3518"
"55.2800","2.2912","0.3520"
"55.3000","2.2922","0.3521"
"55.3200","2.2931","0.3522"
"55.3400","2.2941","0.3523"
"55.3600","2.2950","0.3524"
"55.3800","2.2959","0.3525"
"55.4000","2.2968","0.3526"
"55.4200","2.2977","0.3527"
"55.4400","2.2986","0.3528"
"55.4600","2.2994","0.3529"
"55.4800","2.3003","0.3530"
"55.5000","2.3011","0.3530"
"55.5200","2.3020","0.3531"
"55.5400","2.3028","0.3532"
"55.5600","2.3037","0.3533"
"55.5800","2.3045","0.3534"
"55.6000","2.3053","0.3535"
"55.6200","2.3061","0.3536"
"55.6400","2.3069","0.3536"
"55.6600","2.3077","0.3537"
"55.6800","2.3085","0.3538"
"55.7000","2.3093","0.3539"
"55.7200","2.3101","0.3539"
"55.7400","2.3109","0.3540"
"55.7600","2.3117","0.3541"
"55.7800","2.3125","0.3542"
"55.8000","2.3133","0.3542"
"55.8200","2.3141","0.3543"
"55.8400","2.3148","0.3544"
"55.8600","2.3156","0.3545"
"55.8800","2.3164","0.3546"
"55.9000","2.3172","0.3547"
"55.9200","2.3180","0.3547"
"55.9400","2.3188","0.3548"
"55.9600","2.3196","0.3549"
"55.9800","2.3204","0.3550"
"56.0000","2.3213","0.3551"
"56.0200","2.3222","0.3552"
"56.0400","2.3231","0.3553"
"56.0600","2.3241","0.3554"
"56.0800","2.3251","0.3555"
"56.1000","2.3261","0.3556"
"56.1200","2.3271","0.3557"
"56.1400","2.3280","0.3559"
"56.1600","2.3290","0.3560"
"56.1800","2.3299","0.3560"
"56.2000","2.3307","0.3561"
"56.2200","2.3315","0.3562"
"56.2400","2.3322","0.3562"
"56.2600","2.3329","0.3563"
"56.2800","2.3336","0.3564"
"56.3000","2.3343","0.3564"
"56.3200","2.3349","0.3565"
"56.3400","2.3356","0.3565"
"56.3600","2.3363","0.3566"
"56.3800","2.3370","0.3566"
"56.4000","2.3377","0.3567"
"56.4200","2.3385","0.3568"
"56.4400","2.3393","0.3569"
"56.4600","2.3401","0.3570"
"56.4800","2.3410","0.3570"
"56.5000","2.3419","0.3571"
"56.5200","2.3428","0.3572"
"56.5400","2.3438","0.3573"
"56.5600","2.3447","0.3575"
"56.5800","2.3456","0.3575"
"56.6000","2.3464","0.3576"
"56.6200","2.3472","0.3577"
"56.6400","2.3481","0.3578"
"56.6600","2.3488","0.3579"
"56.6800","2.3496","0.3580"
"56.7000","2.3505","0.3580"
"56.7200","2.3513","0.3581"
"56.7400","2.3521","0.3582"
"56.7600","2.3529","0.3583"
"56.7800","2.3538","0.3583"
"56.8000","2.3546","0.3584"
"56.8200","2.3555","0.3586"
"56.8400","2.3564","0.3586"
"56.8600","2.3572","0.3587"
"56.8800","2.3581","0.3588"
"56.9000","2.3590","0.3589"
"56.9200","2.3598","0.3590"
"56.9400","2.3606","0.3591"
"56.9600","2.3615","0.3592"
"56.9800","2.3624","0.3593"
"57.0000","2.3632","0.3593"
"57.0200","2.3641","0.3594"
"57.0400","2.3649","0.3595"
"57.0600","2.3658","0.3596"
"57.0800","2.3666","0.3597"
"57.1000","2.3674","0.3597"
"57.1200","2.3682","0.3598"
"57.1400","2.3690","0.3599"
"57.1600","2.3698","0.3600"
"57.1800","2.3706","0.3601"
"57.2000","2.3715","0.3601"
"57.2200","2.3723","0.3602"
"57.2400","2.3732","0.3603"
"57.2600","2.3741","0.3604"
"57.2800","2.3750","0.3605"
"57.3000","2.3760","0.3606"
"57.3200","2.3769","0.3607"
"57.3400","2.3779","0.3608"
"57.3600","2.3788","0.3609"
"57.3800","2.3797","0.3610"
"57.4000","2.3806","0.3611"
"57.4200","2.3815","0.3612"
"57.4400","2.3823","0.3613"
"57.4600","2.3831","0.3613"
"57.4800","2.3838","0.3614"
"57.5000","2.3845","0.3614"
"57.5200","2.3852","0.3615"
"57.5400","2.3858","0.3616"
"57.5600","2.3865","0.3616"
"57.5800","2.3871","0.3616"
"57.6000","2.3878","0.3617"
"57.6200","2.3885","0.3617"
"57.6400","2.3892","0.3618"
"57.6600","2.3899","0.3619"
"57.6800","2.3907","0.3620"
"57.7000","2.3915","0.3620"
"57.7200","2.3923","0.3621"
"57.7400","2.3932","0.3622"
"57.7600","2.3941","0.3623"
"57.7800","2.3950","0.3624"
"57.8000","2.3959","0.3625"
"57.8200","2.3969","0.3626"
"57.8400","2.3978","0.3627"
"57.8600","2.3987","0.3628"
"57.8800","2.3996","0.3629"
"57.9000","2.4004","0.3630"
"57.9200","2.4013","0.3631"
"57.9400","2.4021","0.3632"
"57.9600","2.4029","0.3633"
"57.9800","2.4038","0.3633"
"58.0000","2.4046","0.3634"
"58.0200","2.4055","0.3635"
"58.0400","2.4064","0.3636"
"58.0600","2.4072","0.3637"
"58.0800","2.4081","0.3638"
"58.1000","2.4090","0.3639"
"58.1200","2.4098","0.3640"
"58.1400","2.4107","0.3640"
"58.1600","2.4116","0.3641"
"58.1800","2.4124","0.3642"
"58.2000","2.4132","0.3643"
"58.2200","2.4141","0.3644"
"58.2400","2.4149","0.3645"
"58.2600","2.4158","0.3645"
"58.2800","2.4166","0.3646"
"58.3000","2.4174","0.3647"
"58.3200","2.4182","0.3648"
"58.3400","2.4190","0.3648"
"58.3600","2.4198","0.3649"
"58.3800","2.4206","0.3650"
"58.4000","2.4213","0.3650"
"58.4200","2.4222","0.3651"
"58.4400","2.4230","0.3652"
"58.4600","2.4238","0.3653"
"58.4800","2.4247","0.3654"
"58.5000","2.4256","0.3655"
"58.5200","2.4265","0.3656"
"58.5400","2.4274","0.3657"
"58.5600","2.4284","0.3658"
"58.5800","2.4293","0.3659"
"58.6000","2.4303","0.3660"
"58.6200","2.4312","0.3661"
"58.6400","2.4321","0.3662"
"58.6600","2.4330","0.3663"
"58.6800","2.4338","0.3663"
"58.7000","2.4346","0.3664"
"58.7200","2.4353","0.3665"
"58.7400","2.4361","0.3665"
"58.7600","2.4368","0.3666"
"58.7800","2.4375","0.3666"
"58.8000","2.4382","0.3667"
"58.8200","2.4388","0.3667"
"58.8400","2.4395","0.3668"
"58.8600","2.4402","0.3668"
"58.8800","2.4409","0.3669"
"58.9000","2.4417","0.3670"
"58.9200","2.4424","0.3670"
"58.9400","2.4432","0.3671"
"58.9600","2.4440","0.3672"
"58.9800","2.4449","0.3673"
"59.0000","2.4458","0.3674"
"59.0200","2.4467","0.3675"
"59.0400","2.4477","0.3676"
"59.0600","2.4487","0.3677"
"59.0800","2.4496","0.3678"
"59.1000","2.4505","0.3679"
"59.1200","2.4515","0.3680"
"59.1400","2.4523","0.3681"
"59.1600","2.4532","0.3682"
"59.1800","2.4541","0.3683"
"59.2000","2.4549","0.3684"
"59.2200","2.4558","0.3684"
"59.2400","2.4567","0.3685"
"59.2600","2.4575","0.3686"
"59.2800","2.4583","0.3687"
"59.3000","2.4592","0.3688"
"59.3200","2.4600","0.3688"
"59.3400","2.4608","0.3689"
"59.3600","2.4616","0.3690"
"59.3800","2.4624","0.3690"
"59.4000","2.4632","0.3691"
"59.4200","2.4640","0.3692"
"59.4400","2.4649","0.3693"
"59.4600","2.4657","0.3694"
"59.4800","2.4666","0.3695"
"59.5000","2.4674","0.3695"
"59.5200","2.4682","0.3696"
"59.5400","2.4690","0.3696"
"59.5600","2.4698","0.3697"
"59.5800","2.4706","0.3698"
"59.6000","2.4713","0.3699"
"59.6200","2.4721","0.3699"
"59.6400","2.4728","0.3700"
"59.6600","2.4735","0.3700"
"59.6800","2.4743","0.3701"
"59.7000","2.4751","0.3702"
"59.7200","2.4759","0.3703"
"59.7400","2.4768","0.3704"
"59.7600","2.4777","0.3705"
"59.7800","2.4786","0.3705"
"59.8000","2.4795","0.3706"
"59.8200","2.4804","0.3707"
"59.8400","2.4814","0.3708"
"59.8600","2.4824","0.3709"
"59.8800","2.4834","0.3711"
"59.9000","2.4843","0.3712"
"59.9200","2.4852","0.3713"
"59.9400","2.4861","0.3713"
"59.9600","2.4870","0.3714"
"59.9800","2.4878","0.3715"
"60.0000","2.4885","0.3715"
"60.0200","2.4892","0.3716"
"60.0400","2.4900","0.3717"
"60.0600","2.4906","0.3717"
"60.0800","2.4913","0.3717"
"60.1000","2.4920","0.3718"
"60.1200","2.4927","0.3718"
"60.1400","2.4934","0.3719"
"60.1600","2.4942","0.3720"
"60.1800","2.4950","0.3721"
"60.2000","2.4958","0.3721"
"60.2200","2.4967","0.3722"
"60.2400","2.4976","0.3723"
"60.2600","2.4986","0.3724"
"60.2800","2.4995","0.3725"
"60.3000","2.5005","0.3726"
"60.3200","2.5015","0.3727"
"60.3400","2.5024","0.3728"
"60.3600","2.5033","0.3729"
"60.3800","2.5042","0.3730"
"60.4000","2.5050","0.3731"
"60.4200","2.5059","0.3732"
"60.4400","2.5067","0.3732"
"60.4600","2.5076","0.3733"
"60.4800","2.5084","0.3734"
"60.5000","2.5093","0.3735"
"60.5200","2.5102","0.3736"
"60.5400","2.5110","0.3736"
"60.5600","2.5119","0.3737"
"60.5800","2.5128","0.3738"
"60.6000","2.5136","0.3739"
"60.6200","2.5144","0.3740"
"60.6400","2.5152","0.3740"
"60.6600","2.5160","0.3741"
"60.6800","2.5168","0.3742"
"60.7000","2.5176","0.3743"
"60.7200","2.5184","0.3743"
"60.7400","2.5191","0.3744"
"60.7600","2.5199","0.3745"
"60.7800","2.5207","0.3745"
"60.8000","2.5215","0.3746"
"60.8200","2.5223","0.3747"
"60.8400","2.5231","0.3747"
"60.8600","2.5239","0.3748"
"60.8800","2.5247","0.3749"
"60.9000","2.5254","0.3749"
"60.9200","2.5262","0.3750"
"60.9400","2.5271","0.3751"
"60.9600","2.5279","0.3752"
"60.9800","2.5287","0.3753"
"61.0000","2.5296","0.3753"
"61.0200","2.5306","0.3754"
"61.0400","2.5315","0.3756"
"61.0600","2.5325","0.3757"
"61.0800","2.5334","0.3758"
"61.1000","2.5344","0.3759"
"61.1200","2.5353","0.3760"
"61.1400","2.5363","0.3761"
"61.1600","2.5372","0.3761"
"61.1800","2.5381","0.3762"
"61.2000","2.5389","0.3763"
"61.2200","2.5397","0.3763"
"61.2400","2.5405","0.3764"
"61.2600","2.5412","0.3765"
"61.2800","2.5419","0.3765"
"61.3000","2.5426","0.3766"
"61.3200","2.5433","0.3766"
"61.3400","2.5440","0.3766"
"61.3600","2.5447","0.3767"
"61.3800","2.5454","0.3768"
"61.4000","2.5461","0.3768"
"61.4200","2.5469","0.3769"
"61.4400","2.5477","0.3770"
"61.4600","2.5485","0.3770"
"61.4800","2.5494","0.3771"
"61.5000","2.5503","0.3772"
"61.5200","2.5512","0.3773"
"61.5400","2.5521","0.3774"
"61.5600","2.5530","0.3775"
"61.5800","2.5538","0.3775"
"61.6000","2.5547","0.3776"
"61.6200","2.5555","0.3777"
"61.6400","2.5563","0.3778"
"61.6600","2.5571","0.3778"
"61.6800","2.5578","0.3779"
"61.7000","2.5586","0.3780"
"61.7200","2.5594","0.3780"
"61.7400","2.5602","0.3781"
"61.7600","2.5610","0.3782"
"61.7800","2.5619","0.3783"
"61.8000","2.5627","0.3783"
"61.8200","2.5636","0.3784"
"61.8400","2.5644","0.3785"
"61.8600","2.5653","0.3786"
"61.8800","2.5661","0.3787"
"61.9000","2.5670","0.3788"
"61.9200","2.5679","0.3789"
"61.9400","2.5687","0.3789"
"61.9600","2.5696","0.3790"
"61.9800","2.5704","0.3791"
"62.0000","2.5713","0.3792"
"62.0200","2.5721","0.3792"
"62.0400","2.5730","0.3793"
"62.0600","2.5738","0.3794"
"62.0800","2.5746","0.3795"
"62.1000","2.5754","0.3795"
"62.1200","2.5762","0.3796"
"62.1400","2.5770","0.3796"
"62.1600","2.5779","0.3797"
"62.1800","2.5787","0.3798"
"62.2000","2.5795","0.3798"
"62.2200","2.5804","0.3799"
"62.2400","2.5813","0.3800"
"62.2600","2.5822","0.3801"
"62.2800","2.5831","0.3802"
"62.3000","2.5840","0.3803"
"62.3200","2.5850","0.3804"
"62.3400","2.5860","0.3805"
"62.3600","2.5869","0.3806"
"62.3800","2.5879","0.3807"
"62.4000","2.5889","0.3808"
"62.4200","2.5898","0.3809"
"62.4400","2.5906","0.3809"
"62.4600","2.5914","0.3810"
"62.4800","2.5922","0.3811"
"62.5000","2.5929","0.3811"
"62.5200","2.5936","0.3812"
"62.5400","2.5943","0.3812"
"62.5600","2.5950","0.3812"
"62.5800","2.5956","0.3813"
"62.6000","2.5963","0.3813"
"62.6200","2.5969","0.3814"
"62.6400","2.5976","0.3814"
"62.6600","2.5984","0.3815"
"62.6800","2.5991","0.3815"
"62.7000","2.5999","0.3816"
"62.7200","2.6007","0.3817"
"62.7400","2.6016","0.3817"
"62.7600","2.6026","0.3819"
"62.7800","2.6035","0.3820"
"62.8000","2.6045","0.3821"
"62.8200","2.6055","0.3822"
"62.8400","2.6064","0.3823"
"62.8600","2.6073","0.3824"
"62.8800","2.6082","0.3825"
"62.9000","2.6091","0.3826"
"62.9200","2.6100","0.3826"
"62.9400","2.6108","0.3827"
"62.9600","2.6116","0.3828"
"62.9800","2.6125","0.3828"
"63.0000","2.6133","0.3829"
"63.0200","2.6141","0.3830"
"63.0400","2.6150","0.3831"
"63.0600","2.6158","0.3831"
"63.0800","2.6167","0.3832"
"63.1000","2.6175","0.3833"
"63.1200","2.6184","0.3833"
"63.1400","2.6192","0.3834"
"63.1600","2.6201","0.3835"
"63.1800","2.6209","0.3836"
"63.2000","2.6217","0.3837"
"63.2200","2.6226","0.3837"
"63.2400","2.6234","0.3838"
"63.2600","2.6242","0.3838"
"63.2800","2.6250","0.3839"
"63.3000","2.6259","0.3840"
"63.3200","2.6267","0.3841"
"63.3400","2.6275","0.3841"
"63.3600","2.6283","0.3842"
"63.3800","2.6291","0.3842"
"63.4000","2.6299","0.3843"
"63.4200","2.6307","0.3844"
"63.4400","2.6315","0.3845"
"63.4600","2.6324","0.3846"
"63.4800","2.6333","0.3846"
"63.5000","2.6342","0.3847"
"63.5200","2.6351","0.3848"
"63.5400","2.6360","0.3849"
"63.5600","2.6369","0.3850"
"63.5800","2.6378","0.3851"
"63.6000","2.6387","0.3852"
"63.6200","2.6396","0.3852"
"63.6400","2.6405","0.3853"
"63.6600","2.6413","0.3854"
"63.6800","2.6421","0.3854"
"63.7000","2.6429","0.3855"
"63.7200","2.6436","0.3856"
"63.7400","2.6444","0.3856"
"63.7600","2.6451","0.3857"
"63.7800","2.6458","0.3857"
"63.8000","2.6465","0.3857"
"63.8200","2.6471","0.3858"
"63.8400","2.6478","0.3858"
"63.8600","2.6485","0.3859"
"63.8800","2.6493","0.3859"
"63.9000","2.6500","0.3860"
"63.9200","2.6507","0.3861"
"63.9400","2.6515","0.3861"
"63.9600","2.6523","0.3862"
"63.9800","2.6532","0.3863"
"64.0000","2.6541","0.3864"
"64.0200","2.6551","0.3865"
"64.0400","2.6561","0.3866"
"64.0600","2.6570","0.3867"
"64.0800","2.6580","0.3868"
"64.1000","2.6589","0.3868"
"64.1200","2.6598","0.3869"
"64.1400","2.6607","0.3870"
"64.1600","2.6616","0.3871"
"64.1800","2.6624","0.3871"
"64.2000","2.6632","0.3872"
"64.2200","2.6641","0.3873"
"64.2400","2.6650","0.3874"
"64.2600","2.6658","0.3874"
"64.2800","2.6667","0.3875"
"64.3000","2.6675","0.3876"
"64.3200","2.6684","0.3877"
"64.3400","2.6693","0.3877"
"64.3600","2.6701","0.3878"
"64.3800","2.6710","0.3879"
"64.4000","2.6718","0.3880"
"64.4200","2.6727","0.3881"
"64.4400","2.6735","0.3881"
"64.4600","2.6744","0.3882"
"64.4800","2.6752","0.3883"
"64.5000","2.6761","0.3883"
"64.5200","2.6769","0.3884"
"64.5400","2.6777","0.3885"
"64.5600","2.6785","0.3885"
"64.5800","2.6792","0.3886"
"64.6000","2.6799","0.3886"
"64.6200","2.6807","0.3887"
"64.6400","2.6814","0.3887"
"64.6600","2.6821","0.3888"
"64.6800","2.6829","0.3888"
"64.7000","2.6836","0.3889"
"64.7200","2.6844","0.3890"
"64.7400","2.6852","0.3890"
"64.7600","2.6861","0.3891"
"64.7800","2.6870","0.3892"
"64.8000","2.6879","0.3893"
"64.8200","2.6888","0.3894"
"64.8400","2.6898","0.3895"
"64.8600","2.6908","0.3896"
"64.8800","2.6917","0.3897"
"64.9000","2.6927","0.3897"
"64.9200","2.6936","0.3898"
"64.9400","2.6944","0.3899"
"64.9600","2.6953","0.3900"
"64.9800","2.6960","0.3900"
"65.0000","2.6968","0.3901"
"65.0200","2.6975","0.3901"
"65.0400","2.6982","0.3902"
"65.0600","2.6989","0.3902"
"65.0800","2.6995","0.3902"
"65.1000","2.7002","0.3903"
"65.1200","2.7009","0.3903"
"65.1400","2.7016","0.3904"
"65.1600","2.7023","0.3904"
"65.1800","2.7031","0.3905"
"65.2000","2.7039","0.3905"
"65.2200","2.7048","0.3906"
"65.2400","2.7057","0.3907"
"65.2600","2.7067","0.3908"
"65.2800","2.7077","0.3909"
"65.3000","2.7087","0.3910"
"65.3200","2.7097","0.3911"
"65.3400","2.7106","0.3912"
"65.3600","2.7115","0.3913"
"65.3800","2.7124","0.3914"
"65.4000","2.7133","0.3915"
"65.4200","2.7142","0.3915"
"65.4400","2.7150","0.3916"
"65.4600","2.7159","0.3917"
"65.4800","2.7167","0.3918"
"65.5000","2.7175","0.3918"
"65.5200","2.7184","0.3919"
"65.5400","2.7192","0.3920"
"65.5600","2.7200","0.3920"
"65.5800","2.7208","0.3921"
"65.6000","2.7216","0.3922"
"65.6200","2.7224","0.3922"
"65.6400","2.7232","0.3923"
"65.6600","2.7241","0.3924"
"65.6800","2.7249","0.3924"
"65.7000","2.7257","0.3925"
"65.7200","2.7265","0.3926"
"65.7400","2.7273","0.3926"
"65.7600","2.7281","0.3927"
"65.7800","2.7289","0.3928"
"65.8000","2.7297","0.3928"
"65.8200","2.7305","0.3929"
"65.8400","2.7313","0.3929"
"65.8600","2.7320","0.3930"
"65.8800","2.7328","0.3930"
"65.9000","2.7336","0.3931"
"65.9200","2.7344","0.3932"
"65.9400","2.7352","0.3932"
"65.9600","2.7361","0.3933"
"65.9800","2.7369","0.3934"
"66.0000","2.7378","0.3934"
"66.0200","2.7387","0.3935"
"66.0400","2.7396","0.3936"
"66.0600","2.7406","0.3937"
"66.0800","2.7415","0.3938"
"66.1000","2.7425","0.3939"
"66.1200","2.7434","0.3940"
"66.1400","2.7444","0.3941"
"66.1600","2.7453","0.3942"
"66.1800","2.7462","0.3942"
"66.2000","2.7471","0.3943"
"66.2200","2.7479","0.3944"
"66.2400","2.7486","0.3944"
"66.2600","2.7493","0.3944"
"66.2800","2.7500","0.3945"
"66.3000","2.7507","0.3945"
"66.3200","2.7514","0.3946"
"66.3400","2.7521","0.3946"
"66.3600","2.7528","0.3946"
"66.3800","2.7535","0.3947"
"66.4000","2.7542","0.3947"
"66.4200","2.7550","0.3948"
"66.4400","2.7558","0.3948"
"66.4600","2.7567","0.3949"
"66.4800","2.7576","0.3950"
"66.5000","2.7585","0.3951"
"66.5200","2.7594","0.3952"
"66.5400","2.7604","0.3953"
"66.5600","2.7613","0.3954"
"66.5800","2.7622","0.3955"
"66.6000","2.7631","0.3955"
"66.6200","2.7639","0.3956"
"66.6400","2.7647","0.3957"
"66.6600","2.7655","0.3957"
"66.6800","2.7663","0.3958"
"66.7000","2.7672","0.3958"
"66.7200","2.7680","0.3959"
"66.7400","2.7688","0.3960"
"66.7600","2.7696","0.3960"
"66.7800","2.7705","0.3961"
"66.8000","2.7713","0.3962"
"66.8200","2.7722","0.3963"
"66.8400","2.7730","0.3963"
"66.8600","2.7739","0.3964"
"66.8800","2.7747","0.3965"
"66.9000","2.7756","0.3965"
"66.9200","2.7764","0.3966"
"66.9400","2.7772","0.3967"
"66.9600","2.7781","0.3968"
"66.9800","2.7790","0.3968"
"67.0000","2.7799","0.3969"
"67.0200","2.7807","0.3969"
"67.0400","2.7816","0.3970"
"67.0600","2.7824","0.3971"
"67.0800","2.7832","0.3971"
"67.1000","2.7841","0.3972"
"67.1200","2.7848","0.3973"
"67.1400","2.7856","0.3973"
"67.1600","2.7864","0.3974"
"67.1800","2.7872","0.3975"
"67.2000","2.7881","0.3975"
"67.2200","2.7889","0.3976"
"67.2400","2.7898","0.3977"
"67.2600","2.7906","0.3977"
"67.2800","2.7916","0.3978"
"67.3000","2.7925","0.3979"
"67.3200","2.7934","0.3980"
"67.3400","2.7944","0.3981"
"67.3600","2.7954","0.3982"
"67.3800","2.7964","0.3983"
"67.4000","2.7974","0.3984"
"67.4200","2.7982","0.3984"
"67.4400","2.7991","0.3985"
"67.4600","2.7998","0.3985"
"67.4800","2.8006","0.3986"
"67.5000","2.8013","0.3986"
"67.5200","2.8019","0.3986"
"67.5400","2.8026","0.3987"
"67.5600","2.8032","0.3987"
"67.5800","2.8039","0.3987"
"67.6000","2.8045","0.3988"
"67.6200","2.8052","0.3988"
"67.6400","2.8059","0.3988"
"67.6600","2.8066","0.3989"
"67.6800","2.8073","0.3989"
"67.7000","2.8081","0.3990"
"67.7200","2.8090","0.3991"
"67.7400","2.8099","0.3991"
"67.7600","2.8108","0.3992"
"67.7800","2.8117","0.3993"
"67.8000","2.8127","0.3994"
"67.8200","2.8136","0.3995"
"67.8400","2.8145","0.3996"
"67.8600","2.8154","0.3996"
"67.8800","2.8163","0.3997"
"67.9000","2.8171","0.3998"
"67.9200","2.8180","0.3998"
"67.9400","2.8189","0.3999"
"67.9600","2.8197","0.4000"
"67.9800","2.8206","0.4001"
"68.0000","2.8214","0.4001"
"68.0200","2.8223","0.4002"
"68.0400","2.8232","0.4003"
"68.0600","2.8241","0.4004"
"68.0800","2.8249","0.4004"
"68.1000","2.8258","0.4005"
"68.1200","2.8267","0.4006"
"68.1400","2.8276","0.4007"
"68.1600","2.8284","0.4007"
"68.1800","2.8293","0.4008"
"68.2000","2.8302","0.4009"
"68.2200","2.8310","0.4009"
"68.2400","2.8318","0.4010"
"68.2600","2.8327","0.4010"
"68.2800","2.8335","0.4011"
"68.3000","2.8343","0.4012"
"68.3200","2.8351","0.4012"
"68.3400","2.8359","0.4013"
"68.3600","2.8367","0.4013"
"68.3800","2.8375","0.4014"
"68.4000","2.8383","0.4014"
"68.4200","2.8390","0.4015"
"68.4400","2.8399","0.4015"
"68.4600","2.8407","0.4016"
"68.4800","2.8415","0.4017"
"68.5000","2.8424","0.4017"
"68.5200","2.8433","0.4018"
"68.5400","2.8442","0.4019"
"68.5600","2.8451","0.4020"
"68.5800","2.8460","0.4021"
"68.6000","2.8470","0.4021"
"68.6200","2.8479","0.4022"
"68.6400","2.8487","0.4023"
"68.6600","2.8496","0.4023"
"68.6800","2.8504","0.4024"
"68.7000","2.8512","0.4025"
"68.7200","2.8520","0.4025"
"68.7400","2.8527","0.4026"
"68.7600","2.8535","0.4026"
"68.7800","2.8542","0.4026"
"68.8000","2.8548","0.4027"
"68.8200","2.8555","0.4027"
"68.8400","2.8562","0.4028"
"68.8600","2.8568","0.4028"
"68.8800","2.8575","0.4028"
"68.9000","2.8582","0.4028"
"68.9200","2.8589","0.4029"
"68.9400","2.8597","0.4029"
"68.9600","2.8605","0.4030"
"68.9800","2.8614","0.4031"
"69.0000","2.8623","0.4032"
"69.0200","2.8633","0.4033"
"69.0400","2.8642","0.4034"
"69.0600","2.8651","0.4034"
"69.0800","2.8661","0.4035"
"69.1000","2.8669","0.4036"
"69.1200","2.8678","0.4037"
"69.1400","2.8687","0.4037"
"69.1600","2.8695","0.4038"
"69.1800","2.8703","0.4038"
"69.2000","2.8711","0.4039"
"69.2200","2.8720","0.4040"
"69.2400","2.8728","0.4040"
"69.2600","2.8737","0.4041"
"69.2800","2.8745","0.4042"
"69.3000","2.8754","0.4042"
"69.3200","2.8763","0.4043"
"69.3400","2.8771","0.4044"
"69.3600","2.8780","0.4044"
"69.3800","2.8788","0.4045"
"69.4000","2.8797","0.4046"
"69.4200","2.8805","0.4046"
"69.4400","2.8814","0.4047"
"69.4600","2.8823","0.4048"
"69.4800","2.8832","0.4048"
"69.5000","2.8841","0.4049"
"69.5200","2.8849","0.4050"
"69.5400","2.8858","0.4051"
"69.5600","2.8866","0.4051"
"69.5800","2.8874","0.4052"
"69.6000","2.8882","0.4052"
"69.6200","2.8889","0.4053"
"69.6400","2.8897","0.4053"
"69.6600","2.8905","0.4054"
"69.6800","2.8913","0.4054"
"69.7000","2.8921","0.4055"
"69.7200","2.8929","0.4055"
"69.7400","2.8937","0.4056"
"69.7600","2.8946","0.4056"
"69.7800","2.8955","0.4057"
"69.8000","2.8964","0.4058"
"69.8200","2.8973","0.4059"
"69.8400","2.8983","0.4060"
"69.8600","2.8993","0.4061"
"69.8800","2.9002","0.4061"
"69.9000","2.9012","0.4062"
"69.9200","2.9021","0.4063"
"69.9400","2.9030","0.4064"
"69.9600","2.9038","0.4064"
"69.9800","2.9046","0.4065"
"70.0000","2.9053","0.4065"
"70.0200","2.9060","0.4065"
"70.0400","2.9067","0.4066"
"70.0600","2.9074","0.4066"
"70.0800","2.9081","0.4066"
"70.1000","2.9088","0.4067"
"70.1200","2.9095","0.4067"
"70.1400","2.9103","0.4068"
"70.1600","2.9110","0.4068"
"70.1800","2.9118","0.4069"
"70.2000","2.9127","0.4069"
"70.2200","2.9135","0.4070"
"70.2400","2.9145","0.4071"
"70.2600","2.9155","0.4072"
"70.2800","2.9165","0.4073"
"70.3000","2.9175","0.4074"
"70.3200","2.9184","0.4074"
"70.3400","2.9194","0.4075"
"70.3600","2.9203","0.4076"
"70.3800","2.9212","0.4077"
"70.4000","2.9221","0.4078"
"70.4200","2.9229","0.4078"
"70.4400","2.9238","0.4079"
"70.4600","2.9246","0.4079"
"70.4800","2.9254","0.4080"
"70.5000","2.9262","0.4080"
"70.5200","2.9270","0.4081"
"70.5400","2.9278","0.4081"
"70.5600","2.9286","0.4082"
"70.5800","2.9294","0.4082"
"70.6000","2.9302","0.4083"
"70.6200","2.9310","0.4083"
"70.6400","2.9318","0.4084"
"70.6600","2.9326","0.4084"
"70.6800","2.9333","0.4085"
"70.7000","2.9341","0.4085"
"70.7200","2.9349","0.4086"
"70.7400","2.9357","0.4086"
"70.7600","2.9365","0.4087"
"70.7800","2.9373","0.4088"
"70.8000","2.9381","0.4088"
"70.8200","2.9389","0.4089"
"70.8400","2.9397","0.4089"
"70.8600","2.9404","0.4089"
"70.8800","2.9412","0.4090"
"70.9000","2.9420","0.4091"
"70.9200","2.9428","0.4091"
"70.9400","2.9436","0.4092"
"70.9600","2.9445","0.4092"
"70.9800","2.9453","0.4093"
"71.0000","2.9462","0.4094"
"71.0200","2.9471","0.4094"
"71.0400","2.9480","0.4095"
"71.0600","2.9489","0.4096"
"71.0800","2.9499","0.4097"
"71.1000","2.9508","0.4098"
"71.1200","2.9518","0.4099"
"71.1400","2.9528","0.4099"
"71.1600","2.9537","0.4100"
"71.1800","2.9546","0.4101"
"71.2000","2.9554","0.4101"
"71.2200","2.9562","0.4102"
"71.2400","2.9570","0.4102"
"71.2600","2.9577","0.4103"
"71.2800","2.9584","0.4103"
"71.3000","2.9591","0.4103"
"71.3200","2.9597","0.4103"
"71.3400","2.9604","0.4104"
"71.3600","2.9611","0.4104"
"71.3800","2.9618","0.4104"
"71.4000","2.9625","0.4105"
"71.4200","2.9633","0.4105"
"71.4400","2.9641","0.4106"
"71.4600","2.9650","0.4106"
"71.4800","2.9658","0.4107"
"71.5000","2.9667","0.4108"
"71.5200","2.9677","0.4109"
"71.5400","2.9686","0.4109"
"71.5600","2.9695","0.4110"
"71.5800","2.9704","0.4111"
"71.6000","2.9713","0.4111"
"71.6200","2.9722","0.4112"
"71.6400","2.9730","0.4113"
"71.6600","2.9738","0.4114"
"71.6800","2.9747","0.4114"
"71.7000","2.9755","0.4114"
"71.7200","2.9763","0.4115"
"71.7400","2.9772","0.4115"
"71.7600","2.9780","0.4116"
"71.7800","2.9789","0.4117"
"71.8000","2.9798","0.4118"
"71.8200","2.9807","0.4118"
"71.8400","2.9815","0.4119"
"71.8600","2.9824","0.4120"
"71.8800","2.9832","0.4120"
"71.9000","2.9841","0.4121"
"71.9200","2.9849","0.4121"
"71.9400","2.9857","0.4122"
"71.9600","2.9866","0.4122"
"71.9800","2.9874","0.4123"
"72.0000","2.9883","0.4124"
"72.0200","2.9891","0.4124"
"72.0400","2.9900","0.4125"
"72.0600","2.9908","0.4125"
"72.0800","2.9916","0.4126"
"72.1000","2.9924","0.4126"
"72.1200","2.9932","0.4127"
"72.1400","2.9940","0.4127"
"72.1600","2.9948","0.4128"
"72.1800","2.9957","0.4128"
"72.2000","2.9965","0.4129"
"72.2200","2.9974","0.4130"
"72.2400","2.9983","0.4131"
"72.2600","2.9993","0.4132"
"72.2800","3.0002","0.4132"
"72.3000","3.0012","0.4133"
"72.3200","3.0022","0.4134"
"72.3400","3.0032","0.4135"
"72.3600","3.0041","0.4136"
"72.3800","3.0050","0.4136"
"72.4000","3.0059","0.4137"
"72.4200","3.0068","0.4137"
"72.4400","3.0075","0.4138"
"72.4600","3.0083","0.4138"
"72.4800","3.0090","0.4138"
"72.5000","3.0097","0.4139"
"72.5200","3.0104","0.4139"
"72.5400","3.0110","0.4139"
"72.5600","3.0116","0.4139"
"72.5800","3.0123","0.4139"
"72.6000","3.0129","0.4140"
"72.6200","3.0136","0.4140"
"72.6400","3.0143","0.4140"
"72.6600","3.0150","0.4141"
"72.6800","3.0158","0.4141"
"72.7000","3.0166","0.4142"
"72.7200","3.0175","0.4142"
"72.7400","3.0183","0.4143"
"72.7600","3.0193","0.4144"
"72.7800","3.0203","0.4145"
"72.8000","3.0212","0.4146"
"72.8200","3.0222","0.4146"
"72.8400","3.0231","0.4147"
"72.8600","3.0240","0.4148"
"72.8800","3.0249","0.4148"
"72.9000","3.0257","0.4149"
"72.9200","3.0265","0.4150"
"72.9400","3.0273","0.4150"
"72.9600","3.0281","0.4150"
"72.9800","3.0289","0.4151"
"73.0000","3.0297","0.4152"
"73.0200","3.0305","0.4152"
"73.0400","3.0314","0.4153"
"73.0600","3.0322","0.4153"
"73.0800","3.0330","0.4154"
"73.1000","3.0338","0.4154"
"73.1200","3.0347","0.4155"
"73.1400","3.0355","0.4155"
"73.1600","3.0363","0.4156"
"73.1800","3.0372","0.4156"
"73.2000","3.0380","0.4157"
"73.2200","3.0388","0.4158"
"73.2400","3.0397","0.4158"
"73.2600","3.0405","0.4159"
"73.2800","3.0413","0.4159"
"73.3000","3.0422","0.4159"
"73.3200","3.0430","0.4160"
"73.3400","3.0437","0.4160"
"73.3600","3.0445","0.4161"
"73.3800","3.0453","0.4162"
"73.4000","3.0462","0.4162"
"73.4200","3.0470","0.4163"
"73.4400","3.0478","0.4163"
"73.4600","3.0487","0.4164"
"73.4800","3.0495","0.4164"
"73.5000","3.0504","0.4165"
"73.5200","3.0513","0.4166"
"73.5400","3.0523","0.4166"
"73.5600","3.0532","0.4167"
"73.5800","3.0542","0.4168"
"73.6000","3.0551","0.4169"
"73.6200","3.0561","0.4169"
"73.6400","3.0570","0.4170"
"73.6600","3.0578","0.4171"
"73.6800","3.0587","0.4171"
"73.7000","3.0595","0.4172"
"73.7200","3.0602","0.4172"
"73.7400","3.0609","0.4172"
"73.7600","3.0616","0.4173"
"73.7800","3.0623","0.4173"
"73.8000","3.0630","0.4173"
"73.8200","3.0637","0.4173"
"73.8400","3.0644","0.4174"
"73.8600","3.0651","0.4174"
"73.8800","3.0658","0.4175"
"73.9000","3.0665","0.4175"
"73.9200","3.0673","0.4175"
"73.9400","3.0681","0.4176"
"73.9600","3.0690","0.4176"
"73.9800","3.0698","0.4177"
"74.0000","3.0708","0.4178"
"74.0200","3.0717","0.4178"
"74.0400","3.0727","0.4180"
"74.0600","3.0736","0.4180"
"74.0800","3.0746","0.4181"
"74.1000","3.0755","0.4182"
"74.1200","3.0764","0.4182"
"74.1400","3.0772","0.4183"
"74.1600","3.0781","0.4183"
"74.1800","3.0789","0.4184"
"74.2000","3.0798","0.4185"
"74.2200","3.0806","0.4185"
"74.2400","3.0814","0.4186"
"74.2600","3.0823","0.4186"
"74.2800","3.0831","0.4187"
"74.3000","3.0840","0.4187"
"74.3200","3.0848","0.4188"
"74.3400","3.0857","0.4189"
"74.3600","3.0865","0.4189"
"74.3800","3.0874","0.4190"
"74.4000","3.0882","0.4190"
"74.4200","3.0891","0.4191"
"74.4400","3.0900","0.4191"
"74.4600","3.0908","0.4192"
"74.4800","3.0917","0.4192"
"74.5000","3.0926","0.4193"
"74.5200","3.0934","0.4194"
"74.5400","3.0942","0.4194"
"74.5600","3.0951","0.4194"
"74.5800","3.0958","0.4195"
"74.6000","3.0966","0.4195"
"74.6200","3.0974","0.4196"
"74.6400","3.0981","0.4196"
"74.6600","3.0989","0.4197"
"74.6800","3.0997","0.4197"
"74.7000","3.1005","0.4197"
"74.7200","3.1013","0.4198"
"74.7400","3.1021","0.4198"
"74.7600","3.1030","0.4199"
"74.7800","3.1039","0.4200"
"74.8000","3.1049","0.4201"
"74.8200","3.1059","0.4202"
"74.8400","3.1068","0.4202"
"74.8600","3.1078","0.4203"
"74.8800","3.1087","0.4204"
"74.9000","3.1096","0.4205"
"74.9200","3.1105","0.4205"
"74.9400","3.1113","0.4206"
"74.9600","3.1121","0.4206"
"74.9800","3.1129","0.4206"
"75.0000","3.1136","0.4207"
"75.0200","3.1143","0.4207"
"75.0400","3.1150","0.4207"
"75.0600","3.1156","0.4207"
"75.0800","3.1163","0.4208"
"75.1000","3.1170","0.4208"
"75.1200","3.1177","0.4208"
"75.1400","3.1184","0.4208"
"75.1600","3.1192","0.4209"
"75.1800","3.1199","0.4209"
"75.2000","3.1208","0.4210"
"75.2200","3.1217","0.4211"
"75.2400","3.1226","0.4211"
"75.2600","3.1236","0.4212"
"75.2800","3.1246","0.4213"
"75.3000","3.1256","0.4214"
"75.3200","3.1265","0.4214"
"75.3400","3.1275","0.4215"
"75.3600","3.1284","0.4216"
"75.3800","3.1292","0.4216"
"75.4000","3.1301","0.4217"
"75.4200","3.1309","0.4217"
"75.4400","3.1318","0.4218"
"75.4600","3.1326","0.4218"
"75.4800","3.1334","0.4219"
"75.5000","3.1343","0.4219"
"75.5200","3.1351","0.4220"
"75.5400","3.1360","0.4220"
"75.5600","3.1368","0.4221"
"75.5800","3.1376","0.4221"
"75.6000","3.1385","0.4222"
"75.6200","3.1393","0.4222"
"75.6400","3.1401","0.4223"
"75.6600","3.1409","0.4223"
"75.6800","3.1417","0.4224"
"75.7000","3.1425","0.4224"
"75.7200","3.1432","0.4225"
"75.7400","3.1440","0.4225"
"75.7600","3.1448","0.4226"
"75.7800","3.1456","0.4226"
"75.8000","3.1464","0.4227"
"75.8200","3.1472","0.4227"
"75.8400","3.1480","0.4227"
"75.8600","3.1488","0.4227"
"75.8800","3.1496","0.4228"
"75.9000","3.1504","0.4229"
"75.9200","3.1512","0.4229"
"75.9400","3.1520","0.4230"
"75.9600","3.1528","0.4230"
"75.9800","3.1537","0.4231"
"76.0000","3.1545","0.4231"
"76.0200","3.1554","0.4232"
"76.0400","3.1564","0.4233"
"76.0600","3.1573","0.4233"
"76.0800","3.1583","0.4234"
"76.1000","3.1593","0.4235"
"76.1200","3.1602","0.4235"
"76.1400","3.1611","0.4237"
"76.1600","3.1621","0.4237"
"76.1800","3.1630","0.4238"
"76.2000","3.1638","0.4238"
"76.2200","3.1646","0.4239"
"76.2400","3.1654","0.4239"
"76.2600","3.1661","0.4239"
"76.2800","3.1668","0.4239"
"76.3000","3.1675","0.4240"
"76.3200","3.1682","0.4239"
"76.3400","3.1688","0.4240"
"76.3600","3.1695","0.4240"
"76.3800","3.1702","0.4241"
"76.4000","3.1709","0.4241"
"76.4200","3.1717","0.4241"
"76.4400","3.1725","0.4242"
"76.4600","3.1733","0.4242"
"76.4800","3.1742","0.4243"
"76.5000","3.1751","0.4243"
"76.5200","3.1760","0.4244"
"76.5400","3.1769","0.4245"
"76.5600","3.1779","0.4245"
"76.5800","3.1788","0.4246"
"76.6000","3.1796","0.4247"
"76.6200","3.1805","0.4247"
"76.6400","3.1812","0.4248"
"76.6600","3.1820","0.4248"
"76.6800","3.1828","0.4248"
"76.7000","3.1835","0.4248"
"76.7200","3.1843","0.4249"
"76.7400","3.1852","0.4249"
"76.7600","3.1860","0.4250"
"76.7800","3.1868","0.4251"
"76.8000","3.1877","0.4251"
"76.8200","3.1885","0.4251"
"76.8400","3.1894","0.4252"
"76.8600","3.1902","0.4252"
"76.8800","3.1910","0.4253"
"76.9000","3.1919","0.4254"
"76.9200","3.1928","0.4254"
"76.9400","3.1936","0.4255"
"76.9600","3.1945","0.4255"
"76.9800","3.1954","0.4256"
"77.0000","3.1963","0.4257"
"77.0200","3.1972","0.4257"
"77.0400","3.1981","0.4258"
"77.0600","3.1989","0.4258"
"77.0800","3.1998","0.4259"
"77.1000","3.2006","0.4259"
"77.1200","3.2014","0.4260"
"77.1400","3.2023","0.4260"
"77.1600","3.2031","0.4261"
"77.1800","3.2039","0.4261"
"77.2000","3.2048","0.4262"
"77.2200","3.2057","0.4262"
"77.2400","3.2066","0.4263"
"77.2600","3.2075","0.4264"
"77.2800","3.2084","0.4264"
"77.3000","3.2094","0.4265"
"77.3200","3.2104","0.4265"
"77.3400","3.2114","0.4266"
"77.3600","3.2124","0.4267"
"77.3800","3.2133","0.4268"
"77.4000","3.2142","0.4268"
"77.4200","3.2151","0.4269"
"77.4400","3.2159","0.4269"
"77.4600","3.2167","0.4269"
"77.4800","3.2174","0.4270"
"77.5000","3.2180","0.4270"
"77.5200","3.2187","0.4270"
"77.5400","3.2194","0.4270"
"77.5600","3.2200","0.4270"
"77.5800","3.2207","0.4270"
"77.6000","3.2214","0.4271"
"77.6200","3.2221","0.4271"
"77.6400","3.2228","0.4272"
"77.6600","3.2235","0.4272"
"77.6800","3.2243","0.4272"
"77.7000","3.2251","0.4272"
"77.7200","3.2259","0.4273"
"77.7400","3.2268","0.4274"
"77.7600","3.2277","0.4274"
"77.7800","3.2287","0.4275"
"77.8000","3.2296","0.4276"
"77.8200","3.2306","0.4276"
"77.8400","3.2315","0.4277"
"77.8600","3.2324","0.4277"
"77.8800","3.2333","0.4278"
"77.9000","3.2341","0.4279"
"77.9200","3.2350","0.4279"
"77.9400","3.2358","0.4280"
"77.9600","3.2366","0.4280"
"77.9800","3.2375","0.4281"
"78.0000","3.2383","0.4281"
"78.0200","3.2391","0.4281"
"78.0400","3.2399","0.4282"
"78.0600","3.2408","0.4282"
"78.0800","3.2416","0.4283"
"78.1000","3.2424","0.4283"
"78.1200","3.2432","0.4284"
"78.1400","3.2441","0.4284"
"78.1600","3.2449","0.4285"
"78.1800","3.2457","0.4285"
"78.2000","3.2466","0.4286"
"78.2200","3.2474","0.4286"
"78.2400","3.2482","0.4287"
"78.2600","3.2491","0.4287"
"78.2800","3.2499","0.4287"
"78.3000","3.2507","0.4288"
"78.3200","3.2515","0.4288"
"78.3400","3.2523","0.4289"
"78.3600","3.2531","0.4289"
"78.3800","3.2539","0.4289"
"78.4000","3.2547","0.4290"
"78.4200","3.2555","0.4290"
"78.4400","3.2563","0.4291"
"78.4600","3.2571","0.4291"
"78.4800","3.2580","0.4292"
"78.5000","3.2589","0.4292"
"78.5200","3.2598","0.4293"
"78.5400","3.2607","0.4294"
"78.5600","3.2617","0.4294"
"78.5800","3.2626","0.4295"
"78.6000","3.2636","0.4296"
"78.6200","3.2645","0.4296"
"78.6400","3.2655","0.4297"
"78.6600","3.2663","0.4297"
"78.6800","3.2672","0.4298"
"78.7000","3.2679","0.4298"
"78.7200","3.2687","0.4298"
"78.7400","3.2694","0.4299"
"78.7600","3.2701","0.4299"
"78.7800","3.2708","0.4299"
"78.8000","3.2714","0.4299"
"78.8200","3.2721","0.4299"
"78.8400","3.2727","0.4299"
"78.8600","3.2734","0.4300"
"78.8800","3.2742","0.4300"
"78.9000","3.2749","0.4300"
"78.9200","3.2757","0.4301"
"78.9400","3.2765","0.4301"
"78.9600","3.2773","0.4301"
"78.9800","3.2782","0.4302"
"79.0000","3.2791","0.4303"
"79.0200","3.2801","0.4304"
"79.0400","3.2811","0.4304"
"79.0600","3.2820","0.4305"
"79.0800","3.2830","0.4306"
"79.1000","3.2839","0.4306"
"79.1200","3.2848","0.4307"
"79.1400","3.2857","0.4307"
"79.1600","3.2866","0.4308"
"79.1800","3.2874","0.4308"
"79.2000","3.2883","0.4309"
"79.2200","3.2891","0.4309"
"79.2400","3.2900","0.4310"
"79.2600","3.2908","0.4310"
"79.2800","3.2917","0.4311"
"79.3000","3.2926","0.4311"
"79.3200","3.2934","0.4312"
"79.3400","3.2943","0.4312"
"79.3600","3.2952","0.4313"
"79.3800","3.2960","0.4313"
"79.4000","3.2968","0.4314"
"79.4200","3.2977","0.4314"
"79.4400","3.2986","0.4315"
"79.4600","3.2994","0.4315"
"79.4800","3.3003","0.4315"
"79.5000","3.3011","0.4316"
"79.5200","3.3020","0.4316"
"79.5400","3.3028","0.4317"
"79.5600","3.3036","0.4317"
"79.5800","3.3044","0.4317"
"79.6000","3.3051","0.4318"
"79.6200","3.3059","0.4318"
"79.6400","3.3066","0.4318"
"79.6600","3.3074","0.4319"
"79.6800","3.3082","0.4319"
"79.7000","3.3090","0.4319"
"79.7200","3.3098","0.4320"
"79.7400","3.3106","0.4320"
"79.7600","3.3115","0.4321"
"79.7800","3.3124","0.4321"
"79.8000","3.3134","0.4322"
"79.8200","3.3144","0.4323"
"79.8400","3.3153","0.4324"
"79.8600","3.3163","0.4324"
"79.8800","3.3172","0.4325"
"79.9000","3.3182","0.4325"
"79.9200","3.3191","0.4326"
"79.9400","3.3199","0.4327"
"79.9600","3.3207","0.4327"
"79.9800","3.3214","0.4327"
"80.0000","3.3221","0.4327"
"80.0200","3.3228","0.4327"
"80.0400","3.3234","0.4327"
"80.0600","3.3241","0.4327"
"80.0800","3.3247","0.4327"
"80.1000","3.3254","0.4328"
"80.1200","3.3261","0.4328"
"80.1400","3.3268","0.4328"
"80.1600","3.3275","0.4329"
"80.1800","3.3283","0.4329"
"80.2000","3.3291","0.4329"
"80.2200","3.3299","0.4330"
"80.2400","3.3308","0.4330"
"80.2600","3.3317","0.4331"
"80.2800","3.3326","0.4332"
"80.3000","3.3336","0.4332"
"80.3200","3.3345","0.4333"
"80.3400","3.3354","0.4333"
"80.3600","3.3362","0.4334"
"80.3800","3.3371","0.4334"
"80.4000","3.3379","0.4335"
"80.4200","3.3387","0.4335"
"80.4400","3.3396","0.4336"
"80.4600","3.3404","0.4336"
"80.4800","3.3412","0.4336"
"80.5000","3.3421","0.4337"
"80.5200","3.3429","0.4337"
"80.5400","3.3438","0.4338"
"80.5600","3.3447","0.4338"
"80.5800","3.3455","0.4339"
"80.6000","3.3464","0.4339"
"80.6200","3.3472","0.4339"
"80.6400","3.3481","0.4340"
"80.6600","3.3489","0.4341"
"80.6800","3.3497","0.4341"
"80.7000","3.3505","0.4342"
"80.7200","3.3514","0.4342"
"80.7400","3.3522","0.4342"
"80.7600","3.3530","0.4343"
"80.7800","3.3538","0.4343"
"80.8000","3.3546","0.4344"
"80.8200","3.3554","0.4344"
"80.8400","3.3561","0.4344"
"80.8600","3.3569","0.4344"
"80.8800","3.3577","0.4345"
"80.9000","3.3585","0.4345"
"80.9200","3.3593","0.4346"
"80.9400","3.3601","0.4346"
"80.9600","3.3609","0.4346"
"80.9800","3.3617","0.4347"
"81.0000","3.3626","0.4347"
"81.0200","3.3635","0.4348"
"81.0400","3.3644","0.4348"
"81.0600","3.3654","0.4349"
"81.0800","3.3664","0.4350"
"81.1000","3.3674","0.4350"
"81.1200","3.3684","0.4351"
"81.1400","3.3693","0.4352"
"81.1600","3.3702","0.4352"
"81.1800","3.3711","0.4353"
"81.2000","3.3720","0.4353"
"81.2200","3.3728","0.4354"
"81.2400","3.3735","0.4354"
"81.2600","3.3742","0.4354"
"81.2800","3.3750","0.4354"
"81.3000","3.3757","0.4354"
"81.3200","3.3764","0.4354"
"81.3400","3.3771","0.4355"
"81.3600","3.3778","0.4355"
"81.3800","3.3785","0.4355"
"81.4000","3.3793","0.4355"
"81.4200","3.3800","0.4356"
"81.4400","3.3808","0.4356"
"81.4600","3.3817","0.4357"
"81.4800","3.3826","0.4357"
"81.5000","3.3835","0.4358"
"81.5200","3.3845","0.4359"
"81.5400","3.3855","0.4359"
"81.5600","3.3864","0.4360"
"81.5800","3.3874","0.4360"
"81.6000","3.3883","0.4361"
"81.6200","3.3892","0.4362"
"81.6400","3.3900","0.4362"
"81.6600","3.3908","0.4362"
"81.6800","3.3917","0.4363"
"81.7000","3.3925","0.4363"
"81.7200","3.3933","0.4363"
"81.7400","3.3941","0.4364"
"81.7600","3.3949","0.4364"
"81.7800","3.3957","0.4364"
"81.8000","3.3965","0.4365"
"81.8200","3.3973","0.4365"
"81.8400","3.3982","0.4366"
"81.8600","3.3990","0.4366"
"81.8800","3.3998","0.4367"
"81.9000","3.4006","0.4367"
"81.9200","3.4014","0.4367"
"81.9400","3.4023","0.4368"
"81.9600","3.4031","0.4368"
"81.9800","3.4040","0.4369"
"82.0000","3.4048","0.4369"
"82.0200","3.4057","0.4370"
"82.0400","3.4065","0.4370"
"82.0600","3.4073","0.4370"
"82.0800","3.4081","0.4370"
"82.1000","3.4089","0.4371"
"82.1200","3.4097","0.4371"
"82.1400","3.4105","0.4372"
"82.1600","3.4113","0.4372"
"82.1800","3.4122","0.4373"
"82.2000","3.4130","0.4373"
"82.2200","3.4139","0.4373"
"82.2400","3.4148","0.4374"
"82.2600","3.4157","0.4374"
"82.2800","3.4167","0.4375"
"82.3000","3.4177","0.4376"
"82.3200","3.4187","0.4377"
"82.3400","3.4197","0.4377"
"82.3600","3.4207","0.4378"
"82.3800","3.4216","0.4379"
"82.4000","3.4225","0.4379"
"82.4200","3.4234","0.4379"
"82.4400","3.4242","0.4380"
"82.4600","3.4249","0.4380"
"82.4800","3.4256","0.4380"
"82.5000","3.4263","0.4380"
"82.5200","3.4270","0.4380"
"82.5400","3.4276","0.4380"
"82.5600","3.4283","0.4380"
"82.5800","3.4289","0.4380"
"82.6000","3.4296","0.4381"
"82.6200","3.4303","0.4381"
"82.6400","3.4310","0.4381"
"82.6600","3.4317","0.4381"
"82.6800","3.4325","0.4381"
"82.7000","3.4333","0.4382"
"82.7200","3.4341","0.4382"
"82.7400","3.4350","0.4383"
"82.7600","3.4359","0.4383"
"82.7800","3.4368","0.4384"
"82.8000","3.4377","0.4384"
"82.8200","3.4386","0.4385"
"82.8400","3.4395","0.4386"
"82.8600","3.4404","0.4386"
"82.8800","3.4413","0.4386"
"82.9000","3.4421","0.4387"
"82.9200","3.4430","0.4387"
"82.9400","3.4439","0.4388"
"82.9600","3.4447","0.4388"
"82.9800","3.4456","0.4389"
"83.0000","3.4465","0.4389"
"83.0200","3.4474","0.4390"
"83.0400","3.4483","0.4390"
"83.0600","3.4491","0.4391"
"83.0800","3.4500","0.4391"
"83.1000","3.4509","0.4392"
"83.1200","3.4517","0.4392"
"83.1400","3.4526","0.4392"
"83.1600","3.4534","0.4393"
"83.1800","3.4542","0.4393"
"83.2000","3.4550","0.4393"
"83.2200","3.4559","0.4394"
"83.2400","3.4567","0.4394"
"83.2600","3.4575","0.4395"
"83.2800","3.4583","0.4395"
"83.3000","3.4591","0.4395"
"83.3200","3.4599","0.4396"
"83.3400","3.4607","0.4396"
"83.3600","3.4615","0.4396"
"83.3800","3.4623","0.4396"
"83.4000","3.4631","0.4397"
"83.4200","3.4639","0.4397"
"83.4400","3.4647","0.4398"
"83.4600","3.4655","0.4398"
"83.4800","3.4664","0.4398"
"83.5000","3.4673","0.4399"
"83.5200","3.4682","0.4400"
"83.5400","3.4691","0.4400"
"83.5600","3.4700","0.4401"
"83.5800","3.4710","0.4401"
"83.6000","3.4719","0.4402"
"83.6200","3.4728","0.4402"
"83.6400","3.4738","0.4403"
"83.6600","3.4747","0.4403"
"83.6800","3.4755","0.4404"
"83.7000","3.4763","0.4404"
"83.7200","3.4771","0.4404"
"83.7400","3.4778","0.4404"
"83.7600","3.4785","0.4404"
"83.7800","3.4792","0.4404"
"83.8000","3.4798","0.4404"
"83.8200","3.4805","0.4405"
"83.8400","3.4812","0.4405"
"83.8600","3.4818","0.4405"
"83.8800","3.4825","0.4405"
"83.9000","3.4833","0.4405"
"83.9200","3.4840","0.4405"
"83.9400","3.4848","0.4406"
"83.9600","3.4856","0.4406"
"83.9800","3.4864","0.4407"
"84.0000","3.4873","0.4407"
"84.0200","3.4883","0.4408"
"84.0400","3.4892","0.4408"
"84.0600","3.4901","0.4409"
"84.0800","3.4911","0.4410"
"84.1000","3.4920","0.4410"
"84.1200","3.4929","0.4410"
"84.1400","3.4937","0.4411"
"84.1600","3.4946","0.4411"
"84.1800","3.4954","0.4412"
"84.2000","3.4963","0.4412"
"84.2200","3.4971","0.4413"
"84.2400","3.4979","0.4413"
"84.2600","3.4988","0.4413"
"84.2800","3.4997","0.4414"
"84.3000","3.5005","0.4414"
"84.3200","3.5014","0.4414"
"84.3400","3.5023","0.4415"
"84.3600","3.5031","0.4415"
"84.3800","3.5040","0.4416"
"84.4000","3.5049","0.4416"
"84.4200","3.5057","0.4417"
"84.4400","3.5066","0.4417"
"84.4600","3.5075","0.4417"
"84.4800","3.5084","0.4418"
"84.5000","3.5093","0.4418"
"84.5200","3.5101","0.4419"
"84.5400","3.5110","0.4419"
"84.5600","3.5118","0.4419"
"84.5800","3.5126","0.4420"
"84.6000","3.5134","0.4420"
"84.6200","3.5142","0.4421"
"84.6400","3.5150","0.4421"
"84.6600","3.5158","0.4421"
"84.6800","3.5166","0.4421"
"84.7000","3.5174","0.4421"
"84.7200","3.5182","0.4422"
"84.7400","3.5190","0.4422"
"84.7600","3.5198","0.4423"
"84.7800","3.5207","0.4423"
"84.8000","3.5216","0.4423"
"84.8200","3.5225","0.4424"
"84.8400","3.5235","0.4425"
"84.8600","3.5244","0.4425"
"84.8800","3.5253","0.4426"
"84.9000","3.5262","0.4426"
"84.9200","3.5271","0.4427"
"84.9400","3.5279","0.4427"
"84.9600","3.5287","0.4427"
"84.9800","3.5294","0.4427"
"85.0000","3.5301","0.4427"
"85.0200","3.5308","0.4428"
"85.0400","3.5315","0.4428"
"85.0600","3.5322","0.4428"
"85.0800","3.5329","0.4428"
"85.1000","3.5336","0.4428"
"85.1200","3.5343","0.4428"
"85.1400","3.5350","0.4428"
"85.1600","3.5358","0.4428"
"85.1800","3.5366","0.4429"
"85.2000","3.5374","0.4429"
"85.2200","3.5383","0.4430"
"85.2400","3.5392","0.4430"
"85.2600","3.5402","0.4431"
"85.2800","3.5412","0.4432"
"85.3000","3.5422","0.4432"
"85.3200","3.5431","0.4433"
"85.3400","3.5441","0.4433"
"85.3600","3.5450","0.4434"
"85.3800","3.5459","0.4435"
"85.4000","3.5468","0.4435"
"85.4200","3.5477","0.4435"
"85.4400","3.5485","0.4436"
"85.4600","3.5494","0.4436"
"85.4800","3.5502","0.4436"
"85.5000","3.5510","0.4437"
"85.5200","3.5519","0.4437"
"85.5400","3.5527","0.4437"
"85.5600","3.5535","0.4438"
"85.5800","3.5544","0.4438"
"85.6000","3.5552","0.4438"
"85.6200","3.5560","0.4439"
"85.6400","3.5568","0.4439"
"85.6600","3.5576","0.4439"
"85.6800","3.5584","0.4440"
"85.7000","3.5592","0.4440"
"85.7200","3.5599","0.4440"
"85.7400","3.5607","0.4440"
"85.7600","3.5615","0.4440"
"85.7800","3.5622","0.4441"
"85.8000","3.5630","0.4441"
"85.8200","3.5637","0.4441"
"85.8400","3.5645","0.4441"
"85.8600","3.5652","0.4442"
"85.8800","3.5660","0.4442"
"85.9000","3.5668","0.4442"
"85.9200","3.5676","0.4443"
"85.9400","3.5684","0.4443"
"85.9600","3.5692","0.4443"
"85.9800","3.5701","0.4443"
"86.0000","3.5710","0.4444"
"86.0200","3.5719","0.4444"
"86.0400","3.5728","0.4445"
"86.0600","3.5738","0.4446"
"86.0800","3.5748","0.4446"
"86.1000","3.5758","0.4447"
"86.1200","3.5767","0.4447"
"86.1400","3.5777","0.4448"
"86.1600","3.5787","0.4449"
"86.1800","3.5796","0.4449"
"86.2000","3.5805","0.4449"
"86.2200","3.5813","0.4450"
"86.2400","3.5821","0.4450"
"86.2600","3.5828","0.4450"
"86.2800","3.5835","0.4450"
"86.3000","3.5842","0.4450"
"86.3200","3.5849","0.4450"
"86.3400","3.5856","0.4450"
"86.3600","3.5863","0.4451"
"86.3800","3.5870","0.4451"
"86.4000","3.5878","0.4451"
"86.4200","3.5885","0.4451"
"86.4400","3.5893","0.4451"
"86.4600","3.5902","0.4452"
"86.4800","3.5911","0.4452"
"86.5000","3.5920","0.4453"
"86.5200","3.5930","0.4453"
"86.5400","3.5940","0.4454"
"86.5600","3.5949","0.4455"
"86.5800","3.5958","0.4455"
"86.6000","3.5967","0.4455"
"86.6200","3.5976","0.4456"
"86.6400","3.5984","0.4456"
"86.6600","3.5992","0.4456"
"86.6800","3.6000","0.4456"
"86.7000","3.6008","0.4456"
"86.7200","3.6016","0.4457"
"86.7400","3.6024","0.4457"
"86.7600","3.6032","0.4457"
"86.7800","3.6040","0.4458"
"86.8000","3.6049","0.4458"
"86.8200","3.6057","0.4459"
"86.8400","3.6066","0.4459"
"86.8600","3.6074","0.4459"
"86.8800","3.6082","0.4460"
"86.9000","3.6091","0.4460"
"86.9200","3.6099","0.4460"
"86.9400","3.6108","0.4461"
"86.9600","3.6116","0.4461"
"86.9800","3.6125","0.4462"
"87.0000","3.6134","0.4462"
"87.0200","3.6142","0.4462"
"87.0400","3.6151","0.4463"
"87.0600","3.6159","0.4463"
"87.0800","3.6167","0.4463"
"87.1000","3.6176","0.4464"
"87.1200","3.6184","0.4464"
"87.1400","3.6192","0.4464"
"87.1600","3.6200","0.4464"
"87.1800","3.6208","0.4465"
"87.2000","3.6217","0.4465"
"87.2200","3.6226","0.4466"
"87.2400","3.6235","0.4466"
"87.2600","3.6245","0.4467"
"87.2800","3.6255","0.4467"
"87.3000","3.6265","0.4468"
"87.3200","3.6274","0.4469"
"87.3400","3.6284","0.4469"
"87.3600","3.6293","0.4470"
"87.3800","3.6302","0.4470"
"87.4000","3.6311","0.4470"
"87.4200","3.6319","0.4471"
"87.4400","3.6327","0.4471"
"87.4600","3.6334","0.4471"
"87.4800","3.6341","0.4471"
"87.5000","3.6347","0.4471"
"87.5200","3.6354","0.4471"
"87.5400","3.6360","0.4470"
"87.5600","3.6366","0.4471"
"87.5800","3.6373","0.4470"
"87.6000","3.6379","0.4471"
"87.6200","3.6386","0.4470"
"87.6400","3.6393","0.4471"
"87.6600","3.6400","0.4471"
"87.6800","3.6407","0.4471"
"87.7000","3.6415","0.4471"
"87.7200","3.6423","0.4472"
"87.7400","3.6432","0.4472"
"87.7600","3.6440","0.4473"
"87.7800","3.6449","0.4473"
"87.8000","3.6458","0.4474"
"87.8200","3.6467","0.4474"
"87.8400","3.6476","0.4474"
"87.8600","3.6484","0.4475"
"87.8800","3.6493","0.4475"
"87.9000","3.6501","0.4475"
"87.9200","3.6509","0.4476"
"87.9400","3.6517","0.4476"
"87.9600","3.6526","0.4476"
"87.9800","3.6534","0.4476"
"88.0000","3.6542","0.4477"
"88.0200","3.6551","0.4477"
"88.0400","3.6560","0.4478"
"88.0600","3.6569","0.4478"
"88.0800","3.6577","0.4478"
"88.1000","3.6586","0.4479"
"88.1200","3.6595","0.4479"
"88.1400","3.6603","0.4480"
"88.1600","3.6612","0.4480"
"88.1800","3.6620","0.4480"
"88.2000","3.6629","0.4481"
"88.2200","3.6637","0.4481"
"88.2400","3.6646","0.4481"
"88.2600","3.6654","0.4482"
"88.2800","3.6663","0.4482"
"88.3000","3.6671","0.4482"
"88.3200","3.6679","0.4482"
"88.3400","3.6687","0.4483"
"88.3600","3.6696","0.4483"
"88.3800","3.6704","0.4483"
"88.4000","3.6712","0.4484"
"88.4200","3.6720","0.4484"
"88.4400","3.6728","0.4484"
"88.4600","3.6737","0.4485"
"88.4800","3.6746","0.4485"
"88.5000","3.6755","0.4485"
"88.5200","3.6764","0.4486"
"88.5400","3.6773","0.4486"
"88.5600","3.6783","0.4487"
"88.5800","3.6793","0.4487"
"88.6000","3.6802","0.4488"
"88.6200","3.6811","0.4488"
"88.6400","3.6820","0.4489"
"88.6600","3.6829","0.4489"
"88.6800","3.6837","0.4489"
"88.7000","3.6844","0.4489"
"88.7200","3.6852","0.4489"
"88.7400","3.6859","0.4489"
"88.7600","3.6866","0.4490"
"88.7800","3.6873","0.4490"
"88.8000","3.6880","0.4490"
"88.8200","3.6887","0.4490"
"88.8400","3.6894","0.4490"
"88.8600","3.6901","0.4490"
"88.8800","3.6908","0.4490"
"88.9000","3.6916","0.4490"
"88.9200","3.6923","0.4491"
"88.9400","3.6931","0.4491"
"88.9600","3.6939","0.4491"
"88.9800","3.6948","0.4492"
"89.0000","3.6957","0.4492"
"89.0200","3.6967","0.4493"
"89.0400","3.6977","0.4493"
"89.0600","3.6986","0.4494"
"89.0800","3.6996","0.4494"
"89.1000","3.7005","0.4495"
"89.1200","3.7015","0.4495"
"89.1400","3.7024","0.4495"
"89.1600","3.7032","0.4496"
"89.1800","3.7041","0.4496"
"89.2000","3.7049","0.4497"
"89.2200","3.7057","0.4497"
"89.2400","3.7066","0.4497"
"89.2600","3.7074","0.4498"
"89.2800","3.7082","0.4498"
"89.3000","3.7091","0.4498"
"89.3200","3.7099","0.4499"
"89.3400","3.7108","0.4499"
"89.3600","3.7116","0.4499"
"89.3800","3.7124","0.4499"
"89.4000","3.7133","0.4499"
"89.4200","3.7141","0.4500"
"89.4400","3.7150","0.4500"
"89.4600","3.7159","0.4501"
"89.4800","3.7167","0.4501"
"89.5000","3.7176","0.4501"
"89.5200","3.7185","0.4502"
"89.5400","3.7193","0.4502"
"89.5600","3.7201","0.4502"
"89.5800","3.7209","0.4502"
"89.6000","3.7217","0.4502"
"89.6200","3.7225","0.4503"
"89.6400","3.7232","0.4503"
"89.6600","3.7240","0.4503"
"89.6800","3.7247","0.4503"
"89.7000","3.7255","0.4503"
"89.7200","3.7263","0.4504"
"89.7400","3.7272","0.4504"
"89.7600","3.7280","0.4504"
"89.7800","3.7289","0.4505"
"89.8000","3.7299","0.4505"
"89.8200","3.7308","0.4506"
"89.8400","3.7318","0.4506"
"89.8600","3.7327","0.4507"
"89.8800","3.7337","0.4507"
"89.9000","3.7346","0.4508"
"89.9200","3.7355","0.4508"
"89.9400","3.7363","0.4508"
"89.9600","3.7371","0.4508"
"89.9800","3.7378","0.4509"
"90.0000","3.7385","0.4508"
"90.0200","3.7392","0.4509"
"90.0400","3.7399","0.4509"
"90.0600","3.7406","0.4509"
"90.0800","3.7413","0.4509"
"90.1000","3.7420","0.4509"
"90.1200","3.7427","0.4509"
"90.1400","3.7434","0.4509"
"90.1600","3.7442","0.4509"
"90.1800","3.7450","0.4509"
"90.2000","3.7458","0.4509"
"90.2200","3.7467","0.4510"
"90.2400","3.7476","0.4510"
"90.2600","3.7485","0.4511"
"90.2800","3.7495","0.4511"
"90.3000","3.7504","0.4512"
"90.3200","3.7514","0.4512"
"90.3400","3.7523","0.4513"
"90.3600","3.7532","0.4513"
"90.3800","3.7541","0.4514"
"90.4000","3.7550","0.4514"
"90.4200","3.7559","0.4514"
"90.4400","3.7567","0.4515"
"90.4600","3.7576","0.4515"
"90.4800","3.7584","0.4515"
"90.5000","3.7593","0.4516"
"90.5200","3.7602","0.4516"
"90.5400","3.7610","0.4516"
"90.5600","3.7619","0.4517"
"90.5800","3.7627","0.4517"
"90.6000","3.7636","0.4517"
"90.6200","3.7644","0.4517"
"90.6400","3.7652","0.4517"
"90.6600","3.7660","0.4518"
"90.6800","3.7667","0.4518"
"90.7000","3.7675","0.4518"
"90.7200","3.7683","0.4518"
"90.7400","3.7691","0.4519"
"90.7600","3.7698","0.4519"
"90.7800","3.7706","0.4519"
"90.8000","3.7714","0.4519"
"90.8200","3.7722","0.4519"
"90.8400","3.7729","0.4519"
"90.8600","3.7737","0.4520"
"90.8800","3.7745","0.4520"
"90.9000","3.7752","0.4520"
"90.9200","3.7760","0.4520"
"90.9400","3.7768","0.4520"
"90.9600","3.7777","0.4521"
"90.9800","3.7785","0.4521"
"91.0000","3.7794","0.4522"
"91.0200","3.7803","0.4522"
"91.0400","3.7813","0.4523"
"91.0600","3.7823","0.4523"
"91.0800","3.7833","0.4524"
"91.1000","3.7843","0.4524"
"91.1200","3.7853","0.4525"
"91.1400","3.7863","0.4526"
"91.1600","3.7872","0.4526"
"91.1800","3.7881","0.4526"
"91.2000","3.7890","0.4526"
"91.2200","3.7898","0.4526"
"91.2400","3.7905","0.4526"
"91.2600","3.7912","0.4527"
"91.2800","3.7919","0.4527"
"91.3000","3.7926","0.4527"
"91.3200","3.7933","0.4527"
"91.3400","3.7939","0.4527"
"91.3600","3.7946","0.4527"
"91.3800","3.7952","0.4527"
"91.4000","3.7959","0.4527"
"91.4200","3.7967","0.4527"
"91.4400","3.7974","0.4527"
"91.4600","3.7982","0.4527"
"91.4800","3.7991","0.4527"
"91.5000","3.8000","0.4528"
"91.5200","3.8009","0.4528"
"91.5400","3.8018","0.4529"
"91.5600","3.8027","0.4529"
"91.5800","3.8036","0.4530"
"91.6000","3.8045","0.4530"
"91.6200","3.8054","0.4530"
"91.6400","3.8062","0.4531"
"91.6600","3.8070","0.4531"
"91.6800","3.8078","0.4531"
"91.7000","3.8087","0.4531"
"91.7200","3.8095","0.4532"
"91.7400","3.8104","0.4532"
"91.7600","3.8112","0.4532"
"91.7800","3.8121","0.4532"
"91.8000","3.8129","0.4533"
"91.8200","3.8138","0.4533"
"91.8400","3.8146","0.4534"
"91.8600","3.8155","0.4534"
"91.8800","3.8164","0.4535"
"91.9000","3.8172","0.4535"
"91.9200","3.8181","0.4535"
"91.9400","3.8190","0.4535"
"91.9600","3.8199","0.4536"
"91.9800","3.8207","0.4536"
"92.0000","3.8216","0.4536"
"92.0200","3.8224","0.4537"
"92.0400","3.8233","0.4536"
"92.0600","3.8241","0.4537"
"92.0800","3.8249","0.4537"
"92.1000","3.8258","0.4538"
"92.1200","3.8266","0.4538"
"92.1400","3.8274","0.4538"
"92.1600","3.8282","0.4538"
"92.1800","3.8290","0.4538"
"92.2000","3.8298","0.4539"
"92.2200","3.8307","0.4539"
"92.2400","3.8316","0.4539"
"92.2600","3.8325","0.4540"
"92.2800","3.8334","0.4540"
"92.3000","3.8343","0.4540"
"92.3200","3.8353","0.4541"
"92.3400","3.8362","0.4542"
"92.3600","3.8372","0.4542"
"92.3800","3.8381","0.4543"
"92.4000","3.8390","0.4543"
"92.4200","3.8398","0.4543"
"92.4400","3.8406","0.4543"
"92.4600","3.8414","0.4543"
"92.4800","3.8422","0.4543"
"92.5000","3.8429","0.4543"
"92.5200","3.8436","0.4543"
"92.5400","3.8442","0.4544"
"92.5600","3.8449","0.4543"
"92.5800","3.8455","0.4543"
"92.6000","3.8462","0.4543"
"92.6200","3.8469","0.4543"
"92.6400","3.8476","0.4543"
"92.6600","3.8483","0.4543"
"92.6800","3.8491","0.4543"
"92.7000","3.8499","0.4544"
"92.7200","3.8507","0.4544"
"92.7400","3.8515","0.4545"
"92.7600","3.8524","0.4545"
"92.7800","3.8534","0.4545"
"92.8000","3.8543","0.4546"
"92.8200","3.8552","0.4546"
"92.8400","3.8562","0.4546"
"92.8600","3.8571","0.4547"
"92.8800","3.8580","0.4547"
"92.9000","3.8589","0.4548"
"92.9200","3.8597","0.4548"
"92.9400","3.8606","0.4549"
"92.9600","3.8614","0.4549"
"92.9800","3.8623","0.4549"
"93.0000","3.8631","0.4549"
"93.0200","3.8640","0.4549"
"93.0400","3.8649","0.4550"
"93.0600","3.8657","0.4550"
"93.0800","3.8666","0.4550"
"93.1000","3.8674","0.4551"
"93.1200","3.8683","0.4551"
"93.1400","3.8691","0.4551"
"93.1600","3.8699","0.4551"
"93.1800","3.8708","0.4551"
"93.2000","3.8716","0.4551"
"93.2200","3.8724","0.4552"
"93.2400","3.8733","0.4552"
"93.2600","3.8741","0.4552"
"93.2800","3.8749","0.4553"
"93.3000","3.8757","0.4553"
"93.3200","3.8765","0.4553"
"93.3400","3.8773","0.4553"
"93.3600","3.8781","0.4553"
"93.3800","3.8789","0.4554"
"93.4000","3.8797","0.4554"
"93.4200","3.8805","0.4554"
"93.4400","3.8813","0.4554"
"93.4600","3.8822","0.4555"
"93.4800","3.8830","0.4555"
"93.5000","3.8839","0.4555"
"93.5200","3.8848","0.4555"
"93.5400","3.8858","0.4556"
"93.5600","3.8867","0.4556"
"93.5800","3.8877","0.4557"
"93.6000","3.8886","0.4558"
"93.6200","3.8896","0.4558"
"93.6400","3.8905","0.4558"
"93.6600","3.8913","0.4558"
"93.6800","3.8922","0.4558"
"93.7000","3.8930","0.4558"
"93.7200","3.8938","0.4559"
"93.7400","3.8945","0.4559"
"93.7600","3.8952","0.4559"
"93.7800","3.8959","0.4559"
"93.8000","3.8966","0.4559"
"93.8200","3.8973","0.4559"
"93.8400","3.8979","0.4559"
"93.8600","3.8986","0.4559"
"93.8800","3.8993","0.4559"
"93.9000","3.9001","0.4559"
"93.9200","3.9008","0.4559"
"93.9400","3.9016","0.4559"
"93.9600","3.9025","0.4560"
"93.9800","3.9034","0.4560"
"94.0000","3.9043","0.4561"
"94.0200","3.9053","0.4561"
"94.0400","3.9062","0.4562"
"94.0600","3.9072","0.4562"
"94.0800","3.9082","0.4562"
"94.1000","3.9091","0.4563"
"94.1200","3.9100","0.4563"
"94.1400","3.9109","0.4564"
"94.1600","3.9117","0.4564"
"94.1800","3.9126","0.4564"
"94.2000","3.9134","0.4564"
"94.2200","3.9143","0.4565"
"94.2400","3.9151","0.4565"
"94.2600","3.9160","0.4565"
"94.2800","3.9169","0.4565"
"94.3000","3.9177","0.4566"
"94.3200","3.9186","0.4566"
"94.3400","3.9194","0.4566"
"94.3600","3.9203","0.4566"
"94.3800","3.9211","0.4567"
"94.4000","3.9219","0.4567"
"94.4200","3.9228","0.4567"
"94.4400","3.9236","0.4568"
"94.4600","3.9245","0.4568"
"94.4800","3.9253","0.4568"
"94.5000","3.9261","0.4568"
"94.5200","3.9270","0.4568"
"94.5400","3.9278","0.4569"
"94.5600","3.9286","0.4568"
"94.5800","3.9294","0.4569"
"94.6000","3.9301","0.4569"
"94.6200","3.9309","0.4569"
"94.6400","3.9316","0.4569"
"94.6600","3.9324","0.4569"
"94.6800","3.9331","0.4569"
"94.7000","3.9339","0.4569"
"94.7200","3.9347","0.4570"
"94.7400","3.9356","0.4570"
"94.7600","3.9365","0.4570"
"94.7800","3.9374","0.4571"
"94.8000","3.9383","0.4571"
"94.8200","3.9392","0.4572"
"94.8400","3.9402","0.4572"
"94.8600","3.9411","0.4573"
"94.8800","3.9421","0.4573"
"94.9000","3.9430","0.4573"
"94.9200","3.9438","0.4573"
"94.9400","3.9447","0.4574"
"94.9600","3.9455","0.4574"
"94.9800","3.9462","0.4574"
"95.0000","3.9469","0.4574"
"95.0200","3.9476","0.4574"
"95.0400","3.9483","0.4574"
"95.0600","3.9489","0.4574"
"95.0800","3.9496","0.4574"
"95.1000","3.9503","0.4574"
"95.1200","3.9509","0.4574"
"95.1400","3.9516","0.4574"
"95.1600","3.9524","0.4574"
"95.1800","3.9531","0.4574"
"95.2000","3.9539","0.4574"
"95.2200","3.9548","0.4574"
"95.2400","3.9556","0.4575"
"95.2600","3.9565","0.4575"
"95.2800","3.9575","0.4576"
"95.3000","3.9584","0.4576"
"95.3200","3.9593","0.4576"
"95.3400","3.9603","0.4577"
"95.3600","3.9612","0.4577"
"95.3800","3.9621","0.4577"
"95.4000","3.9629","0.4578"
"95.4200","3.9638","0.4578"
"95.4400","3.9646","0.4578"
"95.4600","3.9655","0.4578"
"95.4800","3.9663","0.4579"
"95.5000","3.9671","0.4579"
"95.5200","3.9680","0.4579"
"95.5400","3.9688","0.4579"
"95.5600","3.9697","0.4579"
"95.5800","3.9705","0.4579"
"95.6000","3.9713","0.4580"
"95.6200","3.9721","0.4580"
"95.6400","3.9730","0.4581"
"95.6600","3.9738","0.4581"
"95.6800","3.9746","0.4581"
"95.7000","3.9754","0.4581"
"95.7200","3.9762","0.4581"
"95.7400","3.9770","0.4581"
"95.7600","3.9779","0.4581"
"95.7800","3.9787","0.4582"
"95.8000","3.9795","0.4582"
"95.8200","3.9803","0.4582"
"95.8400","3.9811","0.4582"
"95.8600","3.9819","0.4582"
"95.8800","3.9827","0.4583"
"95.9000","3.9835","0.4583"
"95.9200","3.9843","0.4583"
"95.9400","3.9851","0.4583"
"95.9600","3.9860","0.4583"
"95.9800","3.9868","0.4584"
"96.0000","3.9877","0.4584"
"96.0200","3.9887","0.4584"
"96.0400","3.9896","0.4585"
"96.0600","3.9906","0.4585"
"96.0800","3.9916","0.4586"
"96.1000","3.9926","0.4586"
"96.1200","3.9935","0.4586"
"96.1400","3.9945","0.4587"
"96.1600","3.9954","0.4587"
"96.1800","3.9963","0.4588"
"96.2000","3.9971","0.4588"
"96.2200","3.9979","0.4588"
"96.2400","3.9987","0.4588"
"96.2600","3.9994","0.4588"
"96.2800","4.0001","0.4588"
"96.3000","4.0008","0.4588"
"96.3200","4.0015","0.4588"
"96.3400","4.0022","0.4588"
"96.3600","4.0029","0.4588"
"96.3800","4.0036","0.4588"
"96.4000","4.0044","0.4588"
"96.4200","4.0052","0.4588"
"96.4400","4.0060","0.4588"
"96.4600","4.0069","0.4589"
"96.4800","4.0078","0.4589"
"96.5000","4.0087","0.4590"
"96.5200","4.0097","0.4590"
"96.5400","4.0107","0.4591"
"96.5600","4.0116","0.4591"
"96.5800","4.0125","0.4591"
"96.6000","4.0133","0.4591"
"96.6200","4.0142","0.4591"
"96.6400","4.0150","0.4592"
"96.6600","4.0158","0.4592"
"96.6800","4.0166","0.4592"
"96.7000","4.0174","0.4592"
"96.7200","4.0182","0.4592"
"96.7400","4.0190","0.4593"
"96.7600","4.0198","0.4593"
"96.7800","4.0207","0.4593"
"96.8000","4.0215","0.4593"
"96.8200","4.0223","0.4593"
"96.8400","4.0231","0.4593"
"96.8600","4.0240","0.4594"
"96.8800","4.0248","0.4594"
"96.9000","4.0256","0.4594"
"96.9200","4.0264","0.4594"
"96.9400","4.0272","0.4594"
"96.9600","4.0280","0.4594"
"96.9800","4.0289","0.4595"
"97.0000","4.0297","0.4595"
"97.0200","4.0305","0.4595"
"97.0400","4.0314","0.4596"
"97.0600","4.0322","0.4596"
"97.0800","4.0330","0.4596"
"97.1000","4.0338","0.4596"
"97.1200","4.0346","0.4596"
"97.1400","4.0355","0.4596"
"97.1600","4.0363","0.4596"
"97.1800","4.0371","0.4597"
"97.2000","4.0380","0.4597"
"97.2200","4.0388","0.4597"
"97.2400","4.0397","0.4598"
"97.2600","4.0406","0.4598"
"97.2800","4.0416","0.4598"
"97.3000","4.0425","0.4598"
"97.3200","4.0435","0.4599"
"97.3400","4.0445","0.4600"
"97.3600","4.0454","0.4600"
"97.3800","4.0464","0.4600"
"97.4000","4.0473","0.4601"
"97.4200","4.0482","0.4601"
"97.4400","4.0490","0.4601"
"97.4600","4.0498","0.4601"
"97.4800","4.0505","0.4601"
"97.5000","4.0512","0.4601"
"97.5200","4.0519","0.4601"
"97.5400","4.0525","0.4601"
"97.5600","4.0532","0.4601"
"97.5800","4.0539","0.4601"
"97.6000","4.0546","0.4601"
"97.6200","4.0552","0.4600"
"97.6400","4.0560","0.4600"
"97.6600","4.0567","0.4600"
"97.6800","4.0575","0.4600"
"97.7000","4.0583","0.4601"
"97.7200","4.0591","0.4601"
"97.7400","4.0600","0.4602"
"97.7600","4.0609","0.4602"
"97.7800","4.0618","0.4602"
"97.8000","4.0627","0.4602"
"97.8200","4.0636","0.4602"
"97.8400","4.0645","0.4603"
"97.8600","4.0654","0.4603"
"97.8800","4.0662","0.4604"
"97.9000","4.0670","0.4604"
"97.9200","4.0679","0.4604"
"97.9400","4.0687","0.4604"
"97.9600","4.0696","0.4604"
"97.9800","4.0705","0.4605"
"98.0000","4.0714","0.4605"
"98.0200","4.0722","0.4605"
"98.0400","4.0731","0.4605"
"98.0600","4.0740","0.4606"
"98.0800","4.0749","0.4606"
"98.1000","4.0758","0.4606"
"98.1200","4.0766","0.4606"
"98.1400","4.0775","0.4606"
"98.1600","4.0783","0.4607"
"98.1800","4.0791","0.4607"
"98.2000","4.0799","0.4607"
"98.2200","4.0808","0.4607"
"98.2400","4.0816","0.4607"
"98.2600","4.0824","0.4608"
"98.2800","4.0832","0.4608"
"98.3000","4.0840","0.4608"
"98.3200","4.0848","0.4608"
"98.3400","4.0856","0.4608"
"98.3600","4.0864","0.4608"
"98.3800","4.0872","0.4608"
"98.4000","4.0880","0.4609"
"98.4200","4.0888","0.4609"
"98.4400","4.0896","0.4609"
"98.4600","4.0905","0.4609"
"98.4800","4.0913","0.4609"
"98.5000","4.0923","0.4610"
"98.5200","4.0932","0.4610"
"98.5400","4.0941","0.4610"
"98.5600","4.0951","0.4611"
"98.5800","4.0961","0.4611"
"98.6000","4.0970","0.4612"
"98.6200","4.0980","0.4612"
"98.6400","4.0989","0.4612"
"98.6600","4.0998","0.4612"
"98.6800","4.1006","0.4613"
"98.7000","4.1014","0.4613"
"98.7200","4.1022","0.4613"
"98.7400","4.1029","0.4613"
"98.7600","4.1036","0.4613"
"98.7800","4.1043","0.4613"
"98.8000","4.1050","0.4613"
"98.8200","4.1057","0.4613"
"98.8400","4.1064","0.4613"
"98.8600","4.1071","0.4612"
"98.8800","4.1078","0.4612"
"98.9000","4.1085","0.4613"
"98.9200","4.1093","0.4613"
"98.9400","4.1101","0.4613"
"98.9600","4.1109","0.4613"
"98.9800","4.1118","0.4613"
"99.0000","4.1127","0.4614"
"99.0200","4.1137","0.4614"
"99.0400","4.1146","0.4614"
"99.0600","4.1156","0.4615"
"99.0800","4.1165","0.4615"
"99.1000","4.1174","0.4615"
"99.1200","4.1183","0.4616"
"99.1400","4.1191","0.4616"
"99.1600","4.1199","0.4616"
"99.1800","4.1207","0.4616"
"99.2000","4.1215","0.4616"
"99.2200","4.1223","0.4616"
"99.2400","4.1231","0.4616"
"99.2600","4.1239","0.4616"
"99.2800","4.1247","0.4617"
"99.3000","4.1256","0.4617"
"99.3200","4.1264","0.4617"
"99.3400","4.1272","0.4617"
"99.3600","4.1281","0.4617"
"99.3800","4.1289","0.4617"
"99.4000","4.1298","0.4618"
"99.4200","4.1306","0.4618"
"99.4400","4.1315","0.4618"
"99.4600","4.1324","0.4619"
"99.4800","4.1332","0.4619"
"99.5000","4.1341","0.4619"
"99.5200","4.1349","0.4619"
"99.5400","4.1357","0.4619"
"99.5600","4.1366","0.4619"
"99.5800","4.1374","0.4619"
"99.6000","4.1382","0.4619"
"99.6200","4.1389","0.4620"
"99.6400","4.1397","0.4620"
"99.6600","4.1405","0.4620"
"99.6800","4.1413","0.4620"
"99.7000","4.1421","0.4620"
"99.7200","4.1429","0.4620"
"99.7400","4.1437","0.4620"
"99.7600","4.1446","0.4621"
"99.7800","4.1455","0.4621"
"99.8000","4.1464","0.4621"
"99.8200","4.1474","0.4622"
"99.8400","4.1483","0.4622"
"99.8600","4.1493","0.4622"
"99.8800","4.1502","0.4623"
"99.9000","4.1511","0.4623"
"99.9200","4.1520","0.4623"
"99.9400","4.1529","0.4623"
"99.9600","4.1537","0.4624"
"99.9800","4.1545","0.4623"
"100.0000","4.1552","0.4623"
"100.0200","4.1559","0.4623"
"100.0400","4.1566","0.4623"
"100.0600","4.1573","0.4623"
"100.0800","4.1580","0.4623"
"100.1000","4.1587","0.4623"
"100.1200","4.1594","0.4623"
"100.1400","4.1601","0.4623"
"100.1600","4.1609","0.4623"
"100.1800","4.1616","0.4623"
"100.2000","4.1625","0.4624"
"100.2200","4.1633","0.4624"
"100.2400","4.1642","0.4624"
"100.2600","4.1652","0.4624"
"100.2800","4.1661","0.4625"
"100.3000","4.1671","0.4625"
"100.3200","4.1680","0.4625"
"100.3400","4.1690","0.4626"
"100.3600","4.1699","0.4626"
"100.3800","4.1708","0.4626"
"100.4000","4.1716","0.4627"
"100.4200","4.1725","0.4627"
"100.4400","4.1733","0.4627"
"100.4600","4.1742","0.4627"
"100.4800","4.1750","0.4627"
"100.5000","4.1759","0.4627"
"100.5200","4.1767","0.4628"
"100.5400","4.1775","0.4628"
"100.5600","4.1783","0.4628"
"100.5800","4.1791","0.4628"
"100.6000","4.1799","0.4628"
"100.6200","4.1807","0.4628"
"100.6400","4.1815","0.4628"
"100.6600","4.1823","0.4628"
"100.6800","4.1831","0.4629"
"100.7000","4.1839","0.4629"
"100.7200","4.1847","0.4629"
"100.7400","4.1855","0.4628"
"100.7600","4.1863","0.4629"
"100.7800","4.1871","0.4629"
"100.8000","4.1879","0.4629"
"100.8200","4.1887","0.4629"
"100.8400","4.1895","0.4629"
"100.8600","4.1903","0.4629"
"100.8800","4.1911","0.4629"
"100.9000","4.1919","0.4630"
"100.9200","4.1927","0.4630"
"100.9400","4.1935","0.4630"
"100.9600","4.1944","0.4630"
"100.9800","4.1952","0.4630"
"101.0000","4.1962","0.4631"
"101.0200","4.1971","0.4631"
"101.0400","4.1981","0.4632"
"101.0600","4.1990","0.4632"
"101.0800","4.2000","0.4632"
"101.1000","4.2011","0.4633"
"101.1200","4.2021","0.4633"
"101.1400","4.2030","0.4634"
"101.1600","4.2040","0.4634"
"101.1800","4.2049","0.4634"
"101.2000","4.2057","0.4634"
"101.2200","4.2065","0.4634"
"101.2400","4.2073","0.4634"
"101.2600","4.2080","0.4634"
"101.2800","4.2087","0.4634"
"101.3000","4.2094","0.4634"
"101.3200","4.2101","0.4634"
"101.3400","4.2108","0.4634"
"101.3600","4.2115","0.4634"
"101.3800","4.2122","0.4634"
"101.4000","4.2129","0.4634"
"101.4200","4.2137","0.4634"
"101.4400","4.2145","0.4634"
"101.4600","4.2154","0.4634"
"101.4800","4.2163","0.4635"
"101.5000","4.2172","0.4635"
"101.5200","4.2182","0.4635"
"101.5400","4.2191","0.4635"
"101.5600","4.2201","0.4636"
"101.5800","4.2210","0.4636"
"101.6000","4.2218","0.4636"
"101.6200","4.2227","0.4636"
"101.6400","4.2235","0.4636"
"101.6600","4.2243","0.4636"
"101.6800","4.2251","0.4636"
"101.7000","4.2259","0.4637"
"101.7200","4.2267","0.4637"
"101.7400","4.2275","0.4637"
"101.7600","4.2283","0.4637"
"101.7800","4.2291","0.4637"
"101.8000","4.2299","0.4637"
"101.8200","4.2307","0.4637"
"101.8400","4.2316","0.4637"
"101.8600","4.2324","0.4638"
"101.8800","4.2332","0.4638"
"101.9000","4.2341","0.4638"
"101.9200","4.2349","0.4638"
"101.9400","4.2358","0.4638"
"101.9600","4.2366","0.4638"
"101.9800","4.2375","0.4639"
"102.0000","4.2383","0.4639"
"102.0200","4.2392","0.4639"
"102.0400","4.2400","0.4639"
"102.0600","4.2408","0.4639"
"102.0800","4.2416","0.4639"
"102.1000","4.2424","0.4639"
"102.1200","4.2432","0.4639"
"102.1400","4.2440","0.4639"
"102.1600","4.2448","0.4640"
"102.1800","4.2457","0.4640"
"102.2000","4.2465","0.4640"
"102.2200","4.2474","0.4640"
"102.2400","4.2483","0.4640"
"102.2600","4.2492","0.4641"
"102.2800","4.2501","0.4641"
"102.3000","4.2511","0.4641"
"102.3200","4.2520","0.4642"
"102.3400","4.2530","0.4642"
"102.3600","4.2539","0.4642"
"102.3800","4.2549","0.4642"
"102.4000","4.2558","0.4643"
"102.4200","4.2566","0.4643"
"102.4400","4.2574","0.4643"
"102.4600","4.2581","0.4643"
"102.4800","4.2588","0.4643"
"102.5000","4.2595","0.4642"
"102.5200","4.2602","0.4642"
"102.5400","4.2609","0.4642"
"102.5600","4.2615","0.4642"
"102.5800","4.2621","0.4642"
"102.6000","4.2628","0.4642"
"102.6200","4.2635","0.4641"
"102.6400","4.2642","0.4642"
"102.6600","4.2649","0.4641"
"102.6800","4.2656","0.4641"
"102.7000","4.2664","0.4642"
"102.7200","4.2672","0.4642"
"102.7400","4.2681","0.4642"
"102.7600","4.2690","0.4642"
"102.7800","4.2699","0.4643"
"102.8000","4.2709","0.4643"
"102.8200","4.2718","0.4643"
"102.8400","4.2727","0.4644"
"102.8600","4.2736","0.4644"
"102.8800","4.2745","0.4644"
"102.9000","4.2753","0.4644"
"102.9200","4.2762","0.4644"
"102.9400","4.2770","0.4644"
"102.9600","4.2778","0.4644"
"102.9800","4.2786","0.4644"
"103.0000","4.2795","0.4645"
"103.0200","4.2803","0.4645"
"103.0400","4.2811","0.4645"
"103.0600","4.2820","0.4645"
"103.0800","4.2828","0.4645"
"103.1000","4.2837","0.4645"
"103.1200","4.2846","0.4646"
"103.1400","4.2854","0.4646"
"103.1600","4.2863","0.4646"
"103.1800","4.2871","0.4646"
"103.2000","4.2880","0.4646"
"103.2200","4.2888","0.4646"
"103.2400","4.2897","0.4646"
"103.2600","4.2905","0.4646"
"103.2800","4.2914","0.4647"
"103.3000","4.2922","0.4647"
"103.3200","4.2930","0.4647"
"103.3400","4.2938","0.4647"
"103.3600","4.2946","0.4647"
"103.3800","4.2954","0.4647"
"103.4000","4.2962","0.4647"
"103.4200","4.2971","0.4647"
"103.4400","4.2979","0.4648"
"103.4600","4.2987","0.4648"
"103.4800","4.2996","0.4648"
"103.5000","4.3005","0.4648"
"103.5200","4.3014","0.4648"
"103.5400","4.3023","0.4649"
"103.5600","4.3033","0.4649"
"103.5800","4.3043","0.4649"
"103.6000","4.3053","0.4650"
"103.6200","4.3062","0.4650"
"103.6400","4.3072","0.4650"
"103.6600","4.3081","0.4650"
"103.6800","4.3089","0.4651"
"103.7000","4.3097","0.4650"
"103.7200","4.3105","0.4650"
"103.7400","4.3112","0.4650"
"103.7600","4.3119","0.4650"
"103.7800","4.3126","0.4650"
"103.8000","4.3133","0.4650"
"103.8200","4.3140","0.4650"
"103.8400","4.3146","0.4650"
"103.8600","4.3153","0.4650"
"103.8800","4.3160","0.4650"
"103.9000","4.3168","0.4650"
"103.9200","4.3175","0.4650"
"103.9400","4.3183","0.4650"
"103.9600","4.3192","0.4650"
"103.9800","4.3201","0.4650"
"104.0000","4.3210","0.4650"
"104.0200","4.3219","0.4651"
"104.0400","4.3229","0.4651"
"104.0600","4.3238","0.4651"
"104.0800","4.3248","0.4652"
"104.1000","4.3257","0.4652"
"104.1200","4.3266","0.4652"
"104.1400","4.3275","0.4652"
"104.1600","4.3283","0.4652"
"104.1800","4.3292","0.4653"
"104.2000","4.3300","0.4653"
"104.2200","4.3309","0.4653"
"104.2400","4.3317","0.4653"
"104.2600","4.3325","0.4653"
"104.2800","4.3333","0.4653"
"104.3000","4.3342","0.4653"
"104.3200","4.3350","0.4653"
"104.3400","4.3358","0.4654"
"104.3600","4.3366","0.4654"
"104.3800","4.3374","0.4654"
"104.4000","4.3383","0.4654"
"104.4200","4.3391","0.4654"
"104.4400","4.3399","0.4654"
"104.4600","4.3408","0.4654"
"104.4800","4.3416","0.4655"
"104.5000","4.3425","0.4654"
"104.5200","4.3433","0.4655"
"104.5400","4.3442","0.4655"
"104.5600","4.3450","0.4655"
"104.5800","4.3458","0.4655"
"104.6000","4.3466","0.4655"
"104.6200","4.3473","0.4655"
"104.6400","4.3481","0.4655"
"104.6600","4.3489","0.4655"
"104.6800","4.3496","0.4655"
"104.7000","4.3504","0.4655"
"104.7200","4.3512","0.4655"
"104.7400","4.3520","0.4655"
"104.7600","4.3529","0.4655"
"104.7800","4.3538","0.4655"
"104.8000","4.3547","0.4656"
"104.8200","4.3556","0.4656"
"104.8400","4.3566","0.4656"
"104.8600","4.3575","0.4657"
"104.8800","4.3584","0.4657"
"104.9000","4.3593","0.4657"
"104.9200","4.3602","0.4657"
"104.9400","4.3611","0.4658"
"104.9600","4.3619","0.4658"
"104.9800","4.3626","0.4658"
"105.0000","4.3633","0.4657"
"105.0200","4.3641","0.4657"
"105.0400","4.3648","0.4657"
"105.0600","4.3655","0.4657"
"105.0800","4.3662","0.4657"
"105.1000","4.3669","0.4657"
"105.1200","4.3676","0.4657"
"105.1400","4.3683","0.4657"
"105.1600","4.3691","0.4657"
"105.1800","4.3699","0.4657"
"105.2000","4.3707","0.4657"
"105.2200","4.3716","0.4657"
"105.2400","4.3724","0.4658"
"105.2600","4.3734","0.4658"
"105.2800","4.3743","0.4658"
"105.3000","4.3753","0.4658"
"105.3200","4.3762","0.4659"
"105.3400","4.3771","0.4659"
"105.3600","4.3781","0.4659"
"105.3800","4.3789","0.4659"
"105.4000","4.3798","0.4659"
"105.4200","4.3807","0.4660"
"105.4400","4.3816","0.4660"
"105.4600","4.3824","0.4660"
"105.4800","4.3833","0.4660"
"105.5000","4.3842","0.4660"
"105.5200","4.3851","0.4660"
"105.5400","4.3860","0.4661"
"105.5600","4.3868","0.4661"
"105.5800","4.3876","0.4661"
"105.6000","4.3885","0.4661"
"105.6200","4.3893","0.4661"
"105.6400","4.3901","0.4661"
"105.6600","4.3909","0.4661"
"105.6800","4.3916","0.4661"
"105.7000","4.3924","0.4661"
"105.7200","4.3932","0.4661"
"105.7400","4.3940","0.4661"
"105.7600","4.3948","0.4661"
"105.7800","4.3956","0.4661"
"105.8000","4.3964","0.4661"
"105.8200","4.3972","0.4661"
"105.8400","4.3980","0.4661"
"105.8600","4.3988","0.4661"
"105.8800","4.3996","0.4661"
"105.9000","4.4004","0.4661"
"105.9200","4.4012","0.4662"
"105.9400","4.4020","0.4662"
"105.9600","4.4029","0.4662"
"105.9800","4.4037","0.4662"
"106.0000","4.4046","0.4662"
"106.0200","4.4056","0.4663"
"106.0400","4.4065","0.4663"
"106.0600","4.4075","0.4663"
"106.0800","4.4085","0.4664"
"106.1000","4.4095","0.4664"
"106.1200","4.4105","0.4664"
"106.1400","4.4115","0.4664"
"106.1600","4.4124","0.4665"
"106.1800","4.4133","0.4665"
"106.2000","4.4141","0.4665"
"106.2200","4.4149","0.4665"
"106.2400","4.4156","0.4665"
"106.2600","4.4163","0.4665"
"106.2800","4.4169","0.4664"
"106.3000","4.4176","0.4664"
"106.3200","4.4183","0.4664"
"106.3400","4.4189","0.4664"
"106.3600","4.4196","0.4664"
"106.3800","4.4203","0.4664"
"106.4000","4.4210","0.4664"
"106.4200","4.4218","0.4664"
"106.4400","4.4226","0.4664"
"106.4600","4.4235","0.4664"
"106.4800","4.4243","0.4664"
"106.5000","4.4253","0.4664"
"106.5200","4.4262","0.4665"
"106.5400","4.4271","0.4665"
"106.5600","4.4281","0.4665"
"106.5800","4.4290","0.4665"
"106.6000","4.4298","0.4665"
"106.6200","4.4307","0.4666"
"106.6400","4.4315","0.4666"
"106.6600","4.4322","0.4666"
"106.6800","4.4330","0.4665"
"106.7000","4.4338","0.4666"
"106.7200","4.4346","0.4666"
"106.7400","4.4354","0.4666"
"106.7600","4.4362","0.4666"
"106.7800","4.4371","0.4666"
"106.8000","4.4379","0.4666"
"106.8200","4.4387","0.4666"
"106.8400","4.4395","0.4666"
"106.8600","4.4403","0.4666"
"106.8800","4.4412","0.4666"
"106.9000","4.4420","0.4667"
"106.9200","4.4429","0.4667"
"106.9400","4.4438","0.4667"
"106.9600","4.4446","0.4667"
"106.9800","4.4455","0.4667"
"107.0000","4.4464","0.4668"
"107.0200","4.4473","0.4667"
"107.0400","4.4482","0.4668"
"107.0600","4.4490","0.4668"
"107.0800","4.4499","0.4668"
"107.1000","4.4507","0.4668"
"107.1200","4.4515","0.4668"
"107.1400","4.4523","0.4668"
"107.1600","4.4531","0.4668"
"107.1800","4.4539","0.4668"
"107.2000","4.4548","0.4668"
"107.2200","4.4556","0.4668"
"107.2400","4.4565","0.4669"
"107.2600","4.4574","0.4669"
"107.2800","4.4583","0.4669"
"107.3000","4.4592","0.4669"
"107.3200","4.4602","0.4669"
"107.3400","4.4612","0.4670"
"107.3600","4.4622","0.4670"
"107.3800","4.4631","0.4670"
"107.4000","4.4640","0.4671"
"107.4200","4.4648","0.4670"
"107.4400","4.4656","0.4670"
"107.4600","4.4664","0.4670"
"107.4800","4.4672","0.4670"
"107.5000","4.4679","0.4670"
"107.5200","4.4685","0.4670"
"107.5400","4.4692","0.4669"
"107.5600","4.4699","0.4669"
"107.5800","4.4705","0.4669"
"107.6000","4.4712","0.4669"
"107.6200","4.4719","0.4669"
"107.6400","4.4726","0.4669"
"107.6600","4.4733","0.4669"
"107.6800","4.4740","0.4669"
"107.7000","4.4748","0.4669"
"107.7200","4.4757","0.4669"
"107.7400","4.4765","0.4669"
"107.7600","4.4774","0.4669"
"107.7800","4.4784","0.4670"
"107.8000","4.4794","0.4670"
"107.8200","4.4803","0.4670"
"107.8400","4.4813","0.4671"
"107.8600","4.4822","0.4671"
"107.8800","4.4831","0.4671"
"107.9000","4.4839","0.4671"
"107.9200","4.4848","0.4671"
"107.9400","4.4856","0.4671"
"107.9600","4.4864","0.4671"
"107.9800","4.4872","0.4671"
"108.0000","4.4881","0.4672"
"108.0200","4.4889","0.4672"
"108.0400","4.4898","0.4672"
"108.0600","4.4906","0.4672"
"108.0800","4.4915","0.4672"
"108.1000","4.4923","0.4672"
"108.1200","4.4932","0.4672"
"108.1400","4.4940","0.4672"
"108.1600","4.4949","0.4672"
"108.1800","4.4957","0.4672"
"108.2000","4.4966","0.4672"
"108.2200","4.4974","0.4673"
"108.2400","4.4982","0.4673"
"108.2600","4.4991","0.4673"
"108.2800","4.4999","0.4673"
"108.3000","4.5007","0.4673"
"108.3200","4.5015","0.4673"
"108.3400","4.5023","0.4673"
"108.3600","4.5031","0.4673"
"108.3800","4.5039","0.4673"
"108.4000","4.5046","0.4673"
"108.4200","4.5054","0.4673"
"108.4400","4.5063","0.4673"
"108.4600","4.5071","0.4673"
"108.4800","4.5080","0.4673"
"108.5000","4.5089","0.4673"
"108.5200","4.5098","0.4674"
"108.5400","4.5108","0.4674"
"108.5600","4.5118","0.4674"
"108.5800","4.5127","0.4674"
"108.6000","4.5137","0.4675"
"108.6200","4.5147","0.4675"
"108.6400","4.5156","0.4675"
"108.6600","4.5165","0.4676"
"108.6800","4.5173","0.4675"
"108.7000","4.5181","0.4675"
"108.7200","4.5189","0.4675"
"108.7400","4.5196","0.4675"
"108.7600","4.5203","0.4675"
"108.7800","4.5210","0.4675"
"108.8000","4.5216","0.4675"
"108.8200","4.5223","0.4674"
"108.8400","4.5230","0.4674"
"108.8600","4.5237","0.4674"
"108.8800","4.5244","0.4674"
"108.9000","4.5251","0.4674"
"108.9200","4.5259","0.4674"
"108.9400","4.5267","0.4674"
"108.9600","4.5276","0.4674"
"108.9800","4.5284","0.4675"
"109.0000","4.5294","0.4675"
"109.0200","4.5303","0.4675"
"109.0400","4.5313","0.4675"
"109.0600","4.5322","0.4675"
"109.0800","4.5332","0.4675"
"109.1000","4.5341","0.4676"
"109.1200","4.5350","0.4676"
"109.1400","4.5358","0.4676"
"109.1600","4.5367","0.4676"
"109.1800","4.5375","0.4676"
"109.2000","4.5384","0.4677"
"109.2200","4.5393","0.4677"
"109.2400","4.5401","0.4677"
"109.2600","4.5410","0.4677"
"109.2800","4.5418","0.4677"
"109.3000","4.5427","0.4677"
"109.3200","4.5435","0.4677"
"109.3400","4.5444","0.4677"
"109.3600","4.5452","0.4677"
"109.3800","4.5460","0.4677"
"109.4000","4.5468","0.4677"
"109.4200","4.5476","0.4677"
"109.4400","4.5484","0.4677"
"109.4600","4.5493","0.4677"
"109.4800","4.5501","0.4677"
"109.5000","4.5509","0.4677"
"109.5200","4.5517","0.4677"
"109.5400","4.5525","0.4677"
"109.5600","4.5533","0.4677"
"109.5800","4.5541","0.4677"
"109.6000","4.5549","0.4677"
"109.6200","4.5557","0.4677"
"109.6400","4.5565","0.4677"
"109.6600","4.5572","0.4677"
"109.6800","4.5580","0.4678"
"109.7000","4.5588","0.4678"
"109.7200","4.5597","0.4678"
"109.7400","4.5605","0.4678"
"109.7600","4.5614","0.4678"
"109.7800","4.5623","0.4678"
"109.8000","4.5633","0.4678"
"109.8200","4.5642","0.4678"
"109.8400","4.5652","0.4679"
"109.8600","4.5661","0.4679"
"109.8800","4.5670","0.4679"
"109.9000","4.5679","0.4679"
"109.9200","4.5688","0.4679"
"109.9400","4.5696","0.4679"
"109.9600","4.5704","0.4679"
"109.9800","4.5711","0.4679"
"110.0000","4.5718","0.4679"
"110.0200","4.5725","0.4679"
"110.0400","4.5731","0.4678"
"110.0600","4.5738","0.4678"
"110.0800","4.5744","0.4678"
"110.1000","4.5751","0.4678"
"110.1200","4.5758","0.4678"
"110.1400","4.5765","0.4677"
"110.1600","4.5773","0.4677"
"110.1800","4.5781","0.4678"
"110.2000","4.5789","0.4678"
"110.2200","4.5798","0.4678"
"110.2400","4.5807","0.4678"
"110.2600","4.5816","0.4678"
"110.2800","4.5826","0.4679"
"110.3000","4.5835","0.4679"
"110.3200","4.5845","0.4679"
"110.3400","4.5854","0.4679"
"110.3600","4.5863","0.4680"
"110.3800","4.5872","0.4680"
"110.4000","4.5881","0.4680"
"110.4200","4.5889","0.4680"
"110.4400","4.5898","0.4680"
"110.4600","4.5906","0.4680"
"110.4800","4.5915","0.4680"
"110.5000","4.5923","0.4680"
"110.5200","4.5931","0.4680"
"110.5400","4.5940","0.4680"
"110.5600","4.5948","0.4680"
"110.5800","4.5957","0.4680"
"110.6000","4.5966","0.4681"
"110.6200","4.5974","0.4681"
"110.6400","4.5982","0.4681"
"110.6600","4.5990","0.4680"
"110.6800","4.5998","0.4681"
"110.7000","4.6007","0.4681"
"110.7200","4.6015","0.4681"
"110.7400","4.6023","0.4681"
"110.7600","4.6031","0.4681"
"110.7800","4.6040","0.4681"
"110.8000","4.6047","0.4681"
"110.8200","4.6055","0.4681"
"110.8400","4.6063","0.4681"
"110.8600","4.6071","0.4681"
"110.8800","4.6079","0.4681"
"110.9000","4.6087","0.4680"
"110.9200","4.6095","0.4681"
"110.9400","4.6104","0.4681"
"110.9600","4.6112","0.4681"
"110.9800","4.6121","0.4681"
"111.0000","4.6130","0.4681"
"111.0200","4.6139","0.4681"
"111.0400","4.6148","0.4682"
"111.0600","4.6158","0.4682"
"111.0800","4.6168","0.4682"
"111.1000","4.6178","0.4683"
"111.1200","4.6188","0.4683"
"111.1400","4.6197","0.4683"
"111.1600","4.6206","0.4683"
"111.1800","4.6214","0.4683"
"111.2000","4.6222","0.4683"
"111.2200","4.6229","0.4683"
"111.2400","4.6236","0.4683"
"111.2600","4.6243","0.4682"
"111.2800","4.6250","0.4682"
"111.3000","4.6257","0.4682"
"111.3200","4.6264","0.4682"
"111.3400","4.6271","0.4682"
"111.3600","4.6278","0.4682"
"111.3800","4.6285","0.4681"
"111.4000","4.6292","0.4681"
"111.4200","4.6300","0.4681"
"111.4400","4.6308","0.4681"
"111.4600","4.6316","0.4681"
"111.4800","4.6325","0.4681"
"111.5000","4.6334","0.4682"
"111.5200","4.6344","0.4682"
"111.5400","4.6353","0.4682"
"111.5600","4.6363","0.4683"
"111.5800","4.6373","0.4683"
"111.6000","4.6382","0.4683"
"111.6200","4.6391","0.4683"
"111.6400","4.6399","0.4683"
"111.6600","4.6407","0.4683"
"111.6800","4.6415","0.4683"
"111.7000","4.6423","0.4683"
"111.7200","4.6431","0.4683"
"111.7400","4.6439","0.4683"
"111.7600","4.6447","0.4683"
"111.7800","4.6455","0.4683"
"111.8000","4.6463","0.4683"
"111.8200","4.6471","0.4683"
"111.8400","4.6479","0.4683"
"111.8600","4.6488","0.4683"
"111.8800","4.6496","0.4683"
"111.9000","4.6504","0.4683"
"111.9200","4.6513","0.4683"
"111.9400","4.6522","0.4683"
"111.9600","4.6530","0.4683"
"111.9800","4.6539","0.4684"
"112.0000","4.6548","0.4684"
"112.0200","4.6557","0.4684"
"112.0400","4.6565","0.4684"
"112.0600","4.6573","0.4684"
"112.0800","4.6581","0.4684"
"112.1000","4.6589","0.4684"
"112.1200","4.6597","0.4684"
"112.1400","4.6605","0.4684"
"112.1600","4.6613","0.4684"
"112.1800","4.6621","0.4684"
"112.2000","4.6630","0.4684"
"112.2200","4.6638","0.4684"
"112.2400","4.6647","0.4684"
"112.2600","4.6655","0.4684"
"112.2800","4.6665","0.4684"
"112.3000","4.6674","0.4685"
"112.3200","4.6684","0.4685"
"112.3400","4.6694","0.4685"
"112.3600","4.6704","0.4686"
"112.3800","4.6713","0.4686"
"112.4000","4.6723","0.4686"
"112.4200","4.6732","0.4686"
"112.4400","4.6740","0.4686"
"112.4600","4.6748","0.4686"
"112.4800","4.6755","0.4686"
"112.5000","4.6762","0.4686"
"112.5200","4.6769","0.4685"
"112.5400","4.6775","0.4685"
"112.5600","4.6782","0.4685"
"112.5800","4.6789","0.4685"
"112.6000","4.6795","0.4684"
"112.6200","4.6802","0.4684"
"112.6400","4.6809","0.4684"
"112.6600","4.6816","0.4684"
"112.6800","4.6824","0.4684"
"112.7000","4.6832","0.4684"
"112.7200","4.6840","0.4684"
"112.7400","4.6849","0.4684"
"112.7600","4.6858","0.4684"
"112.7800","4.6867","0.4685"
"112.8000","4.6876","0.4685"
"112.8200","4.6885","0.4685"
"112.8400","4.6894","0.4685"
"112.8600","4.6903","0.4685"
"112.8800","4.6912","0.4686"
"112.9000","4.6921","0.4686"
"112.9200","4.6929","0.4686"
"112.9400","4.6938","0.4686"
"112.9600","4.6947","0.4686"
"112.9800","4.6955","0.4686"
"113.0000","4.6964","0.4686"
"113.0200","4.6973","0.4686"
"113.0400","4.6982","0.4686"
"113.0600","4.6991","0.4686"
"113.0800","4.7000","0.4687"
"113.1000","4.7008","0.4687"
"113.1200","4.7017","0.4687"
"113.1400","4.7026","0.4687"
"113.1600","4.7035","0.4687"
"113.1800","4.7043","0.4687"
"113.2000","4.7051","0.4687"
"113.2200","4.7060","0.4687"
"113.2400","4.7068","0.4687"
"113.2600","4.7076","0.4687"
"113.2800","4.7085","0.4687"
"113.3000","4.7093","0.4687"
"113.3200","4.7101","0.4687"
"113.3400","4.7109","0.4687"
"113.3600","4.7117","0.4687"
"113.3800","4.7125","0.4687"
"113.4000","4.7133","0.4687"
"113.4200","4.7141","0.4687"
"113.4400","4.7150","0.4687"
"113.4600","4.7158","0.4687"
"113.4800","4.7167","0.4687"
"113.5000","4.7176","0.4687"
"113.5200","4.7186","0.4688"
"113.5400","4.7195","0.4688"
"113.5600","4.7205","0.4688"
"113.5800","4.7214","0.4688"
"113.6000","4.7224","0.4689"
"113.6200","4.7233","0.4689"
"113.6400","4.7242","0.4689"
"113.6600","4.7250","0.4689"
"113.6800","4.7258","0.4689"
"113.7000","4.7266","0.4689"
"113.7200","4.7273","0.4688"
"113.7400","4.7280","0.4688"
"113.7600","4.7287","0.4688"
"113.7800","4.7293","0.4688"
"113.8000","4.7300","0.4687"
"113.8200","4.7306","0.4687"
"113.8400","4.7312","0.4687"
"113.8600","4.7319","0.4686"
"113.8800","4.7326","0.4686"
"113.9000","4.7333","0.4686"
"113.9200","4.7340","0.4686"
"113.9400","4.7348","0.4686"
"113.9600","4.7356","0.4686"
"113.9800","4.7365","0.4686"
"114.0000","4.7374","0.4687"
"114.0200","4.7383","0.4687"
"114.0400","4.7393","0.4687"
"114.0600","4.7402","0.4687"
"114.0800","4.7412","0.4688"
"114.1000","4.7421","0.4688"
"114.1200","4.7430","0.4688"
"114.1400","4.7438","0.4688"
"114.1600","4.7446","0.4688"
"114.1800","4.7454","0.4688"
"114.2000","4.7463","0.4688"
"114.2200","4.7471","0.4688"
"114.2400","4.7479","0.4688"
"114.2600","4.7488","0.4688"
"114.2800","4.7496","0.4688"
"114.3000","4.7505","0.4688"
"114.3200","4.7513","0.4688"
"114.3400","4.7522","0.4688"
"114.3600","4.7530","0.4688"
"114.3800","4.7539","0.4688"
"114.4000","4.7547","0.4688"
"114.4200","4.7556","0.4688"
"114.4400","4.7564","0.4688"
"114.4600","4.7573","0.4689"
"114.4800","4.7582","0.4688"
"114.5000","4.7590","0.4689"
"114.5200","4.7599","0.4689"
"114.5400","4.7607","0.4689"
"114.5600","4.7615","0.4688"
"114.5800","4.7623","0.4688"
"114.6000","4.7631","0.4688"
"114.6200","4.7639","0.4688"
"114.6400","4.7647","0.4688"
"114.6600","4.7655","0.4688"
"114.6800","4.7663","0.4688"
"114.7000","4.7671","0.4688"
"114.7200","4.7679","0.4688"
"114.7400","4.7687","0.4688"
"114.7600","4.7696","0.4689"
"114.7800","4.7705","0.4689"
"114.8000","4.7714","0.4689"
"114.8200","4.7723","0.4689"
"114.8400","4.7732","0.4689"
"114.8600","4.7742","0.4689"
"114.8800","4.7751","0.4690"
"114.9000","4.7760","0.4689"
"114.9200","4.7768","0.4689"
"114.9400","4.7777","0.4690"
"114.9600","4.7785","0.4690"
"114.9800","4.7792","0.4689"
"115.0000","4.7800","0.4689"
"115.0200","4.7807","0.4689"
"115.0400","4.7814","0.4689"
"115.0600","4.7821","0.4689"
"115.0800","4.7828","0.4688"
"115.1000","4.7835","0.4688"
"115.1200","4.7842","0.4688"
"115.1400","4.7850","0.4688"
"115.1600","4.7857","0.4688"
"115.1800","4.7865","0.4688"
"115.2000","4.7874","0.4688"
"115.2200","4.7883","0.4688"
"115.2400","4.7892","0.4689"
"115.2600","4.7902","0.4689"
"115.2800","4.7912","0.4689"
"115.3000","4.7922","0.4689"
"115.3200","4.7931","0.4690"
"115.3400","4.7941","0.4690"
"115.3600","4.7950","0.4690"
"115.3800","4.7959","0.4690"
"115.4000","4.7968","0.4690"
"115.4200","4.7977","0.4690"
"115.4400","4.7985","0.4690"
"115.4600","4.7993","0.4691"
"115.4800","4.8002","0.4690"
"115.5000","4.8010","0.4690"
"115.5200","4.8019","0.4690"
"115.5400","4.8027","0.4690"
"115.5600","4.8035","0.4691"
"115.5800","4.8044","0.4690"
"115.6000","4.8052","0.4690"
"115.6200","4.8060","0.4690"
"115.6400","4.8068","0.4690"
"115.6600","4.8076","0.4690"
"115.6800","4.8084","0.4690"
"115.7000","4.8092","0.4690"
"115.7200","4.8100","0.4690"
"115.7400","4.8109","0.4690"
"115.7600","4.8117","0.4690"
"115.7800","4.8125","0.4690"
"115.8000","4.8133","0.4690"
"115.8200","4.8141","0.4690"
"115.8400","4.8149","0.4690"
"115.8600","4.8156","0.4690"
"115.8800","4.8164","0.4690"
"115.9000","4.8172","0.4690"
"115.9200","4.8180","0.4690"
"115.9400","4.8188","0.4690"
"115.9600","4.8196","0.4690"
"115.9800","4.8205","0.4690"
"116.0000","4.8214","0.4690"
"116.0200","4.8223","0.4690"
"116.0400","4.8233","0.4691"
"116.0600","4.8242","0.4691"
"116.0800","4.8252","0.4691"
"116.1000","4.8262","0.4691"
"116.1200","4.8272","0.4692"
"116.1400","4.8282","0.4692"
"116.1600","4.8291","0.4692"
"116.1800","4.8300","0.4692"
"116.2000","4.8308","0.4692"
"116.2200","4.8316","0.4692"
"116.2400","4.8323","0.4692"
"116.2600","4.8330","0.4691"
"116.2800","4.8337","0.4691"
"116.3000","4.8343","0.4691"
"116.3200","4.8350","0.4691"
"116.3400","4.8356","0.4690"
"116.3600","4.8363","0.4690"
"116.3800","4.8370","0.4690"
"116.4000","4.8378","0.4690"
"116.4200","4.8386","0.4690"
"116.4400","4.8394","0.4690"
"116.4600","4.8402","0.4690"
"116.4800","4.8411","0.4690"
"116.5000","4.8420","0.4690"
"116.5200","4.8430","0.4690"
"116.5400","4.8439","0.4691"
"116.5600","4.8449","0.4691"
"116.5800","4.8457","0.4691"
"116.6000","4.8466","0.4691"
"116.6200","4.8474","0.4691"
"116.6400","4.8482","0.4691"
"116.6600","4.8489","0.4690"
"116.6800","4.8497","0.4691"
"116.7000","4.8505","0.4690"
"116.7200","4.8513","0.4690"
"116.7400","4.8521","0.4690"
"116.7600","4.8529","0.4690"
"116.7800","4.8537","0.4690"
"116.8000","4.8545","0.4690"
"116.8200","4.8553","0.4690"
"116.8400","4.8562","0.4690"
"116.8600","4.8570","0.4690"
"116.8800","4.8578","0.4690"
"116.9000","4.8587","0.4690"
"116.9200","4.8595","0.4690"
"116.9400","4.8604","0.4690"
"116.9600","4.8612","0.4690"
"116.9800","4.8621","0.4690"
"117.0000","4.8630","0.4690"
"117.0200","4.8638","0.4691"
"117.0400","4.8647","0.4691"
"117.0600","4.8656","0.4691"
"117.0800","4.8664","0.4691"
"117.1000","4.8672","0.4691"
"117.1200","4.8681","0.4691"
"117.1400","4.8689","0.4691"
"117.1600","4.8697","0.4691"
"117.1800","4.8705","0.4691"
"117.2000","4.8714","0.4691"
"117.2200","4.8722","0.4691"
"117.2400","4.8731","0.4691"
"117.2600","4.8740","0.4691"
"117.2800","4.8750","0.4691"
"117.3000","4.8759","0.4691"
"117.3200","4.8769","0.4692"
"117.3400","4.8778","0.4692"
"117.3600","4.8788","0.4692"
"117.3800","4.8797","0.4692"
"117.4000","4.8806","0.4692"
"117.4200","4.8815","0.4693"
"117.4400","4.8824","0.4693"
"117.4600","4.8832","0.4692"
"117.4800","4.8839","0.4692"
"117.5000","4.8846","0.4692"
"117.5200","4.8853","0.4692"
"117.5400","4.8859","0.4691"
"117.5600","4.8866","0.4691"
"117.5800","4.8872","0.4691"
"117.6000","4.8879","0.4691"
"117.6200","4.8886","0.4690"
"117.6400","4.8893","0.4690"
"117.6600","4.8901","0.4690"
"117.6800","4.8909","0.4690"
"117.7000","4.8917","0.4690"
"117.7200","4.8925","0.4690"
"117.7400","4.8934","0.4690"
"117.7600","4.8944","0.4690"
"117.7800","4.8953","0.4691"
"117.8000","4.8962","0.4691"
"117.8200","4.8971","0.4691"
"117.8400","4.8980","0.4691"
"117.8600","4.8989","0.4691"
"117.8800","4.8997","0.4691"
"117.9000","4.9006","0.4691"
"117.9200","4.9014","0.4691"
"117.9400","4.9022","0.4691"
"117.9600","4.9030","0.4691"
"117.9800","4.9038","0.4691"
"118.0000","4.9046","0.4691"
"118.0200","4.9054","0.4691"
"118.0400","4.9063","0.4691"
"118.0600","4.9071","0.4691"
"118.0800","4.9080","0.4691"
"118.1000","4.9088","0.4691"
"118.1200","4.9097","0.4691"
"118.1400","4.9105","0.4691"
"118.1600","4.9114","0.4691"
"118.1800","4.9123","0.4691"
"118.2000","4.9131","0.4691"
"118.2200","4.9140","0.4692"
"118.2400","4.9149","0.4692"
"118.2600","4.9157","0.4692"
"118.2800","4.9166","0.4692"
"118.3000","4.9174","0.4692"
"118.3200","4.9182","0.4692"
"118.3400","4.9190","0.4691"
"118.3600","4.9198","0.4691"
"118.3800","4.9206","0.4691"
"118.4000","4.9214","0.4691"
"118.4200","4.9222","0.4691"
"118.4400","4.9231","0.4691"
"118.4600","4.9239","0.4692"
"118.4800","4.9248","0.4692"
"118.5000","4.9256","0.4691"
"118.5200","4.9265","0.4692"
"118.5400","4.9274","0.4692"
"118.5600","4.9284","0.4692"
"118.5800","4.9294","0.4692"
"118.6000","4.9303","0.4692"
"118.6200","4.9313","0.4693"
"118.6400","4.9322","0.4693"
"118.6600","4.9330","0.4693"
"118.6800","4.9339","0.4693"
"118.7000","4.9346","0.4692"
"118.7200","4.9354","0.4692"
"118.7400","4.9361","0.4692"
"118.7600","4.9368","0.4692"
"118.7800","4.9375","0.4691"
"118.8000","4.9382","0.4691"
"118.8200","4.9388","0.4691"
"118.8400","4.9395","0.4691"
"118.8600","4.9402","0.4690"
"118.8800","4.9409","0.4690"
"118.9000","4.9416","0.4690"
"118.9200","4.9424","0.4690"
"118.9400","4.9432","0.4690"
"118.9600","4.9440","0.4690"
"118.9800","4.9449","0.4690"
"119.0000","4.9458","0.4690"
"119.0200","4.9467","0.4690"
"119.0400","4.9477","0.4691"
"119.0600","4.9486","0.4691"
"119.0800","4.9496","0.4691"
"119.1000","4.9505","0.4691"
"119.1200","4.9514","0.4691"
"119.1400","4.9522","0.4691"
"119.1600","4.9531","0.4691"
"119.1800","4.9539","0.4691"
"119.2000","4.9548","0.4691"
"119.2200","4.9556","0.4691"
"119.2400","4.9565","0.4691"
"119.2600","4.9573","0.4691"
"119.2800","4.9581","0.4692"
"119.3000","4.9589","0.4691"
"119.3200","4.9598","0.4691"
"119.3400","4.9606","0.4691"
"119.3600","4.9614","0.4691"
"119.3800","4.9623","0.4691"
"119.4000","4.9631","0.4691"
"119.4200","4.9639","0.4691"
"119.4400","4.9648","0.4691"
"119.4600","4.9656","0.4691"
"119.4800","4.9665","0.4691"
"119.5000","4.9673","0.4691"
"119.5200","4.9682","0.4691"
"119.5400","4.9690","0.4691"
"119.5600","4.9698","0.4691"
"119.5800","4.9706","0.4691"
"119.6000","4.9714","0.4691"
"119.6200","4.9722","0.4691"
"119.6400","4.9730","0.4691"
"119.6600","4.9738","0.4691"
"119.6800","4.9746","0.4691"
"119.7000","4.9754","0.4691"
"119.7200","4.9762","0.4691"
"119.7400","4.9770","0.4691"
"119.7600","4.9779","0.4691"
"119.7800","4.9788","0.4691"
"119.8000","4.9797","0.4691"
"119.8200","4.9807","0.4691"
"119.8400","4.9816","0.4691"
"119.8600","4.9826","0.4692"
"119.8800","4.9836","0.4692"
"119.9000","4.9845","0.4692"
"119.9200","4.9853","0.4692"
"119.9400","4.9862","0.4692"
"119.9600","4.9870","0.4692"
"119.9800","4.9878","0.4692"
"120.0000","4.9885","0.4692"
"120.0200","4.9892","0.4691"
"120.0400","4.9899","0.4691"
"120.0600","4.9906","0.4691"
"120.0800","4.9913","0.4691"
"120.1000","4.9920","0.4690"
"120.1200","4.9927","0.4690"
"120.1400","4.9935","0.4690"
"120.1600","4.9942","0.4690"
"120.1800","4.9950","0.4690"
"120.2000","4.9959","0.4690"
"120.2200","4.9967","0.4690"
"120.2400","4.9976","0.4690"
"120.2600","4.9986","0.4690"
"120.2800","4.9996","0.4691"
"120.3000","5.0005","0.4691"
"120.3200","5.0015","0.4691"
"120.3400","5.0024","0.4691"
"120.3600","5.0033","0.4691"
"120.3800","5.0042","0.4691"
"120.4000","5.0051","0.4691"
"120.4200","5.0059","0.4691"
"120.4400","5.0068","0.4691"
"120.4600","5.0076","0.4691"
"120.4800","5.0085","0.4691"
"120.5000","5.0094","0.4691"
"120.5200","5.0102","0.4691"
"120.5400","5.0111","0.4691"
"120.5600","5.0120","0.4691"
"120.5800","5.0128","0.4692"
"120.6000","5.0136","0.4691"
"120.6200","5.0145","0.4691"
"120.6400","5.0152","0.4691"
"120.6600","5.0160","0.4691"
"120.6800","5.0168","0.4691"
"120.7000","5.0176","0.4691"
"120.7200","5.0183","0.4691"
"120.7400","5.0191","0.4691"
"120.7600","5.0199","0.4690"
"120.7800","5.0206","0.4690"
"120.8000","5.0214","0.4690"
"120.8200","5.0222","0.4690"
"120.8400","5.0230","0.4690"
"120.8600","5.0238","0.4690"
"120.8800","5.0246","0.4690"
"120.9000","5.0254","0.4690"
"120.9200","5.0262","0.4690"
"120.9400","5.0271","0.4690"
"120.9600","5.0279","0.4690"
"120.9800","5.0288","0.4690"
"121.0000","5.0297","0.4690"
"121.0200","5.0306","0.4690"
"121.0400","5.0316","0.4691"
"121.0600","5.0326","0.4691"
"121.0800","5.0335","0.4691"
"121.1000","5.0345","0.4691"
"121.1200","5.0354","0.4692"
"121.1400","5.0364","0.4691"
"121.1600","5.0373","0.4692"
"121.1800","5.0381","0.4692"
"121.2000","5.0390","0.4691"
"121.2200","5.0397","0.4691"
"121.2400","5.0405","0.4691"
"121.2600","5.0412","0.4691"
"121.2800","5.0419","0.4691"
"121.3000","5.0426","0.4690"
"121.3200","5.0433","0.4690"
"121.3400","5.0439","0.4690"
"121.3600","5.0446","0.4689"
"121.3800","5.0453","0.4689"
"121.4000","5.0460","0.4689"
"121.4200","5.0468","0.4689"
"121.4400","5.0475","0.4689"
"121.4600","5.0483","0.4689"
"121.4800","5.0492","0.4689"
"121.5000","5.0501","0.4689"
"121.5200","5.0510","0.4689"
"121.5400","5.0520","0.4689"
"121.5600","5.0529","0.4689"
"121.5800","5.0538","0.4690"
"121.6000","5.0546","0.4690"
"121.6200","5.0555","0.4690"
"121.6400","5.0563","0.4689"
"121.6600","5.0571","0.4689"
"121.6800","5.0579","0.4689"
"121.7000","5.0587","0.4689"
"121.7200","5.0595","0.4689"
"121.7400","5.0603","0.4689"
"121.7600","5.0611","0.4689"
"121.7800","5.0620","0.4689"
"121.8000","5.0628","0.4689"
"121.8200","5.0636","0.4689"
"121.8400","5.0645","0.4690"
"121.8600","5.0653","0.4689"
"121.8800","5.0661","0.4689"
"121.9000","5.0670","0.4689"
"121.9200","5.0678","0.4689"
"121.9400","5.0687","0.4689"
"121.9600","5.0695","0.4689"
"121.9800","5.0704","0.4690"
"122.0000","5.0712","0.4689"
"122.0200","5.0721","0.4689"
"122.0400","5.0729","0.4689"
"122.0600","5.0738","0.4689"
"122.0800","5.0746","0.4689"
"122.1000","5.0754","0.4689"
"122.1200","5.0762","0.4689"
"122.1400","5.0770","0.4689"
"122.1600","5.0778","0.4689"
"122.1800","5.0787","0.4689"
"122.2000","5.0795","0.4689"
"122.2200","5.0804","0.4689"
"122.2400","5.0812","0.4689"
"122.2600","5.0821","0.4689"
"122.2800","5.0831","0.4690"
"122.3000","5.0841","0.4690"
"122.3200","5.0851","0.4690"
"122.3400","5.0861","0.4690"
"122.3600","5.0871","0.4690"
"122.3800","5.0880","0.4691"
"122.4000","5.0890","0.4691"
"122.4200","5.0898","0.4691"
"122.4400","5.0907","0.4691"
"122.4600","5.0914","0.4690"
"122.4800","5.0922","0.4690"
"122.5000","5.0929","0.4690"
"122.5200","5.0936","0.4689"
"122.5400","5.0942","0.4689"
"122.5600","5.0949","0.4689"
"122.5800","5.0956","0.4688"
"122.6000","5.0963","0.4688"
"122.6200","5.0970","0.4688"
"122.6400","5.0977","0.4688"
"122.6600","5.0984","0.4688"
"122.6800","5.0992","0.4688"
"122.7000","5.1000","0.4688"
"122.7200","5.1008","0.4688"
"122.7400","5.1017","0.4688"
"122.7600","5.1026","0.4688"
"122.7800","5.1036","0.4688"
"122.8000","5.1045","0.4688"
"122.8200","5.1055","0.4688"
"122.8400","5.1064","0.4689"
"122.8600","5.1073","0.4689"
"122.8800","5.1082","0.4689"
"122.9000","5.1091","0.4689"
"122.9200","5.1099","0.4689"
"122.9400","5.1108","0.4689"
"122.9600","5.1116","0.4689"
"122.9800","5.1125","0.4689"
"123.0000","5.1133","0.4689"
"123.0200","5.1142","0.4689"
"123.0400","5.1151","0.4689"
"123.0600","5.1159","0.4689"
"123.0800","5.1168","0.4689"
"123.1000","5.1176","0.4689"
"123.1200","5.1185","0.4689"
"123.1400","5.1193","0.4689"
"123.1600","5.1201","0.4689"
"123.1800","5.1210","0.4689"
"123.2000","5.1218","0.4689"
"123.2200","5.1226","0.4689"
"123.2400","5.1235","0.4689"
"123.2600","5.1243","0.4689"
"123.2800","5.1251","0.4689"
"123.3000","5.1259","0.4688"
"123.3200","5.1267","0.4688"
"123.3400","5.1275","0.4688"
"123.3600","5.1283","0.4688"
"123.3800","5.1291","0.4688"
"123.4000","5.1300","0.4688"
"123.4200","5.1308","0.4688"
"123.4400","5.1316","0.4688"
"123.4600","5.1325","0.4688"
"123.4800","5.1333","0.4688"
"123.5000","5.1342","0.4688"
"123.5200","5.1351","0.4688"
"123.5400","5.1360","0.4688"
"123.5600","5.1369","0.4689"
"123.5800","5.1378","0.4689"
"123.6000","5.1388","0.4689"
"123.6200","5.1396","0.4689"
"123.6400","5.1405","0.4689"
"123.6600","5.1414","0.4689"
"123.6800","5.1422","0.4688"
"123.7000","5.1430","0.4688"
"123.7200","5.1437","0.4688"
"123.7400","5.1444","0.4688"
"123.7600","5.1451","0.4688"
"123.7800","5.1458","0.4688"
"123.8000","5.1464","0.4687"
"123.8200","5.1471","0.4687"
"123.8400","5.1478","0.4687"
"123.8600","5.1485","0.4686"
"123.8800","5.1492","0.4686"
"123.9000","5.1499","0.4686"
"123.9200","5.1507","0.4686"
"123.9400","5.1515","0.4686"
"123.9600","5.1523","0.4686"
"123.9800","5.1532","0.4686"
"124.0000","5.1541","0.4686"
"124.0200","5.1550","0.4686"
"124.0400","5.1560","0.4687"
"124.0600","5.1569","0.4687"
"124.0800","5.1578","0.4687"
"124.1000","5.1587","0.4687"
"124.1200","5.1596","0.4687"
"124.1400","5.1605","0.4687"
"124.1600","5.1613","0.4687"
"124.1800","5.1622","0.4687"
"124.2000","5.1631","0.4687"
"124.2200","5.1640","0.4687"
"124.2400","5.1649","0.4687"
"124.2600","5.1657","0.4687"
"124.2800","5.1666","0.4687"
"124.3000","5.1675","0.4687"
"124.3200","5.1684","0.4687"
"124.3400","5.1692","0.4687"
"124.3600","5.1701","0.4687"
"124.3800","5.1709","0.4687"
"124.4000","5.1717","0.4687"
"124.4200","5.1726","0.4687"
"124.4400","5.1735","0.4687"
"124.4600","5.1743","0.4687"
"124.4800","5.1752","0.4687"
"124.5000","5.1760","0.4687"
"124.5200","5.1769","0.4687"
"124.5400","5.1777","0.4687"
"124.5600","5.1786","0.4687"
"124.5800","5.1793","0.4687"
"124.6000","5.1801","0.4687"
"124.6200","5.1808","0.4686"
"124.6400","5.1816","0.4686"
"124.6600","5.1824","0.4686"
"124.6800","5.1831","0.4686"
"124.7000","5.1839","0.4686"
"124.7200","5.1847","0.4686"
"124.7400","5.1856","0.4686"
"124.7600","5.1864","0.4686"
"124.7800","5.1873","0.4685"
"124.8000","5.1882","0.4686"
"124.8200","5.1891","0.4686"
"124.8400","5.1901","0.4686"
"124.8600","5.1910","0.4686"
"124.8800","5.1919","0.4686"
"124.9000","5.1928","0.4686"
"124.9200","5.1937","0.4687"
"124.9400","5.1945","0.4686"
"124.9600","5.1953","0.4686"
"124.9800","5.1961","0.4686"
"125.0000","5.1968","0.4686"
"125.0200","5.1975","0.4685"
"125.0400","5.1982","0.4685"
"125.0600","5.1989","0.4685"
"125.0800","5.1996","0.4685"
"125.1000","5.2003","0.4685"
"125.1200","5.2010","0.4684"
"125.1400","5.2017","0.4684"
"125.1600","5.2025","0.4684"
"125.1800","5.2033","0.4684"
"125.2000","5.2041","0.4684"
"125.2200","5.2049","0.4684"
"125.2400","5.2059","0.4684"
"125.2600","5.2068","0.4684"
"125.2800","5.2078","0.4685"
"125.3000","5.2088","0.4685"
"125.3200","5.2098","0.4685"
"125.3400","5.2107","0.4685"
"125.3600","5.2116","0.4685"
"125.3800","5.2125","0.4685"
"125.4000","5.2133","0.4685"
"125.4200","5.2141","0.4685"
"125.4400","5.2149","0.4685"
"125.4600","5.2158","0.4685"
"125.4800","5.2166","0.4685"
"125.5000","5.2174","0.4685"
"125.5200","5.2182","0.4685"
"125.5400","5.2190","0.4684"
"125.5600","5.2199","0.4684"
"125.5800","5.2207","0.4684"
"125.6000","5.2215","0.4684"
"125.6200","5.2223","0.4685"
"125.6400","5.2231","0.4685"
"125.6600","5.2239","0.4684"
"125.6800","5.2247","0.4684"
"125.7000","5.2255","0.4684"
"125.7200","5.2264","0.4684"
"125.7400","5.2272","0.4684"
"125.7600","5.2280","0.4684"
"125.7800","5.2288","0.4684"
"125.8000","5.2296","0.4684"
"125.8200","5.2304","0.4684"
"125.8400","5.2312","0.4684"
"125.8600","5.2319","0.4683"
"125.8800","5.2328","0.4684"
"125.9000","5.2336","0.4683"
"125.9200","5.2344","0.4684"
"125.9400","5.2352","0.4683"
"125.9600","5.2361","0.4683"
"125.9800","5.2369","0.4683"
"126.0000","5.2378","0.4683"
"126.0200","5.2387","0.4683"
"126.0400","5.2397","0.4684"
"126.0600","5.2407","0.4684"
"126.0800","5.2416","0.4685"
"126.1000","5.2426","0.4684"
"126.1200","5.2436","0.4685"
"126.1400","5.2445","0.4684"
"126.1600","5.2454","0.4684"
"126.1800","5.2463","0.4684"
"126.2000","5.2471","0.4684"
"126.2200","5.2479","0.4684"
"126.2400","5.2486","0.4684"
"126.2600","5.2493","0.4684"
"126.2800","5.2500","0.4684"
"126.3000","5.2506","0.4683"
"126.3200","5.2513","0.4683"
"126.3400","5.2520","0.4682"
"126.3600","5.2527","0.4682"
"126.3800","5.2534","0.4682"
"126.4000","5.2542","0.4682"
"126.4200","5.2549","0.4682"
"126.4400","5.2557","0.4682"
"126.4600","5.2566","0.4682"
"126.4800","5.2574","0.4682"
"126.5000","5.2584","0.4682"
"126.5200","5.2593","0.4682"
"126.5400","5.2603","0.4682"
"126.5600","5.2612","0.4682"
"126.5800","5.2622","0.4683"
"126.6000","5.2631","0.4683"
"126.6200","5.2640","0.4683"
"126.6400","5.2648","0.4683"
"126.6600","5.2656","0.4683"
"126.6800","5.2664","0.4682"
"126.7000","5.2673","0.4682"
"126.7200","5.2681","0.4682"
"126.7400","5.2689","0.4682"
"126.7600","5.2697","0.4683"
"126.7800","5.2705","0.4682"
"126.8000","5.2713","0.4682"
"126.8200","5.2721","0.4682"
"126.8400","5.2729","0.4682"
"126.8600","5.2738","0.4682"
"126.8800","5.2746","0.4682"
"126.9000","5.2754","0.4682"
"126.9200","5.2763","0.4682"
"126.9400","5.2771","0.4682"
"126.9600","5.2780","0.4682"
"126.9800","5.2789","0.4682"
"127.0000","5.2798","0.4682"
"127.0200","5.2806","0.4682"
"127.0400","5.2815","0.4682"
"127.0600","5.2823","0.4682"
"127.0800","5.2831","0.4682"
"127.1000","5.2839","0.4682"
"127.1200","5.2847","0.4682"
"127.1400","5.2856","0.4682"
"127.1600","5.2864","0.4682"
"127.1800","5.2872","0.4682"
"127.2000","5.2881","0.4682"
"127.2200","5.2889","0.4681"
"127.2400","5.2898","0.4681"
"127.2600","5.2908","0.4681"
"127.2800","5.2917","0.4682"
"127.3000","5.2927","0.4683"
"127.3200","5.2937","0.4683"
"127.3400","5.2947","0.4683"
"127.3600","5.2957","0.4683"
"127.3800","5.2966","0.4683"
"127.4000","5.2975","0.4682"
"127.4200","5.2984","0.4683"
"127.4400","5.2992","0.4683"
"127.4600","5.3000","0.4683"
"127.4800","5.3007","0.4683"
"127.5000","5.3014","0.4682"
"127.5200","5.3020","0.4682"
"127.5400","5.3027","0.4681"
"127.5600","5.3033","0.4681"
"127.5800","5.3040","0.4680"
"127.6000","5.3047","0.4680"
"127.6200","5.3054","0.4680"
"127.6400","5.3061","0.4680"
"127.6600","5.3069","0.4680"
"127.6800","5.3076","0.4680"
"127.7000","5.3084","0.4680"
"127.7200","5.3093","0.4680"
"127.7400","5.3102","0.4679"
"127.7600","5.3110","0.4680"
"127.7800","5.3120","0.4680"
"127.8000","5.3129","0.4680"
"127.8200","5.3138","0.4680"
"127.8400","5.3147","0.4681"
"127.8600","5.3156","0.4680"
"127.8800","5.3164","0.4680"
"127.9000","5.3172","0.4680"
"127.9200","5.3181","0.4679"
"127.9400","5.3189","0.4680"
"127.9600","5.3198","0.4680"
"127.9800","5.3207","0.4680"
"128.0000","5.3216","0.4680"
"128.0200","5.3224","0.4680"
"128.0400","5.3233","0.4680"
"128.0600","5.3242","0.4680"
"128.0800","5.3250","0.4680"
"128.1000","5.3259","0.4680"
"128.1200","5.3267","0.4680"
"128.1400","5.3276","0.4680"
"128.1600","5.3284","0.4680"
"128.1800","5.3292","0.4680"
"128.2000","5.3300","0.4680"
"128.2200","5.3308","0.4679"
"128.2400","5.3317","0.4679"
"128.2600","5.3325","0.4679"
"128.2800","5.3333","0.4679"
"128.3000","5.3341","0.4679"
"128.3200","5.3349","0.4679"
"128.3400","5.3356","0.4679"
"128.3600","5.3364","0.4679"
"128.3800","5.3372","0.4679"
"128.4000","5.3380","0.4679"
"128.4200","5.3388","0.4678"
"128.4400","5.3396","0.4678"
"128.4600","5.3404","0.4678"
"128.4800","5.3413","0.4678"
"128.5000","5.3422","0.4678"
"128.5200","5.3431","0.4679"
"128.5400","5.3440","0.4679"
"128.5600","5.3450","0.4679"
"128.5800","5.3459","0.4678"
"128.6000","5.3468","0.4679"
"128.6200","5.3477","0.4678"
"128.6400","5.3486","0.4679"
"128.6600","5.3495","0.4679"
"128.6800","5.3504","0.4679"
"128.7000","5.3512","0.4679"
"128.7200","5.3520","0.4679"
"128.7400","5.3527","0.4678"
"128.7600","5.3535","0.4678"
"128.7800","5.3542","0.4678"
"128.8000","5.3549","0.4678"
"128.8200","5.3556","0.4677"
"128.8400","5.3563","0.4677"
"128.8600","5.3569","0.4677"
"128.8800","5.3576","0.4677"
"128.9000","5.3584","0.4676"
"128.9200","5.3591","0.4676"
"128.9400","5.3599","0.4676"
"128.9600","5.3607","0.4676"
"128.9800","5.3616","0.4676"
"129.0000","5.3625","0.4676"
"129.0200","5.3634","0.4676"
"129.0400","5.3644","0.4676"
"129.0600","5.3653","0.4676"
"129.0800","5.3662","0.4677"
"129.1000","5.3671","0.4676"
"129.1200","5.3680","0.4676"
"129.1400","5.3688","0.4676"
"129.1600","5.3696","0.4676"
"129.1800","5.3704","0.4676"
"129.2000","5.3712","0.4676"
"129.2200","5.3721","0.4676"
"129.2400","5.3729","0.4676"
"129.2600","5.3738","0.4676"
"129.2800","5.3746","0.4676"
"129.3000","5.3755","0.4676"
"129.3200","5.3763","0.4676"
"129.3400","5.3772","0.4676"
"129.3600","5.3780","0.4676"
"129.3800","5.3788","0.4676"
"129.4000","5.3797","0.4676"
"129.4200","5.3805","0.4676"
"129.4400","5.3814","0.4676"
"129.4600","5.3822","0.4675"
"129.4800","5.3831","0.4675"
"129.5000","5.3839","0.4676"
"129.5200","5.3848","0.4676"
"129.5400","5.3856","0.4676"
"129.5600","5.3864","0.4676"
"129.5800","5.3872","0.4675"
"129.6000","5.3880","0.4675"
"129.6200","5.3888","0.4675"
"129.6400","5.3896","0.4675"
"129.6600","5.3903","0.4675"
"129.6800","5.3911","0.4675"
"129.7000","5.3919","0.4674"
"129.7200","5.3927","0.4674"
"129.7400","5.3936","0.4674"
"129.7600","5.3945","0.4674"
"129.7800","5.3954","0.4674"
"129.8000","5.3963","0.4674"
"129.8200","5.3972","0.4675"
"129.8400","5.3982","0.4675"
"129.8600","5.3992","0.4675"
"129.8800","5.4001","0.4675"
"129.9000","5.4011","0.4675"
"129.9200","5.4020","0.4675"
"129.9400","5.4029","0.4675"
"129.9600","5.4037","0.4675"
"129.9800","5.4045","0.4675"
"130.0000","5.4052","0.4675"
"130.0200","5.4060","0.4674"
"130.0400","5.4067","0.4674"
"130.0600","5.4074","0.4674"
"130.0800","5.4081","0.4674"
"130.1000","5.4088","0.4674"
"130.1200","5.4095","0.4673"
"130.1400","5.4103","0.4673"
"130.1600","5.4111","0.4673"
"130.1800","5.4119","0.4673"
"130.2000","5.4127","0.4673"
"130.2200","5.4136","0.4673"
"130.2400","5.4146","0.4673"
"130.2600","5.4156","0.4674"
"130.2800","5.4165","0.4674"
"130.3000","5.4175","0.4674"
"130.3200","5.4185","0.4674"
"130.3400","5.4194","0.4674"
"130.3600","5.4203","0.4674"
"130.3800","5.4212","0.4674"
"130.4000","5.4221","0.4674"
"130.4200","5.4229","0.4674"
"130.4400","5.4237","0.4674"
"130.4600","5.4246","0.4674"
"130.4800","5.4254","0.4674"
"130.5000","5.4262","0.4673"
"130.5200","5.4270","0.4674"
"130.5400","5.4278","0.4673"
"130.5600","5.4286","0.4673"
"130.5800","5.4295","0.4673"
"130.6000","5.4303","0.4673"
"130.6200","5.4311","0.4673"
"130.6400","5.4319","0.4673"
"130.6600","5.4326","0.4673"
"130.6800","5.4334","0.4672"
"130.7000","5.4342","0.4672"
"130.7200","5.4350","0.4672"
"130.7400","5.4358","0.4672"
"130.7600","5.4366","0.4672"
"130.7800","5.4374","0.4672"
"130.8000","5.4382","0.4672"
"130.8200","5.4389","0.4672"
"130.8400","5.4397","0.4671"
"130.8600","5.4404","0.4671"
"130.8800","5.4412","0.4671"
"130.9000","5.4420","0.4671"
"130.9200","5.4428","0.4671"
"130.9400","5.4436","0.4671"
"130.9600","5.4444","0.4671"
"130.9800","5.4453","0.4671"
"131.0000","5.4462","0.4671"
"131.0200","5.4471","0.4671"
"131.0400","5.4480","0.4671"
"131.0600","5.4490","0.4671"
"131.0800","5.4500","0.4671"
"131.1000","5.4510","0.4672"
"131.1200","5.4519","0.4672"
"131.1400","5.4529","0.4672"
"131.1600","5.4538","0.4672"
"131.1800","5.4547","0.4672"
"131.2000","5.4555","0.4672"
"131.2200","5.4563","0.4672"
"131.2400","5.4571","0.4672"
"131.2600","5.4578","0.4672"
"131.2800","5.4585","0.4671"
"131.3000","5.4592","0.4671"
"131.3200","5.4598","0.4670"
"131.3400","5.4605","0.4670"
"131.3600","5.4612","0.4670"
"131.3800","5.4619","0.4669"
"131.4000","5.4627","0.4669"
"131.4200","5.4634","0.4669"
"131.4400","5.4642","0.4669"
"131.4600","5.4651","0.4669"
"131.4800","5.4659","0.4669"
"131.5000","5.4669","0.4669"
"131.5200","5.4678","0.4669"
"131.5400","5.4687","0.4669"
"131.5600","5.4696","0.4669"
"131.5800","5.4705","0.4669"
"131.6000","5.4714","0.4670"
"131.6200","5.4723","0.4670"
"131.6400","5.4731","0.4670"
"131.6600","5.4739","0.4669"
"131.6800","5.4747","0.4669"
"131.7000","5.4755","0.4669"
"131.7200","5.4763","0.4668"
"131.7400","5.4771","0.4668"
"131.7600","5.4779","0.4668"
"131.7800","5.4787","0.4669"
"131.8000","5.4796","0.4669"
"131.8200","5.4804","0.4669"
"131.8400","5.4812","0.4669"
"131.8600","5.4821","0.4668"
"131.8800","5.4829","0.4668"
"131.9000","5.4838","0.4668"
"131.9200","5.4846","0.4668"
"131.9400","5.4855","0.4668"
"131.9600","5.4864","0.4668"
"131.9800","5.4873","0.4669"
"132.0000","5.4881","0.4668"
"132.0200","5.4890","0.4668"
"132.0400","5.4899","0.4668"
"132.0600","5.4908","0.4668"
"132.0800","5.4916","0.4668"
"132.1000","5.4924","0.4668"
"132.1200","5.4932","0.4668"
"132.1400","5.4940","0.4668"
"132.1600","5.4948","0.4668"
"132.1800","5.4956","0.4668"
"132.2000","5.4964","0.4668"
"132.2200","5.4973","0.4667"
"132.2400","5.4982","0.4667"
"132.2600","5.4991","0.4668"
"132.2800","5.5001","0.4667"
"132.3000","5.5011","0.4668"
"132.3200","5.5021","0.4669"
"132.3400","5.5031","0.4669"
"132.3600","5.5041","0.4669"
"132.3800","5.5051","0.4669"
"132.4000","5.5060","0.4669"
"132.4200","5.5069","0.4669"
"132.4400","5.5077","0.4668"
"132.4600","5.5084","0.4668"
"132.4800","5.5091","0.4668"
"132.5000","5.5098","0.4668"
"132.5200","5.5104","0.4668"
"132.5400","5.5111","0.4667"
"132.5600","5.5117","0.4666"
"132.5800","5.5124","0.4666"
"132.6000","5.5130","0.4665"
"132.6200","5.5137","0.4665"
"132.6400","5.5144","0.4665"
"132.6600","5.5151","0.4665"
"132.6800","5.5158","0.4665"
"132.7000","5.5166","0.4665"
"132.7200","5.5174","0.4665"
"132.7400","5.5183","0.4665"
"132.7600","5.5192","0.4665"
"132.7800","5.5201","0.4665"
"132.8000","5.5211","0.4665"
"132.8200","5.5220","0.4665"
"132.8400","5.5229","0.4665"
"132.8600","5.5238","0.4665"
"132.8800","5.5246","0.4666"
"132.9000","5.5255","0.4666"
"132.9200","5.5263","0.4665"
"132.9400","5.5271","0.4665"
"132.9600","5.5280","0.4665"
"132.9800","5.5288","0.4665"
"133.0000","5.5297","0.4665"
"133.0200","5.5305","0.4665"
"133.0400","5.5313","0.4665"
"133.0600","5.5322","0.4665"
"133.0800","5.5330","0.4665"
"133.1000","5.5339","0.4665"
"133.1200","5.5347","0.4665"
"133.1400","5.5355","0.4665"
"133.1600","5.5364","0.4665"
"133.1800","5.5372","0.4665"
"133.2000","5.5381","0.4664"
"133.2200","5.5389","0.4664"
"133.2400","5.5398","0.4664"
"133.2600","5.5406","0.4664"
"133.2800","5.5415","0.4664"
"133.3000","5.5423","0.4664"
"133.3200","5.5431","0.4664"
"133.3400","5.5439","0.4664"
"133.3600","5.5447","0.4663"
"133.3800","5.5455","0.4663"
"133.4000","5.5463","0.4663"
"133.4200","5.5471","0.4663"
"133.4400","5.5479","0.4664"
"133.4600","5.5487","0.4664"
"133.4800","5.5496","0.4664"
"133.5000","5.5505","0.4663"
"133.5200","5.5514","0.4663"
"133.5400","5.5523","0.4663"
"133.5600","5.5533","0.4663"
"133.5800","5.5543","0.4664"
"133.6000","5.5553","0.4664"
"133.6200","5.5562","0.4664"
"133.6400","5.5572","0.4664"
"133.6600","5.5580","0.4664"
"133.6800","5.5589","0.4664"
"133.7000","5.5596","0.4664"
"133.7200","5.5604","0.4663"
"133.7400","5.5611","0.4663"
"133.7600","5.5618","0.4662"
"133.7800","5.5624","0.4662"
"133.8000","5.5631","0.4662"
"133.8200","5.5638","0.4662"
"133.8400","5.5645","0.4662"
"133.8600","5.5652","0.4662"
"133.8800","5.5659","0.4661"
"133.9000","5.5666","0.4661"
"133.9200","5.5673","0.4660"
"133.9400","5.5681","0.4660"
"133.9600","5.5689","0.4660"
"133.9800","5.5698","0.4660"
"134.0000","5.5707","0.4661"
"134.0200","5.5716","0.4661"
"134.0400","5.5725","0.4661"
"134.0600","5.5735","0.4661"
"134.0800","5.5744","0.4661"
"134.1000","5.5753","0.4661"
"134.1200","5.5762","0.4661"
"134.1400","5.5770","0.4661"
"134.1600","5.5779","0.4661"
"134.1800","5.5787","0.4661"
"134.2000","5.5796","0.4661"
"134.2200","5.5804","0.4660"
"134.2400","5.5813","0.4660"
"134.2600","5.5821","0.4660"
"134.2800","5.5830","0.4660"
"134.3000","5.5838","0.4660"
"134.3200","5.5847","0.4660"
"134.3400","5.5855","0.4660"
"134.3600","5.5864","0.4660"
"134.3800","5.5872","0.4660"
"134.4000","5.5881","0.4660"
"134.4200","5.5889","0.4660"
"134.4400","5.5898","0.4660"
"134.4600","5.5906","0.4660"
"134.4800","5.5915","0.4660"
"134.5000","5.5923","0.4660"
"134.5200","5.5932","0.4660"
"134.5400","5.5940","0.4660"
"134.5600","5.5948","0.4660"
"134.5800","5.5957","0.4659"
"134.6000","5.5965","0.4659"
"134.6200","5.5973","0.4659"
"134.6400","5.5981","0.4659"
"134.6600","5.5989","0.4659"
"134.6800","5.5997","0.4659"
"134.7000","5.6005","0.4659"
"134.7200","5.6014","0.4659"
"134.7400","5.6023","0.4659"
"134.7600","5.6032","0.4659"
"134.7800","5.6041","0.4659"
"134.8000","5.6051","0.4659"
"134.8200","5.6061","0.4659"
"134.8400","5.6071","0.4660"
"134.8600","5.6080","0.4660"
"134.8800","5.6090","0.4660"
"134.9000","5.6099","0.4660"
"134.9200","5.6108","0.4660"
"134.9400","5.6116","0.4660"
"134.9600","5.6124","0.4659"
"134.9800","5.6131","0.4659"
"135.0000","5.6138","0.4659"
"135.0200","5.6145","0.4659"
"135.0400","5.6151","0.4658"
"135.0600","5.6158","0.4658"
"135.0800","5.6165","0.4657"
"135.1000","5.6172","0.4657"
"135.1200","5.6179","0.4657"
"135.1400","5.6186","0.4656"
"135.1600","5.6194","0.4657"
"135.1800","5.6202","0.4657"
"135.2000","5.6210","0.4657"
"135.2200","5.6219","0.4656"
"135.2400","5.6228","0.4656"
"135.2600","5.6237","0.4657"
"135.2800","5.6247","0.4657"
"135.3000","5.6256","0.4657"
"135.3200","5.6265","0.4657"
"135.3400","5.6274","0.4657"
"135.3600","5.6282","0.4657"
"135.3800","5.6291","0.4657"
"135.4000","5.6299","0.4656"
"135.4200","5.6308","0.4656"
"135.4400","5.6316","0.4656"
"135.4600","5.6325","0.4656"
"135.4800","5.6333","0.4656"
"135.5000","5.6342","0.4656"
"135.5200","5.6350","0.4656"
"135.5400","5.6359","0.4656"
"135.5600","5.6367","0.4656"
"135.5800","5.6376","0.4656"
"135.6000","5.6384","0.4656"
"135.6200","5.6392","0.4656"
"135.6400","5.6400","0.4655"
"135.6600","5.6408","0.4655"
"135.6800","5.6416","0.4655"
"135.7000","5.6424","0.4655"
"135.7200","5.6432","0.4655"
"135.7400","5.6441","0.4655"
"135.7600","5.6449","0.4655"
"135.7800","5.6457","0.4655"
"135.8000","5.6465","0.4655"
"135.8200","5.6473","0.4654"
"135.8400","5.6481","0.4655"
"135.8600","5.6489","0.4654"
"135.8800","5.6496","0.4654"
"135.9000","5.6504","0.4654"
"135.9200","5.6512","0.4654"
"135.9400","5.6520","0.4654"
"135.9600","5.6528","0.4654"
"135.9800","5.6537","0.4654"
"136.0000","5.6545","0.4654"
"136.0200","5.6554","0.4654"
"136.0400","5.6564","0.4654"
"136.0600","5.6573","0.4654"
"136.0800","5.6583","0.4654"
"136.1000","5.6592","0.4654"
"136.1200","5.6602","0.4654"
"136.1400","5.6611","0.4654"
"136.1600","5.6620","0.4654"
"136.1800","5.6629","0.4655"
"136.2000","5.6638","0.4654"
"136.2200","5.6646","0.4654"
"136.2400","5.6654","0.4654"
"136.2600","5.6661","0.4654"
"136.2800","5.6668","0.4653"
"136.3000","5.6675","0.4653"
"136.3200","5.6682","0.4652"
"136.3400","5.6689","0.4652"
"136.3600","5.6695","0.4652"
"136.3800","5.6702","0.4652"
"136.4000","5.6710","0.4652"
"136.4200","5.6717","0.4652"
"136.4400","5.6725","0.4651"
"136.4600","5.6733","0.4651"
"136.4800","5.6742","0.4651"
"136.5000","5.6751","0.4651"
"136.5200","5.6761","0.4651"
"136.5400","5.6770","0.4652"
"136.5600","5.6780","0.4652"
"136.5800","5.6789","0.4652"
"136.6000","5.6798","0.4652"
"136.6200","5.6806","0.4652"
"136.6400","5.6814","0.4652"
"136.6600","5.6822","0.4651"
"136.6800","5.6830","0.4651"
"136.7000","5.6838","0.4651"
"136.7200","5.6846","0.4651"
"136.7400","5.6854","0.4651"
"136.7600","5.6862","0.4651"
"136.7800","5.6870","0.4650"
"136.8000","5.6878","0.4650"
"136.8200","5.6887","0.4650"
"136.8400","5.6895","0.4651"
"136.8600","5.6903","0.4650"
"136.8800","5.6912","0.4650"
"136.9000","5.6920","0.4650"
"136.9200","5.6929","0.4650"
"136.9400","5.6937","0.4650"
"136.9600","5.6946","0.4650"
"136.9800","5.6955","0.4650"
"137.0000","5.6963","0.4650"
"137.0200","5.6972","0.4650"
"137.0400","5.6981","0.4650"
"137.0600","5.6989","0.4650"
"137.0800","5.6997","0.4650"
"137.1000","5.7006","0.4650"
"137.1200","5.7014","0.4650"
"137.1400","5.7022","0.4649"
"137.1600","5.7030","0.4649"
"137.1800","5.7039","0.4649"
"137.2000","5.7047","0.4649"
"137.2200","5.7056","0.4649"
"137.2400","5.7065","0.4649"
"137.2600","5.7074","0.4649"
"137.2800","5.7084","0.4649"
"137.3000","5.7093","0.4649"
"137.3200","5.7103","0.4649"
"137.3400","5.7113","0.4650"
"137.3600","5.7122","0.4650"
"137.3800","5.7132","0.4649"
"137.4000","5.7140","0.4650"
"137.4200","5.7149","0.4649"
"137.4400","5.7157","0.4649"
"137.4600","5.7165","0.4649"
"137.4800","5.7172","0.4649"
"137.5000","5.7180","0.4649"
"137.5200","5.7187","0.4648"
"137.5400","5.7194","0.4648"
"137.5600","5.7201","0.4647"
"137.5800","5.7207","0.4647"
"137.6000","5.7214","0.4647"
"137.6200","5.7221","0.4647"
"137.6400","5.7228","0.4647"
"137.6600","5.7236","0.4646"
"137.6800","5.7244","0.4646"
"137.7000","5.7252","0.4646"
"137.7200","5.7260","0.4646"
"137.7400","5.7269","0.4646"
"137.7600","5.7278","0.4646"
"137.7800","5.7287","0.4647"
"137.8000","5.7297","0.4646"
"137.8200","5.7306","0.4646"
"137.8400","5.7315","0.4646"
"137.8600","5.7324","0.4646"
"137.8800","5.7333","0.4646"
"137.9000","5.7341","0.4646"
"137.9200","5.7350","0.4646"
"137.9400","5.7358","0.4647"
"137.9600","5.7366","0.4646"
"137.9800","5.7375","0.4646"
"138.0000","5.7383","0.4646"
"138.0200","5.7391","0.4646"
"138.0400","5.7400","0.4646"
"138.0600","5.7408","0.4646"
"138.0800","5.7416","0.4646"
"138.1000","5.7425","0.4646"
"138.1200","5.7433","0.4645"
"138.1400","5.7441","0.4645"
"138.1600","5.7449","0.4645"
"138.1800","5.7457","0.4645"
"138.2000","5.7466","0.4645"
"138.2200","5.7474","0.4645"
"138.2400","5.7482","0.4644"
"138.2600","5.7490","0.4644"
"138.2800","5.7498","0.4644"
"138.3000","5.7506","0.4645"
"138.3200","5.7514","0.4645"
"138.3400","5.7522","0.4645"
"138.3600","5.7530","0.4644"
"138.3800","5.7537","0.4643"
"138.4000","5.7545","0.4643"
"138.4200","5.7553","0.4643"
"138.4400","5.7562","0.4643"
"138.4600","5.7570","0.4644"
"138.4800","5.7579","0.4644"
"138.5000","5.7588","0.4643"
"138.5200","5.7597","0.4643"
"138.5400","5.7606","0.4643"
"138.5600","5.7616","0.4643"
"138.5800","5.7626","0.4644"
"138.6000","5.7636","0.4644"
"138.6200","5.7646","0.4644"
"138.6400","5.7655","0.4644"
"138.6600","5.7664","0.4644"
"138.6800","5.7672","0.4644"
"138.7000","5.7680","0.4644"
"138.7200","5.7687","0.4643"
"138.7400","5.7694","0.4643"
"138.7600","5.7701","0.4643"
"138.7800","5.7708","0.4642"
"138.8000","5.7715","0.4642"
"138.8200","5.7721","0.4642"
"138.8400","5.7728","0.4642"
"138.8600","5.7735","0.4641"
"138.8800","5.7742","0.4641"
"138.9000","5.7750","0.4641"
"138.9200","5.7757","0.4640"
"138.9400","5.7765","0.4640"
"138.9600","5.7774","0.4640"
"138.9800","5.7782","0.4640"
"139.0000","5.7791","0.4641"
"139.0200","5.7801","0.4641"
"139.0400","5.7810","0.4641"
"139.0600","5.7820","0.4641"
"139.0800","5.7829","0.4641"
"139.1000","5.7838","0.4641"
"139.1200","5.7847","0.4641"
"139.1400","5.7855","0.4641"
"139.1600","5.7864","0.4641"
"139.1800","5.7872","0.4641"
"139.2000","5.7881","0.4641"
"139.2200","5.7890","0.4641"
"139.2400","5.7898","0.4641"
"139.2600","5.7907","0.4641"
"139.2800","5.7916","0.4641"
"139.3000","5.7925","0.4641"
"139.3200","5.7933","0.4641"
"139.3400","5.7942","0.4640"
"139.3600","5.7951","0.4641"
"139.3800","5.7959","0.4640"
"139.4000","5.7968","0.4640"
"139.4200","5.7976","0.4640"
"139.4400","5.7985","0.4640"
"139.4600","5.7994","0.4640"
"139.4800","5.8002","0.4640"
"139.5000","5.8011","0.4640"
"139.5200","5.8019","0.4640"
"139.5400","5.8028","0.4640"
"139.5600","5.8036","0.4640"
"139.5800","5.8044","0.4640"
"139.6000","5.8052","0.4639"
"139.6200","5.8060","0.4639"
"139.6400","5.8067","0.4639"
"139.6600","5.8075","0.4639"
"139.6800","5.8082","0.4639"
"139.7000","5.8090","0.4638"
"139.7200","5.8099","0.4638"
"139.7400","5.8108","0.4638"
"139.7600","5.8116","0.4638"
"139.7800","5.8125","0.4638"
"139.8000","5.8135","0.4638"
"139.8200","5.8144","0.4639"
"139.8400","5.8153","0.4639"
"139.8600","5.8163","0.4639"
"139.8800","5.8172","0.4639"
"139.9000","5.8181","0.4639"
"139.9200","5.8190","0.4639"
"139.9400","5.8199","0.4638"
"139.9600","5.8207","0.4638"
"139.9800","5.8214","0.4638"
"140.0000","5.8221","0.4638"
"140.0200","5.8227","0.4637"
"140.0400","5.8234","0.4637"
"140.0600","5.8240","0.4637"
"140.0800","5.8247","0.4636"
"140.1000","5.8254","0.4636"
"140.1200","5.8260","0.4635"
"140.1400","5.8267","0.4635"
"140.1600","5.8275","0.4635"
"140.1800","5.8283","0.4635"
"140.2000","5.8291","0.4635"
"140.2200","5.8299","0.4635"
"140.2400","5.8308","0.4635"
"140.2600","5.8318","0.4635"
"140.2800","5.8327","0.4635"
"140.3000","5.8336","0.4635"
"140.3200","5.8346","0.4635"
"140.3400","5.8355","0.4635"
"140.3600","5.8364","0.4635"
"140.3800","5.8372","0.4635"
"140.4000","5.8381","0.4635"
"140.4200","5.8389","0.4635"
"140.4400","5.8397","0.4635"
"140.4600","5.8405","0.4635"
"140.4800","5.8414","0.4634"
"140.5000","5.8422","0.4635"
"140.5200","5.8430","0.4635"
"140.5400","5.8439","0.4635"
"140.5600","5.8447","0.4634"
"140.5800","5.8456","0.4634"
"140.6000","5.8464","0.4634"
"140.6200","5.8473","0.4634"
"140.6400","5.8481","0.4634"
"140.6600","5.8490","0.4634"
"140.6800","5.8498","0.4634"
"140.7000","5.8506","0.4634"
"140.7200","5.8514","0.4634"
"140.7400","5.8522","0.4634"
"140.7600","5.8530","0.4633"
"140.7800","5.8538","0.4633"
"140.8000","5.8546","0.4633"
"140.8200","5.8554","0.4633"
"140.8400","5.8561","0.4633"
"140.8600","5.8569","0.4632"
"140.8800","5.8577","0.4632"
"140.9000","5.8585","0.4632"
"140.9200","5.8593","0.4632"
"140.9400","5.8601","0.4632"
"140.9600","5.8609","0.4632"
"140.9800","5.8617","0.4632"
"141.0000","5.8626","0.4631"
"141.0200","5.8635","0.4632"
"141.0400","5.8644","0.4632"
"141.0600","5.8654","0.4632"
"141.0800","5.8663","0.4632"
"141.1000","5.8673","0.4632"
"141.1200","5.8683","0.4632"
"141.1400","5.8692","0.4632"
"141.1600","5.8702","0.4632"
"141.1800","5.8710","0.4632"
"141.2000","5.8719","0.4632"
"141.2200","5.8727","0.4632"
"141.2400","5.8735","0.4632"
"141.2600","5.8742","0.4632"
"141.2800","5.8749","0.4631"
"141.3000","5.8757","0.4631"
"141.3200","5.8764","0.4631"
"141.3400","5.8770","0.4630"
"141.3600","5.8777","0.4630"
"141.3800","5.8785","0.4630"
"141.4000","5.8792","0.4630"
"141.4200","5.8800","0.4629"
"141.4400","5.8808","0.4629"
"141.4600","5.8816","0.4629"
"141.4800","5.8825","0.4629"
"141.5000","5.8835","0.4629"
"141.5200","5.8844","0.4629"
"141.5400","5.8854","0.4630"
"141.5600","5.8864","0.4630"
"141.5800","5.8874","0.4630"
"141.6000","5.8883","0.4630"
"141.6200","5.8892","0.4630"
"141.6400","5.8901","0.4630"
"141.6600","5.8909","0.4630"
"141.6800","5.8917","0.4630"
"141.7000","5.8925","0.4630"
"141.7200","5.8933","0.4630"
"141.7400","5.8941","0.4629"
"141.7600","5.8949","0.4629"
"141.7800","5.8957","0.4629"
"141.8000","5.8965","0.4629"
"141.8200","5.8973","0.4629"
"141.8400","5.8981","0.4628"
"141.8600","5.8989","0.4628"
"141.8800","5.8998","0.4628"
"141.9000","5.9006","0.4628"
"141.9200","5.9014","0.4628"
"141.9400","5.9023","0.4628"
"141.9600","5.9031","0.4628"
"141.9800","5.9040","0.4628"
"142.0000","5.9049","0.4628"
"142.0200","5.9057","0.4628"
"142.0400","5.9066","0.4628"
"142.0600","5.9074","0.4628"
"142.0800","5.9082","0.4628"
"142.1000","5.9090","0.4627"
"142.1200","5.9098","0.4627"
"142.1400","5.9106","0.4627"
"142.1600","5.9114","0.4627"
"142.1800","5.9122","0.4627"
"142.2000","5.9130","0.4627"
"142.2200","5.9139","0.4627"
"142.2400","5.9148","0.4627"
"142.2600","5.9157","0.4627"
"142.2800","5.9167","0.4627"
"142.3000","5.9176","0.4627"
"142.3200","5.9186","0.4627"
"142.3400","5.9196","0.4627"
"142.3600","5.9206","0.4627"
"142.3800","5.9216","0.4628"
"142.4000","5.9225","0.4628"
"142.4200","5.9234","0.4628"
"142.4400","5.9242","0.4627"
"142.4600","5.9249","0.4627"
"142.4800","5.9257","0.4627"
"142.5000","5.9263","0.4626"
"142.5200","5.9270","0.4626"
"142.5400","5.9276","0.4626"
"142.5600","5.9283","0.4625"
"142.5800","5.9290","0.4625"
"142.6000","5.9296","0.4625"
"142.6200","5.9304","0.4624"
"142.6400","5.9311","0.4624"
"142.6600","5.9318","0.4624"
"142.6800","5.9326","0.4624"
"142.7000","5.9334","0.4624"
"142.7200","5.9342","0.4624"
"142.7400","5.9351","0.4624"
"142.7600","5.9360","0.4624"
"142.7800","5.9369","0.4624"
"142.8000","5.9378","0.4624"
"142.8200","5.9387","0.4624"
"142.8400","5.9396","0.4624"
"142.8600","5.9405","0.4624"
"142.8800","5.9413","0.4624"
"142.9000","5.9422","0.4624"
"142.9200","5.9430","0.4624"
"142.9400","5.9439","0.4624"
"142.9600","5.9447","0.4623"
"142.9800","5.9456","0.4623"
"143.0000","5.9465","0.4623"
"143.0200","5.9473","0.4623"
"143.0400","5.9482","0.4623"
"143.0600","5.9491","0.4623"
"143.0800","5.9499","0.4623"
"143.1000","5.9508","0.4623"
"143.1200","5.9516","0.4623"
"143.1400","5.9525","0.4623"
"143.1600","5.9533","0.4622"
"143.1800","5.9541","0.4622"
"143.2000","5.9549","0.4622"
"143.2200","5.9557","0.4622"
"143.2400","5.9565","0.4622"
"143.2600","5.9573","0.4622"
"143.2800","5.9581","0.4622"
"143.3000","5.9589","0.4622"
"143.3200","5.9597","0.4622"
"143.3400","5.9605","0.4621"
"143.3600","5.9613","0.4621"
"143.3800","5.9621","0.4621"
"143.4000","5.9629","0.4621"
"143.4200","5.9637","0.4621"
"143.4400","5.9645","0.4621"
"143.4600","5.9654","0.4621"
"143.4800","5.9663","0.4620"
"143.5000","5.9671","0.4620"
"143.5200","5.9681","0.4621"
"143.5400","5.9690","0.4621"
"143.5600","5.9700","0.4621"
"143.5800","5.9710","0.4621"
"143.6000","5.9719","0.4621"
"143.6200","5.9729","0.4621"
"143.6400","5.9738","0.4621"
"143.6600","5.9747","0.4621"
"143.6800","5.9756","0.4621"
"143.7000","5.9764","0.4621"
"143.7200","5.9772","0.4621"
"143.7400","5.9779","0.4620"
"143.7600","5.9785","0.4620"
"143.7800","5.9792","0.4620"
"143.8000","5.9799","0.4619"
"143.8200","5.9806","0.4619"
"143.8400","5.9812","0.4619"
"143.8600","5.9819","0.4618"
"143.8800","5.9826","0.4618"
"143.9000","5.9833","0.4618"
"143.9200","5.9841","0.4617"
"143.9400","5.9849","0.4617"
"143.9600","5.9857","0.4617"
"143.9800","5.9865","0.4617"
"144.0000","5.9874","0.4617"
"144.0200","5.9884","0.4617"
"144.0400","5.9893","0.4617"
"144.0600","5.9903","0.4617"
"144.0800","5.9912","0.4618"
"144.1000","5.9921","0.4618"
"144.1200","5.9930","0.4618"
"144.1400","5.9939","0.4618"
"144.1600","5.9947","0.4617"
"144.1800","5.9955","0.4617"
"144.2000","5.9963","0.4617"
"144.2200","5.9972","0.4617"
"144.2400","5.9980","0.4617"
"144.2600","5.9989","0.4617"
"144.2800","5.9997","0.4617"
"144.3000","6.0005","0.4617"
"144.3200","6.0014","0.4617"
"144.3400","6.0022","0.4617"
"144.3600","6.0031","0.4617"
"144.3800","6.0039","0.4617"
"144.4000","6.0048","0.4616"
"144.4200","6.0056","0.4616"
"144.4400","6.0064","0.4616"
"144.4600","6.0073","0.4616"
"144.4800","6.0081","0.4616"
"144.5000","6.0090","0.4616"
"144.5200","6.0099","0.4616"
"144.5400","6.0107","0.4616"
"144.5600","6.0116","0.4616"
"144.5800","6.0124","0.4615"
"144.6000","6.0132","0.4615"
"144.6200","6.0141","0.4615"
"144.6400","6.0149","0.4615"
"144.6600","6.0157","0.4615"
"144.6800","6.0166","0.4615"
"144.7000","6.0174","0.4615"
"144.7200","6.0182","0.4615"
"144.7400","6.0191","0.4615"
"144.7600","6.0199","0.4615"
"144.7800","6.0208","0.4615"
"144.8000","6.0218","0.4615"
"144.8200","6.0227","0.4615"
"144.8400","6.0236","0.4615"
"144.8600","6.0246","0.4615"
"144.8800","6.0255","0.4615"
"144.9000","6.0264","0.4615"
"144.9200","6.0273","0.4615"
"144.9400","6.0281","0.4615"
"144.9600","6.0289","0.4614"
"144.9800","6.0296","0.4614"
"145.0000","6.0303","0.4614"
"145.0200","6.0310","0.4613"
"145.0400","6.0317","0.4613"
"145.0600","6.0323","0.4613"
"145.0800","6.0330","0.4613"
"145.1000","6.0337","0.4612"
"145.1200","6.0344","0.4612"
"145.1400","6.0352","0.4611"
"145.1600","6.0359","0.4612"
"145.1800","6.0367","0.4611"
"145.2000","6.0376","0.4611"
"145.2200","6.0384","0.4612"
"145.2400","6.0394","0.4612"
"145.2600","6.0403","0.4611"
"145.2800","6.0413","0.4611"
"145.3000","6.0422","0.4612"
"145.3200","6.0432","0.4612"
"145.3400","6.0441","0.4612"
"145.3600","6.0450","0.4612"
"145.3800","6.0459","0.4612"
"145.4000","6.0467","0.4612"
"145.4200","6.0476","0.4611"
"145.4400","6.0484","0.4611"
"145.4600","6.0492","0.4611"
"145.4800","6.0500","0.4611"
"145.5000","6.0508","0.4611"
"145.5200","6.0516","0.4611"
"145.5400","6.0525","0.4611"
"145.5600","6.0533","0.4611"
"145.5800","6.0541","0.4611"
"145.6000","6.0550","0.4611"
"145.6200","6.0558","0.4610"
"145.6400","6.0567","0.4610"
"145.6600","6.0575","0.4610"
"145.6800","6.0583","0.4610"
"145.7000","6.0591","0.4610"
"145.7200","6.0599","0.4610"
"145.7400","6.0607","0.4610"
"145.7600","6.0615","0.4610"
"145.7800","6.0623","0.4609"
"145.8000","6.0631","0.4609"
"145.8200","6.0638","0.4609"
"145.8400","6.0646","0.4609"
"145.8600","6.0654","0.4609"
"145.8800","6.0661","0.4609"
"145.9000","6.0669","0.4608"
"145.9200","6.0677","0.4608"
"145.9400","6.0685","0.4608"
"145.9600","6.0693","0.4608"
"145.9800","6.0701","0.4607"
"146.0000","6.0710","0.4608"
"146.0200","6.0719","0.4608"
"146.0400","6.0729","0.4608"
"146.0600","6.0738","0.4608"
"146.0800","6.0748","0.4608"
"146.1000","6.0758","0.4608"
"146.1200","6.0768","0.4608"
"146.1400","6.0777","0.4608"
"146.1600","6.0787","0.4608"
"146.1800","6.0796","0.4608"
"146.2000","6.0805","0.4608"
"146.2200","6.0813","0.4608"
"146.2400","6.0821","0.4608"
"146.2600","6.0828","0.4608"
"146.2800","6.0835","0.4607"
"146.3000","6.0842","0.4607"
"146.3200","6.0848","0.4606"
"146.3400","6.0855","0.4606"
"146.3600","6.0862","0.4605"
"146.3800","6.0869","0.4605"
"146.4000","6.0876","0.4605"
"146.4200","6.0884","0.4605"
"146.4400","6.0892","0.4605"
"146.4600","6.0901","0.4605"
"146.4800","6.0909","0.4605"
"146.5000","6.0919","0.4605"
"146.5200","6.0928","0.4605"
"146.5400","6.0938","0.4605"
"146.5600","6.0948","0.4605"
"146.5800","6.0957","0.4605"
"146.6000","6.0967","0.4605"
"146.6200","6.0975","0.4606"
"146.6400","6.0984","0.4605"
"146.6600","6.0992","0.4605"
"146.6800","6.1001","0.4605"
"146.7000","6.1009","0.4605"
"146.7200","6.1017","0.4605"
"146.7400","6.1025","0.4605"
"146.7600","6.1033","0.4605"
"146.7800","6.1042","0.4605"
"146.8000","6.1050","0.4604"
"146.8200","6.1058","0.4604"
"146.8400","6.1067","0.4604"
"146.8600","6.1075","0.4604"
"146.8800","6.1084","0.4604"
"146.9000","6.1092","0.4604"
"146.9200","6.1101","0.4604"
"146.9400","6.1110","0.4604"
"146.9600","6.1118","0.4604"
"146.9800","6.1127","0.4604"
"147.0000","6.1136","0.4604"
"147.0200","6.1144","0.4603"
"147.0400","6.1153","0.4603"
"147.0600","6.1161","0.4603"
"147.0800","6.1169","0.4603"
"147.1000","6.1177","0.4603"
"147.1200","6.1185","0.4603"
"147.1400","6.1192","0.4603"
"147.1600","6.1200","0.4603"
"147.1800","6.1208","0.4602"
"147.2000","6.1217","0.4602"
"147.2200","6.1225","0.4602"
"147.2400","6.1234","0.4602"
"147.2600","6.1244","0.4602"
"147.2800","6.1254","0.4602"
"147.3000","6.1263","0.4603"
"147.3200","6.1273","0.4603"
"147.3400","6.1283","0.4603"
"147.3600","6.1292","0.4603"
"147.3800","6.1301","0.4603"
"147.4000","6.1310","0.4602"
"147.4200","6.1318","0.4602"
"147.4400","6.1326","0.4602"
"147.4600","6.1334","0.4602"
"147.4800","6.1341","0.4602"
"147.5000","6.1347","0.4601"
"147.5200","6.1354","0.4601"
"147.5400","6.1360","0.4600"
"147.5600","6.1367","0.4600"
"147.5800","6.1373","0.4600"
"147.6000","6.1380","0.4599"
"147.6200","6.1386","0.4599"
"147.6400","6.1393","0.4599"
"147.6600","6.1400","0.4598"
"147.6800","6.1408","0.4598"
"147.7000","6.1415","0.4598"
"147.7200","6.1423","0.4598"
"147.7400","6.1432","0.4598"
"147.7600","6.1440","0.4598"
"147.7800","6.1449","0.4598"
"147.8000","6.1458","0.4598"
"147.8200","6.1467","0.4598"
"147.8400","6.1475","0.4598"
"147.8600","6.1484","0.4598"
"147.8800","6.1492","0.4598"
"147.9000","6.1501","0.4597"
"147.9200","6.1509","0.4597"
"147.9400","6.1517","0.4597"
"147.9600","6.1525","0.4597"
"147.9800","6.1534","0.4597"
"148.0000","6.1542","0.4597"
"148.0200","6.1550","0.4597"
"148.0400","6.1559","0.4597"
"148.0600","6.1567","0.4597"
"148.0800","6.1576","0.4597"
"148.1000","6.1585","0.4597"
"148.1200","6.1593","0.4597"
"148.1400","6.1602","0.4597"
"148.1600","6.1611","0.4597"
"148.1800","6.1619","0.4596"
"148.2000","6.1628","0.4596"
"148.2200","6.1637","0.4596"
"148.2400","6.1645","0.4596"
"148.2600","6.1654","0.4596"
"148.2800","6.1662","0.4596"
"148.3000","6.1671","0.4596"
"148.3200","6.1679","0.4596"
"148.3400","6.1687","0.4596"
"148.3600","6.1695","0.4596"
"148.3800","6.1703","0.4595"
"148.4000","6.1711","0.4595"
"148.4200","6.1719","0.4595"
"148.4400","6.1727","0.4595"
"148.4600","6.1736","0.4595"
"148.4800","6.1744","0.4595"
"148.5000","6.1754","0.4595"
"148.5200","6.1763","0.4595"
"148.5400","6.1773","0.4595"
"148.5600","6.1783","0.4595"
"148.5800","6.1793","0.4595"
"148.6000","6.1803","0.4595"
"148.6200","6.1813","0.4596"
"148.6400","6.1822","0.4596"
"148.6600","6.1830","0.4596"
"148.6800","6.1839","0.4596"
"148.7000","6.1846","0.4595"
"148.7200","6.1854","0.4595"
"148.7400","6.1861","0.4594"
"148.7600","6.1868","0.4594"
"148.7800","6.1875","0.4594"
"148.8000","6.1882","0.4594"
"148.8200","6.1889","0.4593"
"148.8400","6.1895","0.4593"
"148.8600","6.1902","0.4593"
"148.8800","6.1909","0.4592"
"148.9000","6.1917","0.4592"
"148.9200","6.1924","0.4592"
"148.9400","6.1932","0.4592"
"148.9600","6.1940","0.4592"
"148.9800","6.1949","0.4592"
"149.0000","6.1958","0.4592"
"149.0200","6.1967","0.4592"
"149.0400","6.1977","0.4592"
"149.0600","6.1987","0.4592"
"149.0800","6.1996","0.4592"
"149.1000","6.2006","0.4592"
"149.1200","6.2015","0.4592"
"149.1400","6.2024","0.4592"
"149.1600","6.2033","0.4592"
"149.1800","6.2041","0.4592"
"149.2000","6.2050","0.4592"
"149.2200","6.2058","0.4592"
"149.2400","6.2066","0.4592"
"149.2600","6.2074","0.4592"
"149.2800","6.2083","0.4591"
"149.3000","6.2091","0.4592"
"149.3200","6.2099","0.4591"
"149.3400","6.2108","0.4591"
"149.3600","6.2116","0.4591"
"149.3800","6.2124","0.4591"
"149.4000","6.2133","0.4591"
"149.4200","6.2141","0.4591"
"149.4400","6.2150","0.4591"
"149.4600","6.2158","0.4591"
"149.4800","6.2167","0.4591"
"149.5000","6.2176","0.4591"
"149.5200","6.2184","0.4590"
"149.5400","6.2192","0.4590"
"149.5600","6.2201","0.4590"
"149.5800","6.2209","0.4590"
"149.6000","6.2217","0.4590"
"149.6200","6.2224","0.4590"
"149.6400","6.2232","0.4589"
"149.6600","6.2240","0.4589"
"149.6800","6.2248","0.4589"
"149.7000","6.2255","0.4589"
"149.7200","6.2263","0.4589"
"149.7400","6.2271","0.4588"
"149.7600","6.2280","0.4589"
"149.7800","6.2288","0.4589"
"149.8000","6.2298","0.4589"
"149.8200","6.2307","0.4589"
"149.8400","6.2317","0.4589"
"149.8600","6.2326","0.4589"
"149.8800","6.2336","0.4589"
"149.9000","6.2345","0.4589"
"149.9200","6.2354","0.4589"
"149.9400","6.2363","0.4589"
"149.9600","6.2371","0.4589"
"149.9800","6.2379","0.4588"
"150.0000","6.2386","0.4588"
"150.0200","6.2393","0.4588"
"150.0400","6.2400","0.4588"
"150.0600","6.2407","0.4587"
"150.0800","6.2414","0.4587"
"150.1000","6.2421","0.4587"
"150.1200","6.2428","0.4586"
"150.1400","6.2435","0.4586"
"150.1600","6.2443","0.4586"
"150.1800","6.2451","0.4586"
"150.2000","6.2459","0.4586"
"150.2200","6.2468","0.4585"
"150.2400","6.2477","0.4585"
"150.2600","6.2486","0.4586"
"150.2800","6.2495","0.4586"
"150.3000","6.2505","0.4586"
"150.3200","6.2515","0.4586"
"150.3400","6.2524","0.4586"
"150.3600","6.2533","0.4586"
"150.3800","6.2542","0.4586"
"150.4000","6.2550","0.4586"
"150.4200","6.2559","0.4586"
"150.4400","6.2568","0.4586"
"150.4600","6.2576","0.4586"
"150.4800","6.2585","0.4586"
"150.5000","6.2593","0.4586"
"150.5200","6.2602","0.4586"
"150.5400","6.2610","0.4586"
"150.5600","6.2619","0.4585"
"150.5800","6.2627","0.4585"
"150.6000","6.2635","0.4585"
"150.6200","6.2643","0.4585"
"150.6400","6.2651","0.4584"
"150.6600","6.2659","0.4584"
"150.6800","6.2667","0.4584"
"150.7000","6.2674","0.4584"
"150.7200","6.2682","0.4584"
"150.7400","6.2690","0.4584"
"150.7600","6.2698","0.4583"
"150.7800","6.2705","0.4583"
"150.8000","6.2713","0.4583"
"150.8200","6.2721","0.4583"
"150.8400","6.2729","0.4583"
"150.8600","6.2737","0.4583"
"150.8800","6.2745","0.4582"
"150.9000","6.2753","0.4582"
"150.9200","6.2761","0.4582"
"150.9400","6.2769","0.4582"
"150.9600","6.2777","0.4582"
"150.9800","6.2786","0.4582"
"151.0000","6.2795","0.4582"
"151.0200","6.2804","0.4582"
"151.0400","6.2814","0.4582"
"151.0600","6.2824","0.4582"
"151.0800","6.2833","0.4582"
"151.1000","6.2843","0.4582"
"151.1200","6.2853","0.4582"
"151.1400","6.2862","0.4582"
"151.1600","6.2871","0.4582"
"151.1800","6.2880","0.4582"
"151.2000","6.2889","0.4582"
"151.2200","6.2897","0.4582"
"151.2400","6.2904","0.4582"
"151.2600","6.2911","0.4582"
"151.2800","6.2919","0.4581"
"151.3000","6.2926","0.4581"
"151.3200","6.2932","0.4580"
"151.3400","6.2939","0.4580"
"151.3600","6.2946","0.4580"
"151.3800","6.2953","0.4580"
"151.4000","6.2960","0.4579"
"151.4200","6.2968","0.4579"
"151.4400","6.2975","0.4579"
"151.4600","6.2984","0.4579"
"151.4800","6.2992","0.4579"
"151.5000","6.3001","0.4579"
"151.5200","6.3010","0.4579"
"151.5400","6.3020","0.4579"
"151.5600","6.3029","0.4579"
"151.5800","6.3038","0.4579"
"151.6000","6.3047","0.4579"
"151.6200","6.3055","0.4579"
"151.6400","6.3063","0.4578"
"151.6600","6.3071","0.4578"
"151.6800","6.3079","0.4578"
"151.7000","6.3087","0.4578"
"151.7200","6.3095","0.4578"
"151.7400","6.3103","0.4578"
"151.7600","6.3111","0.4578"
"151.7800","6.3120","0.4577"
"151.8000","6.3128","0.4577"
"151.8200","6.3137","0.4577"
"151.8400","6.3145","0.4577"
"151.8600","6.3154","0.4577"
"151.8800","6.3162","0.4577"
"151.9000","6.3171","0.4577"
"151.9200","6.3179","0.4577"
"151.9400","6.3188","0.4577"
"151.9600","6.3196","0.4577"
"151.9800","6.3205","0.4577"
"152.0000","6.3214","0.4577"
"152.0200","6.3222","0.4577"
"152.0400","6.3231","0.4577"
"152.0600","6.3239","0.4577"
"152.0800","6.3248","0.4576"
"152.1000","6.3256","0.4576"
"152.1200","6.3264","0.4576"
"152.1400","6.3273","0.4576"
"152.1600","6.3281","0.4576"
"152.1800","6.3289","0.4576"
"152.2000","6.3298","0.4576"
"152.2200","6.3307","0.4576"
"152.2400","6.3315","0.4576"
"152.2600","6.3325","0.4576"
"152.2800","6.3334","0.4576"
"152.3000","6.3344","0.4576"
"152.3200","6.3354","0.4576"
"152.3400","6.3364","0.4576"
"152.3600","6.3373","0.4576"
"152.3800","6.3383","0.4576"
"152.4000","6.3392","0.4576"
"152.4200","6.3400","0.4576"
"152.4400","6.3408","0.4576"
"152.4600","6.3416","0.4575"
"152.4800","6.3423","0.4575"
"152.5000","6.3430","0.4575"
"152.5200","6.3437","0.4574"
"152.5400","6.3443","0.4574"
"152.5600","6.3450","0.4573"
"152.5800","6.3456","0.4573"
"152.6000","6.3463","0.4573"
"152.6200","6.3470","0.4573"
"152.6400","6.3477","0.4572"
"152.6600","6.3484","0.4572"
"152.6800","6.3491","0.4572"
"152.7000","6.3499","0.4571"
"152.7200","6.3507","0.4571"
"152.7400","6.3516","0.4571"
"152.7600","6.3525","0.4572"
"152.7800","6.3534","0.4572"
"152.8000","6.3544","0.4572"
"152.8200","6.3553","0.4572"
"152.8400","6.3562","0.4572"
"152.8600","6.3571","0.4572"
"152.8800","6.3580","0.4572"
"152.9000","6.3589","0.4572"
"152.9200","6.3597","0.4572"
"152.9400","6.3605","0.4571"
"152.9600","6.3613","0.4571"
"152.9800","6.3622","0.4571"
"153.0000","6.3630","0.4571"
"153.0200","6.3638","0.4571"
"153.0400","6.3646","0.4571"
"153.0600","6.3655","0.4571"
"153.0800","6.3663","0.4570"
"153.1000","6.3672","0.4570"
"153.1200","6.3680","0.4570"
"153.1400","6.3689","0.4570"
"153.1600","6.3697","0.4570"
"153.1800","6.3706","0.4570"
"153.2000","6.3714","0.4570"
"153.2200","6.3723","0.4570"
"153.2400","6.3731","0.4570"
"153.2600","6.3740","0.4570"
"153.2800","6.3748","0.4570"
"153.3000","6.3757","0.4570"
"153.3200","6.3765","0.4569"
"153.3400","6.3773","0.4569"
"153.3600","6.3781","0.4569"
"153.3800","6.3789","0.4569"
"153.4000","6.3797","0.4568"
"153.4200","6.3805","0.4568"
"153.4400","6.3814","0.4568"
"153.4600","6.3822","0.4568"
"153.4800","6.3831","0.4568"
"153.5000","6.3840","0.4568"
"153.5200","6.3849","0.4568"
"153.5400","6.3859","0.4568"
"153.5600","6.3868","0.4568"
"153.5800","6.3878","0.4568"
"153.6000","6.3887","0.4568"
"153.6200","6.3896","0.4569"
"153.6400","6.3905","0.4568"
"153.6600","6.3914","0.4568"
"153.6800","6.3922","0.4568"
"153.7000","6.3930","0.4568"
"153.7200","6.3938","0.4568"
"153.7400","6.3945","0.4567"
"153.7600","6.3952","0.4567"
"153.7800","6.3959","0.4567"
"153.8000","6.3966","0.4567"
"153.8200","6.3973","0.4566"
"153.8400","6.3980","0.4566"
"153.8600","6.3987","0.4565"
"153.8800","6.3994","0.4565"
"153.9000","6.4002","0.4565"
"153.9200","6.4009","0.4565"
"153.9400","6.4017","0.4564"
"153.9600","6.4026","0.4564"
"153.9800","6.4035","0.4564"
"154.0000","6.4044","0.4565"
"154.0200","6.4054","0.4565"
"154.0400","6.4064","0.4565"
"154.0600","6.4073","0.4565"
"154.0800","6.4082","0.4565"
"154.1000","6.4092","0.4565"
"154.1200","6.4100","0.4565"
"154.1400","6.4109","0.4565"
"154.1600","6.4118","0.4564"
"154.1800","6.4126","0.4564"
"154.2000","6.4134","0.4564"
"154.2200","6.4143","0.4564"
"154.2400","6.4151","0.4564"
"154.2600","6.4159","0.4564"
"154.2800","6.4167","0.4564"
"154.3000","6.4176","0.4564"
"154.3200","6.4184","0.4564"
"154.3400","6.4193","0.4563"
"154.3600","6.4201","0.4563"
"154.3800","6.4210","0.4564"
"154.4000","6.4218","0.4563"
"154.4200","6.4227","0.4563"
"154.4400","6.4235","0.4563"
"154.4600","6.4244","0.4563"
"154.4800","6.4252","0.4563"
"154.5000","6.4261","0.4563"
"154.5200","6.4269","0.4563"
"154.5400","6.4278","0.4563"
"154.5600","6.4286","0.4562"
"154.5800","6.4294","0.4562"
"154.6000","6.4301","0.4562"
"154.6200","6.4309","0.4562"
"154.6400","6.4316","0.4561"
"154.6600","6.4323","0.4561"
"154.6800","6.4331","0.4561"
"154.7000","6.4339","0.4561"
"154.7200","6.4347","0.4561"
"154.7400","6.4355","0.4561"
"154.7600","6.4364","0.4561"
"154.7800","6.4373","0.4561"
"154.8000","6.4382","0.4561"
"154.8200","6.4391","0.4561"
"154.8400","6.4400","0.4561"
"154.8600","6.4410","0.4560"
"154.8800","6.4419","0.4560"
"154.9000","6.4429","0.4561"
"154.9200","6.4438","0.4561"
"154.9400","6.4446","0.4561"
"154.9600","6.4454","0.4561"
"154.9800","6.4462","0.4560"
"155.0000","6.4469","0.4560"
"155.0200","6.4476","0.4559"
"155.0400","6.4482","0.4559"
"155.0600","6.4489","0.4559"
"155.0800","6.4496","0.4558"
"155.1000","6.4502","0.4558"
"155.1200","6.4509","0.4558"
"155.1400","6.4516","0.4557"
"155.1600","6.4524","0.4557"
"155.1800","6.4532","0.4557"
"155.2000","6.4540","0.4557"
"155.2200","6.4548","0.4557"
"155.2400","6.4557","0.4557"
"155.2600","6.4566","0.4557"
"155.2800","6.4575","0.4557"
"155.3000","6.4585","0.4557"
"155.3200","6.4594","0.4557"
"155.3400","6.4604","0.4557"
"155.3600","6.4613","0.4557"
"155.3800","6.4622","0.4557"
"155.4000","6.4631","0.4557"
"155.4200","6.4639","0.4557"
"155.4400","6.4647","0.4557"
"155.4600","6.4656","0.4557"
"155.4800","6.4664","0.4557"
"155.5000","6.4673","0.4557"
"155.5200","6.4681","0.4556"
"155.5400","6.4690","0.4556"
"155.5600","6.4698","0.4556"
"155.5800","6.4707","0.4556"
"155.6000","6.4715","0.4556"
"155.6200","6.4723","0.4556"
"155.6400","6.4731","0.4555"
"155.6600","6.4739","0.4555"
"155.6800","6.4747","0.4555"
"155.7000","6.4755","0.4555"
"155.7200","6.4763","0.4555"
"155.7400","6.4771","0.4554"
"155.7600","6.4779","0.4554"
"155.7800","6.4787","0.4554"
"155.8000","6.4795","0.4554"
"155.8200","6.4803","0.4554"
"155.8400","6.4811","0.4554"
"155.8600","6.4819","0.4554"
"155.8800","6.4827","0.4554"
"155.9000","6.4835","0.4553"
"155.9200","6.4843","0.4553"
"155.9400","6.4851","0.4553"
"155.9600","6.4859","0.4553"
"155.9800","6.4868","0.4552"
"156.0000","6.4877","0.4553"
"156.0200","6.4886","0.4553"
"156.0400","6.4895","0.4553"
"156.0600","6.4905","0.4553"
"156.0800","6.4915","0.4553"
"156.1000","6.4925","0.4553"
"156.1200","6.4935","0.4553"
"156.1400","6.4944","0.4553"
"156.1600","6.4954","0.4553"
"156.1800","6.4963","0.4553"
"156.2000","6.4971","0.4553"
"156.2200","6.4979","0.4553"
"156.2400","6.4987","0.4553"
"156.2600","6.4994","0.4552"
"156.2800","6.5001","0.4552"
"156.3000","6.5008","0.4552"
"156.3200","6.5015","0.4551"
"156.3400","6.5023","0.4551"
"156.3600","6.5030","0.4550"
"156.3800","6.5037","0.4550"
"156.4000","6.5044","0.4550"
"156.4200","6.5052","0.4550"
"156.4400","6.5060","0.4550"
"156.4600","6.5069","0.4550"
"156.4800","6.5078","0.4550"
"156.5000","6.5088","0.4550"
"156.5200","6.5098","0.4550"
"156.5400","6.5108","0.4550"
"156.5600","6.5117","0.4550"
"156.5800","6.5127","0.4551"
"156.6000","6.5135","0.4551"
"156.6200","6.5144","0.4550"
"156.6400","6.5152","0.4550"
"156.6600","6.5160","0.4550"
"156.6800","6.5168","0.4550"
"156.7000","6.5175","0.4549"
"156.7200","6.5183","0.4549"
"156.7400","6.5191","0.4549"
"156.7600","6.5199","0.4549"
"156.7800","6.5207","0.4549"
"156.8000","6.5215","0.4548"
"156.8200","6.5223","0.4548"
"156.8400","6.5231","0.4548"
"156.8600","6.5239","0.4548"
"156.8800","6.5247","0.4548"
"156.9000","6.5255","0.4548"
"156.9200","6.5263","0.4547"
"156.9400","6.5272","0.4547"
"156.9600","6.5280","0.4547"
"156.9800","6.5289","0.4547"
"157.0000","6.5297","0.4547"
"157.0200","6.5306","0.4547"
"157.0400","6.5314","0.4547"
"157.0600","6.5323","0.4547"
"157.0800","6.5331","0.4547"
"157.1000","6.5339","0.4547"
"157.1200","6.5347","0.4546"
"157.1400","6.5355","0.4546"
"157.1600","6.5363","0.4546"
"157.1800","6.5372","0.4546"
"157.2000","6.5380","0.4546"
"157.2200","6.5389","0.4546"
"157.2400","6.5397","0.4546"
"157.2600","6.5406","0.4546"
"157.2800","6.5416","0.4546"
"157.3000","6.5425","0.4546"
"157.3200","6.5435","0.4546"
"157.3400","6.5445","0.4546"
"157.3600","6.5455","0.4546"
"157.3800","6.5464","0.4546"
"157.4000","6.5474","0.4546"
"157.4200","6.5482","0.4546"
"157.4400","6.5490","0.4546"
"157.4600","6.5498","0.4545"
"157.4800","6.5505","0.4545"
"157.5000","6.5512","0.4545"
"157.5200","6.5519","0.4544"
"157.5400","6.5525","0.4544"
"157.5600","6.5532","0.4544"
"157.5800","6.5539","0.4543"
"157.6000","6.5545","0.4543"
"157.6200","6.5552","0.4542"
"157.6400","6.5559","0.4542"
"157.6600","6.5567","0.4542"
"157.6800","6.5574","0.4542"
"157.7000","6.5582","0.4542"
"157.7200","6.5591","0.4542"
"157.7400","6.5599","0.4542"
"157.7600","6.5608","0.4542"
"157.7800","6.5618","0.4542"
"157.8000","6.5627","0.4542"
"157.8200","6.5636","0.4542"
"157.8400","6.5645","0.4542"
"157.8600","6.5654","0.4542"
"157.8800","6.5663","0.4542"
"157.9000","6.5671","0.4541"
"157.9200","6.5680","0.4541"
"157.9400","6.5688","0.4541"
"157.9600","6.5696","0.4541"
"157.9800","6.5705","0.4541"
"158.0000","6.5713","0.4541"
"158.0200","6.5722","0.4541"
"158.0400","6.5731","0.4541"
"158.0600","6.5739","0.4541"
"158.0800","6.5748","0.4541"
"158.1000","6.5757","0.4541"
"158.1200","6.5765","0.4541"
"158.1400","6.5774","0.4541"
"158.1600","6.5783","0.4540"
"158.1800","6.5792","0.4540"
"158.2000","6.5800","0.4540"
"158.2200","6.5808","0.4540"
"158.2400","6.5817","0.4540"
"158.2600","6.5825","0.4540"
"158.2800","6.5833","0.4540"
"158.3000","6.5841","0.4539"
"158.3200","6.5849","0.4539"
"158.3400","6.5857","0.4539"
"158.3600","6.5865","0.4539"
"158.3800","6.5872","0.4539"
"158.4000","6.5880","0.4539"
"158.4200","6.5888","0.4539"
"158.4400","6.5896","0.4538"
"158.4600","6.5905","0.4538"
"158.4800","6.5913","0.4538"
"158.5000","6.5922","0.4538"
"158.5200","6.5931","0.4538"
"158.5400","6.5941","0.4538"
"158.5600","6.5951","0.4538"
"158.5800","6.5961","0.4538"
"158.6000","6.5970","0.4538"
"158.6200","6.5980","0.4538"
"158.6400","6.5989","0.4538"
"158.6600","6.5998","0.4538"
"158.6800","6.6007","0.4538"
"158.7000","6.6015","0.4538"
"158.7200","6.6022","0.4538"
"158.7400","6.6029","0.4537"
"158.7600","6.6036","0.4537"
"158.7800","6.6043","0.4537"
"158.8000","6.6050","0.4536"
"158.8200","6.6057","0.4536"
"158.8400","6.6063","0.4535"
"158.8600","6.6070","0.4535"
"158.8800","6.6077","0.4535"
"158.9000","6.6084","0.4534"
"158.9200","6.6092","0.4534"
"158.9400","6.6099","0.4534"
"158.9600","6.6107","0.4534"
"158.9800","6.6116","0.4534"
"159.0000","6.6125","0.4534"
"159.0200","6.6134","0.4534"
"159.0400","6.6144","0.4534"
"159.0600","6.6154","0.4534"
"159.0800","6.6163","0.4534"
"159.1000","6.6173","0.4534"
"159.1200","6.6182","0.4534"
"159.1400","6.6190","0.4534"
"159.1600","6.6199","0.4534"
"159.1800","6.6207","0.4534"
"159.2000","6.6215","0.4534"
"159.2200","6.6223","0.4534"
"159.2400","6.6232","0.4534"
"159.2600","6.6240","0.4533"
"159.2800","6.6249","0.4533"
"159.3000","6.6257","0.4533"
"159.3200","6.6266","0.4533"
"159.3400","6.6274","0.4533"
"159.3600","6.6283","0.4533"
"159.3800","6.6291","0.4533"
"159.4000","6.6299","0.4532"
"159.4200","6.6308","0.4532"
"159.4400","6.6316","0.4532"
"159.4600","6.6325","0.4532"
"159.4800","6.6334","0.4532"
"159.5000","6.6342","0.4532"
"159.5200","6.6350","0.4532"
"159.5400","6.6359","0.4532"
"159.5600","6.6366","0.4531"
"159.5800","6.6374","0.4531"
"159.6000","6.6382","0.4531"
"159.6200","6.6390","0.4531"
"159.6400","6.6397","0.4530"
"159.6600","6.6405","0.4530"
"159.6800","6.6413","0.4530"
"159.7000","6.6421","0.4530"
"159.7200","6.6429","0.4530"
"159.7400","6.6438","0.4530"
"159.7600","6.6447","0.4530"
"159.7800","6.6456","0.4530"
"159.8000","6.6465","0.4530"
"159.8200","6.6474","0.4530"
"159.8400","6.6484","0.4530"
"159.8600","6.6493","0.4530"
"159.8800","6.6503","0.4530"
"159.9000","6.6512","0.4530"
"159.9200","6.6520","0.4530"
"159.9400","6.6528","0.4530"
"159.9600","6.6536","0.4529"
"159.9800","6.6543","0.4529"
"160.0000","6.6551","0.4529"
"160.0200","6.6557","0.4529"
"160.0400","6.6564","0.4528"
"160.0600","6.6571","0.4528"
"160.0800","6.6578","0.4527"
"160.1000","6.6585","0.4527"
"160.1200","6.6592","0.4527"
"160.1400","6.6599","0.4526"
"160.1600","6.6607","0.4526"
"160.1800","6.6615","0.4526"
"160.2000","6.6623","0.4526"
"160.2200","6.6632","0.4526"
"160.2400","6.6641","0.4526"
"160.2600","6.6651","0.4526"
"160.2800","6.6661","0.4526"
"160.3000","6.6671","0.4527"
"160.3200","6.6681","0.4527"
"160.3400","6.6691","0.4527"
"160.3600","6.6700","0.4527"
"160.3800","6.6710","0.4527"
"160.4000","6.6718","0.4527"
"160.4200","6.6727","0.4527"
"160.4400","6.6736","0.4527"
"160.4600","6.6744","0.4526"
"160.4800","6.6752","0.4526"
"160.5000","6.6760","0.4526"
"160.5200","6.6768","0.4526"
"160.5400","6.6776","0.4526"
"160.5600","6.6785","0.4525"
"160.5800","6.6793","0.4525"
"160.6000","6.6800","0.4525"
"160.6200","6.6808","0.4525"
"160.6400","6.6816","0.4525"
"160.6600","6.6823","0.4524"
"160.6800","6.6831","0.4524"
"160.7000","6.6839","0.4524"
"160.7200","6.6847","0.4524"
"160.7400","6.6855","0.4524"
"160.7600","6.6863","0.4523"
"160.7800","6.6871","0.4524"
"160.8000","6.6879","0.4523"
"160.8200","6.6887","0.4523"
"160.8400","6.6895","0.4523"
"160.8600","6.6903","0.4522"
"160.8800","6.6911","0.4522"
"160.9000","6.6919","0.4522"
"160.9200","6.6927","0.4522"
"160.9400","6.6935","0.4522"
"160.9600","6.6944","0.4522"
"160.9800","6.6952","0.4522"
"161.0000","6.6961","0.4522"
"161.0200","6.6971","0.4522"
"161.0400","6.6980","0.4522"
"161.0600","6.6990","0.4522"
"161.0800","6.7000","0.4523"
"161.1000","6.7011","0.4523"
"161.1200","6.7021","0.4523"
"161.1400","6.7031","0.4523"
"161.1600","6.7041","0.4523"
"161.1800","6.7050","0.4523"
"161.2000","6.7059","0.4523"
"161.2200","6.7066","0.4523"
"161.2400","6.7074","0.4522"
"161.2600","6.7081","0.4522"
"161.2800","6.7088","0.4522"
"161.3000","6.7094","0.4521"
"161.3200","6.7101","0.4521"
"161.3400","6.7108","0.4520"
"161.3600","6.7115","0.4520"
"161.3800","6.7122","0.4520"
"161.4000","6.7130","0.4519"
"161.4200","6.7138","0.4519"
"161.4400","6.7146","0.4519"
"161.4600","6.7155","0.4519"
"161.4800","6.7164","0.4519"
"161.5000","6.7173","0.4519"
"161.5200","6.7183","0.4519"
"161.5400","6.7193","0.4519"
"161.5600","6.7202","0.4519"
"161.5800","6.7211","0.4519"
"161.6000","6.7219","0.4519"
"161.6200","6.7228","0.4519"
"161.6400","6.7235","0.4519"
"161.6600","6.7243","0.4519"
"161.6800","6.7251","0.4518"
"161.7000","6.7259","0.4518"
"161.7200","6.7267","0.4518"
"161.7400","6.7275","0.4518"
"161.7600","6.7283","0.4518"
"161.7800","6.7292","0.4517"
"161.8000","6.7300","0.4517"
"161.8200","6.7308","0.4517"
"161.8400","6.7317","0.4517"
"161.8600","6.7325","0.4517"
"161.8800","6.7333","0.4517"
"161.9000","6.7342","0.4517"
"161.9200","6.7350","0.4517"
"161.9400","6.7359","0.4517"
"161.9600","6.7367","0.4516"
"161.9800","6.7375","0.4516"
"162.0000","6.7383","0.4516"
"162.0200","6.7392","0.4516"
"162.0400","6.7400","0.4516"
"162.0600","6.7408","0.4516"
"162.0800","6.7415","0.4515"
"162.1000","6.7423","0.4515"
"162.1200","6.7431","0.4515"
"162.1400","6.7439","0.4515"
"162.1600","6.7446","0.4514"
"162.1800","6.7454","0.4514"
"162.2000","6.7463","0.4515"
"162.2200","6.7471","0.4514"
"162.2400","6.7480","0.4514"
"162.2600","6.7489","0.4514"
"162.2800","6.7498","0.4514"
"162.3000","6.7507","0.4514"
"162.3200","6.7517","0.4514"
"162.3400","6.7527","0.4515"
"162.3600","6.7537","0.4515"
"162.3800","6.7547","0.4515"
"162.4000","6.7556","0.4515"
"162.4200","6.7565","0.4515"
"162.4400","6.7573","0.4515"
"162.4600","6.7581","0.4514"
"162.4800","6.7588","0.4514"
"162.5000","6.7595","0.4513"
"162.5200","6.7602","0.4513"
"162.5400","6.7608","0.4513"
"162.5600","6.7615","0.4512"
"162.5800","6.7622","0.4512"
"162.6000","6.7628","0.4511"
"162.6200","6.7635","0.4511"
"162.6400","6.7642","0.4511"
"162.6600","6.7649","0.4511"
"162.6800","6.7657","0.4511"
"162.7000","6.7665","0.4510"
"162.7200","6.7673","0.4510"
"162.7400","6.7682","0.4510"
"162.7600","6.7690","0.4510"
"162.7800","6.7700","0.4510"
"162.8000","6.7709","0.4510"
"162.8200","6.7718","0.4510"
"162.8400","6.7727","0.4510"
"162.8600","6.7736","0.4510"
"162.8800","6.7745","0.4510"
"162.9000","6.7754","0.4510"
"162.9200","6.7762","0.4510"
"162.9400","6.7770","0.4510"
"162.9600","6.7778","0.4510"
"162.9800","6.7787","0.4509"
"163.0000","6.7795","0.4509"
"163.0200","6.7804","0.4509"
"163.0400","6.7812","0.4509"
"163.0600","6.7821","0.4510"
"163.0800","6.7830","0.4510"
"163.1000","6.7838","0.4510"
"163.1200","6.7847","0.4509"
"163.1400","6.7855","0.4509"
"163.1600","6.7863","0.4508"
"163.1800","6.7872","0.4508"
"163.2000","6.7880","0.4509"
"163.2200","6.7888","0.4509"
"163.2400","6.7897","0.4508"
"163.2600","6.7905","0.4508"
"163.2800","6.7914","0.4508"
"163.3000","6.7922","0.4508"
"163.3200","6.7930","0.4508"
"163.3400","6.7938","0.4507"
"163.3600","6.7946","0.4507"
"163.3800","6.7954","0.4507"
"163.4000","6.7962","0.4507"
"163.4200","6.7971","0.4507"
"163.4400","6.7979","0.4507"
"163.4600","6.7988","0.4508"
"163.4800","6.7996","0.4507"
"163.5000","6.8005","0.4507"
"163.5200","6.8015","0.4507"
"163.5400","6.8024","0.4506"
"163.5600","6.8034","0.4506"
"163.5800","6.8044","0.4507"
"163.6000","6.8054","0.4507"
"163.6200","6.8063","0.4508"
"163.6400","6.8072","0.4508"
"163.6600","6.8081","0.4507"
"163.6800","6.8089","0.4507"
"163.7000","6.8097","0.4507"
"163.7200","6.8105","0.4506"
"163.7400","6.8112","0.4506"
"163.7600","6.8119","0.4506"
"163.7800","6.8126","0.4506"
"163.8000","6.8133","0.4505"
"163.8200","6.8139","0.4505"
"163.8400","6.8146","0.4505"
"163.8600","6.8153","0.4504"
"163.8800","6.8160","0.4504"
"163.9000","6.8167","0.4504"
"163.9200","6.8175","0.4503"
"163.9400","6.8183","0.4503"
"163.9600","6.8191","0.4503"
"163.9800","6.8200","0.4503"
"164.0000","6.8209","0.4503"
"164.0200","6.8219","0.4503"
"164.0400","6.8228","0.4504"
"164.0600","6.8238","0.4504"
"164.0800","6.8247","0.4503"
"164.1000","6.8256","0.4503"
"164.1200","6.8265","0.4503"
"164.1400","6.8274","0.4504"
"164.1600","6.8283","0.4504"
"164.1800","6.8291","0.4503"
"164.2000","6.8300","0.4503"
"164.2200","6.8308","0.4503"
"164.2400","6.8317","0.4503"
"164.2600","6.8325","0.4503"
"164.2800","6.8333","0.4503"
"164.3000","6.8341","0.4503"
"164.3200","6.8350","0.4503"
"164.3400","6.8358","0.4502"
"164.3600","6.8366","0.4502"
"164.3800","6.8375","0.4502"
"164.4000","6.8383","0.4502"
"164.4200","6.8391","0.4502"
"164.4400","6.8400","0.4502"
"164.4600","6.8408","0.4502"
"164.4800","6.8417","0.4501"
"164.5000","6.8426","0.4501"
"164.5200","6.8434","0.4501"
"164.5400","6.8442","0.4501"
"164.5600","6.8450","0.4501"
"164.5800","6.8458","0.4501"
"164.6000","6.8465","0.4501"
"164.6200","6.8473","0.4500"
"164.6400","6.8480","0.4500"
"164.6600","6.8488","0.4500"
"164.6800","6.8496","0.4499"
"164.7000","6.8504","0.4500"
"164.7200","6.8512","0.4499"
"164.7400","6.8520","0.4499"
"164.7600","6.8529","0.4499"
"164.7800","6.8538","0.4499"
"164.8000","6.8547","0.4499"
"164.8200","6.8556","0.4499"
"164.8400","6.8566","0.4499"
"164.8600","6.8575","0.4500"
"164.8800","6.8585","0.4499"
"164.9000","6.8594","0.4499"
"164.9200","6.8603","0.4499"
"164.9400","6.8612","0.4499"
"164.9600","6.8620","0.4499"
"164.9800","6.8627","0.4499"
"165.0000","6.8634","0.4499"
"165.0200","6.8641","0.4498"
"165.0400","6.8648","0.4498"
"165.0600","6.8655","0.4497"
"165.0800","6.8662","0.4497"
"165.1000","6.8669","0.4497"
"165.1200","6.8676","0.4497"
"165.1400","6.8683","0.4496"
"165.1600","6.8691","0.4496"
"165.1800","6.8699","0.4496"
"165.2000","6.8707","0.4496"
"165.2200","6.8716","0.4496"
"165.2400","6.8725","0.4496"
"165.2600","6.8734","0.4496"
"165.2800","6.8744","0.4496"
"165.3000","6.8753","0.4496"
"165.3200","6.8763","0.4496"
"165.3400","6.8772","0.4496"
"165.3600","6.8781","0.4496"
"165.3800","6.8790","0.4496"
"165.4000","6.8798","0.4496"
"165.4200","6.8807","0.4496"
"165.4400","6.8815","0.4495"
"165.4600","6.8824","0.4495"
"165.4800","6.8832","0.4495"
"165.5000","6.8841","0.4495"
"165.5200","6.8850","0.4495"
"165.5400","6.8859","0.4495"
"165.5600","6.8867","0.4495"
"165.5800","6.8876","0.4495"
"165.6000","6.8885","0.4495"
"165.6200","6.8894","0.4495"
"165.6400","6.8902","0.4495"
"165.6600","6.8910","0.4495"
"165.6800","6.8918","0.4495"
"165.7000","6.8926","0.4494"
"165.7200","6.8934","0.4494"
"165.7400","6.8941","0.4494"
"165.7600","6.8949","0.4493"
"165.7800","6.8957","0.4493"
"165.8000","6.8965","0.4493"
"165.8200","6.8973","0.4493"
"165.8400","6.8981","0.4493"
"165.8600","6.8989","0.4493"
"165.8800","6.8997","0.4493"
"165.9000","6.9004","0.4492"
"165.9200","6.9012","0.4492"
"165.9400","6.9020","0.4492"
"165.9600","6.9029","0.4492"
"165.9800","6.9037","0.4492"
"166.0000","6.9046","0.4492"
"166.0200","6.9055","0.4492"
"166.0400","6.9065","0.4492"
"166.0600","6.9075","0.4492"
"166.0800","6.9084","0.4492"
"166.1000","6.9094","0.4492"
"166.1200","6.9104","0.4492"
"166.1400","6.9114","0.4492"
"166.1600","6.9123","0.4492"
"166.1800","6.9132","0.4492"
"166.2000","6.9141","0.4492"
"166.2200","6.9148","0.4492"
"166.2400","6.9156","0.4492"
"166.2600","6.9163","0.4491"
"166.2800","6.9169","0.4491"
"166.3000","6.9176","0.4490"
"166.3200","6.9183","0.4490"
"166.3400","6.9189","0.4490"
"166.3600","6.9196","0.4489"
"166.3800","6.9203","0.4489"
"166.4000","6.9210","0.4489"
"166.4200","6.9218","0.4489"
"166.4400","6.9225","0.4488"
"166.4600","6.9234","0.4488"
"166.4800","6.9243","0.4488"
"166.5000","6.9252","0.4488"
"166.5200","6.9261","0.4488"
"166.5400","6.9271","0.4489"
"166.5600","6.9281","0.4489"
"166.5800","6.9290","0.4489"
"166.6000","6.9299","0.4489"
"166.6200","6.9308","0.4489"
"166.6400","6.9316","0.4488"
"166.6600","6.9324","0.4488"
"166.6800","6.9332","0.4488"
"166.7000","6.9340","0.4488"
"166.7200","6.9347","0.4488"
"166.7400","6.9355","0.4488"
"166.7600","6.9363","0.4487"
"166.7800","6.9371","0.4487"
"166.8000","6.9380","0.4487"
"166.8200","6.9388","0.4487"
"166.8400","6.9395","0.4487"
"166.8600","6.9404","0.4487"
"166.8800","6.9412","0.4486"
"166.9000","6.9420","0.4486"
"166.9200","6.9428","0.4486"
"166.9400","6.9437","0.4486"
"166.9600","6.9445","0.4486"
"166.9800","6.9454","0.4486"
"167.0000","6.9462","0.4486"
"167.0200","6.9471","0.4486"
"167.0400","6.9480","0.4486"
"167.0600","6.9488","0.4486"
"167.0800","6.9496","0.4486"
"167.1000","6.9505","0.4486"
"167.1200","6.9513","0.4485"
"167.1400","6.9521","0.4485"
"167.1600","6.9529","0.4485"
"167.1800","6.9538","0.4485"
"167.2000","6.9547","0.4485"
"167.2200","6.9555","0.4485"
"167.2400","6.9564","0.4485"
"167.2600","6.9574","0.4485"
"167.2800","6.9583","0.4485"
"167.3000","6.9593","0.4485"
"167.3200","6.9603","0.4485"
"167.3400","6.9613","0.4485"
"167.3600","6.9623","0.4485"
"167.3800","6.9632","0.4485"
"167.4000","6.9641","0.4485"
"167.4200","6.9650","0.4485"
"167.4400","6.9658","0.4485"
"167.4600","6.9666","0.4485"
"167.4800","6.9673","0.4485"
"167.5000","6.9680","0.4484"
"167.5200","6.9687","0.4484"
"167.5400","6.9694","0.4483"
"167.5600","6.9700","0.4483"
"167.5800","6.9707","0.4483"
"167.6000","6.9713","0.4482"
"167.6200","6.9720","0.4482"
"167.6400","6.9727","0.4482"
"167.6600","6.9734","0.4481"
"167.6800","6.9741","0.4481"
"167.7000","6.9749","0.4481"
"167.7200","6.9758","0.4481"
"167.7400","6.9766","0.4481"
"167.7600","6.9776","0.4481"
"167.7800","6.9785","0.4481"
"167.8000","6.9794","0.4481"
"167.8200","6.9803","0.4481"
"167.8400","6.9812","0.4481"
"167.8600","6.9821","0.4481"
"167.8800","6.9830","0.4481"
"167.9000","6.9838","0.4481"
"167.9200","6.9847","0.4480"
"167.9400","6.9855","0.4481"
"167.9600","6.9863","0.4480"
"167.9800","6.9871","0.4480"
"168.0000","6.9880","0.4480"
"168.0200","6.9888","0.4480"
"168.0400","6.9897","0.4480"
"168.0600","6.9905","0.4480"
"168.0800","6.9914","0.4480"
"168.1000","6.9923","0.4480"
"168.1200","6.9931","0.4480"
"168.1400","6.9940","0.4480"
"168.1600","6.9949","0.4480"
"168.1800","6.9957","0.4480"
"168.2000","6.9966","0.4479"
"168.2200","6.9974","0.4479"
"168.2400","6.9983","0.4479"
"168.2600","6.9991","0.4479"
"168.2800","6.9999","0.4479"
"168.3000","7.0008","0.4479"
"168.3200","7.0016","0.4479"
"168.3400","7.0024","0.4479"
"168.3600","7.0032","0.4478"
"168.3800","7.0039","0.4478"
"168.4000","7.0048","0.4478"
"168.4200","7.0056","0.4478"
"168.4400","7.0064","0.4477"
"168.4600","7.0073","0.4477"
"168.4800","7.0082","0.4477"
"168.5000","7.0091","0.4478"
"168.5200","7.0100","0.4478"
"168.5400","7.0110","0.4478"
"168.5600","7.0120","0.4478"
"168.5800","7.0129","0.4478"
"168.6000","7.0139","0.4478"
"168.6200","7.0149","0.4478"
"168.6400","7.0158","0.4478"
"168.6600","7.0167","0.4478"
"168.6800","7.0175","0.4478"
"168.7000","7.0182","0.4477"
"168.7200","7.0189","0.4477"
"168.7400","7.0196","0.4477"
"168.7600","7.0203","0.4476"
"168.7800","7.0209","0.4476"
"168.8000","7.0216","0.4475"
"168.8200","7.0222","0.4475"
"168.8400","7.0229","0.4475"
"168.8600","7.0236","0.4474"
"168.8800","7.0242","0.4474"
"168.9000","7.0250","0.4474"
"168.9200","7.0257","0.4473"
"168.9400","7.0265","0.4473"
"168.9600","7.0274","0.4473"
"168.9800","7.0283","0.4473"
"169.0000","7.0292","0.4473"
"169.0200","7.0301","0.4474"
"169.0400","7.0311","0.4474"
"169.0600","7.0321","0.4474"
"169.0800","7.0330","0.4474"
"169.1000","7.0339","0.4474"
"169.1200","7.0348","0.4474"
"169.1400","7.0357","0.4474"
"169.1600","7.0366","0.4474"
"169.1800","7.0374","0.4474"
"169.2000","7.0383","0.4473"
"169.2200","7.0391","0.4473"
"169.2400","7.0400","0.4473"
"169.2600","7.0408","0.4473"
"169.2800","7.0417","0.4473"
"169.3000","7.0425","0.4473"
"169.3200","7.0434","0.4473"
"169.3400","7.0443","0.4473"
"169.3600","7.0451","0.4472"
"169.3800","7.0459","0.4472"
"169.4000","7.0468","0.4472"
"169.4200","7.0476","0.4472"
"169.4400","7.0485","0.4472"
"169.4600","7.0494","0.4472"
"169.4800","7.0502","0.4472"
"169.5000","7.0510","0.4472"
"169.5200","7.0519","0.4472"
"169.5400","7.0527","0.4472"
"169.5600","7.0535","0.4471"
"169.5800","7.0543","0.4471"
"169.6000","7.0550","0.4471"
"169.6200","7.0557","0.4470"
"169.6400","7.0565","0.4470"
"169.6600","7.0572","0.4470"
"169.6800","7.0580","0.4470"
"169.7000","7.0588","0.4470"
"169.7200","7.0596","0.4469"
"169.7400","7.0604","0.4469"
"169.7600","7.0612","0.4469"
"169.7800","7.0621","0.4469"
"169.8000","7.0630","0.4469"
"169.8200","7.0640","0.4469"
"169.8400","7.0649","0.4470"
"169.8600","7.0659","0.4470"
"169.8800","7.0668","0.4470"
"169.9000","7.0677","0.4470"
"169.9200","7.0686","0.4469"
"169.9400","7.0695","0.4469"
"169.9600","7.0703","0.4469"
"169.9800","7.0711","0.4469"
"170.0000","7.0718","0.4469"
"170.0200","7.0725","0.4469"
"170.0400","7.0732","0.4468"
"170.0600","7.0739","0.4468"
"170.0800","7.0745","0.4467"
"170.1000","7.0752","0.4467"
"170.1200","7.0759","0.4467"
"170.1400","7.0767","0.4466"
"170.1600","7.0774","0.4466"
"170.1800","7.0782","0.4466"
"170.2000","7.0790","0.4466"
"170.2200","7.0799","0.4466"
"170.2400","7.0808","0.4466"
"170.2600","7.0818","0.4466"
"170.2800","7.0827","0.4466"
"170.3000","7.0837","0.4466"
"170.3200","7.0847","0.4466"
"170.3400","7.0856","0.4466"
"170.3600","7.0865","0.4466"
"170.3800","7.0874","0.4466"
"170.4000","7.0882","0.4466"
"170.4200","7.0890","0.4466"
"170.4400","7.0898","0.4466"
"170.4600","7.0906","0.4465"
"170.4800","7.0915","0.4465"
"170.5000","7.0923","0.4465"
"170.5200","7.0931","0.4465"
"170.5400","7.0940","0.4465"
"170.5600","7.0948","0.4465"
"170.5800","7.0957","0.4465"
"170.6000","7.0965","0.4465"
"170.6200","7.0973","0.4465"
"170.6400","7.0982","0.4465"
"170.6600","7.0990","0.4464"
"170.6800","7.0999","0.4464"
"170.7000","7.1007","0.4464"
"170.7200","7.1015","0.4464"
"170.7400","7.1023","0.4464"
"170.7600","7.1031","0.4464"
"170.7800","7.1039","0.4464"
"170.8000","7.1047","0.4463"
"170.8200","7.1055","0.4463"
"170.8400","7.1063","0.4463"
"170.8600","7.1070","0.4463"
"170.8800","7.1078","0.4462"
"170.9000","7.1086","0.4462"
"170.9200","7.1094","0.4462"
"170.9400","7.1102","0.4462"
"170.9600","7.1110","0.4462"
"170.9800","7.1118","0.4462"
"171.0000","7.1127","0.4462"
"171.0200","7.1136","0.4462"
"171.0400","7.1145","0.4462"
"171.0600","7.1155","0.4462"
"171.0800","7.1165","0.4462"
"171.1000","7.1175","0.4462"
"171.1200","7.1185","0.4462"
"171.1400","7.1195","0.4462"
"171.1600","7.1204","0.4462"
"171.1800","7.1213","0.4462"
"171.2000","7.1222","0.4462"
"171.2200","7.1230","0.4462"
"171.2400","7.1238","0.4462"
"171.2600","7.1245","0.4462"
"171.2800","7.1252","0.4461"
"171.3000","7.1259","0.4461"
"171.3200","7.1265","0.4460"
"171.3400","7.1272","0.4460"
"171.3600","7.1279","0.4460"
"171.3800","7.1286","0.4460"
"171.4000","7.1294","0.4459"
"171.4200","7.1302","0.4459"
"171.4400","7.1310","0.4459"
"171.4600","7.1319","0.4459"
"171.4800","7.1328","0.4459"
"171.5000","7.1337","0.4459"
"171.5200","7.1347","0.4459"
"171.5400","7.1357","0.4459"
"171.5600","7.1366","0.4459"
"171.5800","7.1375","0.4459"
"171.6000","7.1384","0.4459"
"171.6200","7.1392","0.4459"
"171.6400","7.1400","0.4459"
"171.6600","7.1408","0.4458"
"171.6800","7.1415","0.4458"
"171.7000","7.1423","0.4458"
"171.7200","7.1431","0.4458"
"171.7400","7.1439","0.4458"
"171.7600","7.1446","0.4457"
"171.7800","7.1454","0.4457"
"171.8000","7.1462","0.4457"
"171.8200","7.1471","0.4457"
"171.8400","7.1479","0.4457"
"171.8600","7.1487","0.4457"
"171.8800","7.1495","0.4457"
"171.9000","7.1503","0.4457"
"171.9200","7.1511","0.4456"
"171.9400","7.1520","0.4456"
"171.9600","7.1528","0.4456"
"171.9800","7.1537","0.4456"
"172.0000","7.1545","0.4456"
"172.0200","7.1554","0.4456"
"172.0400","7.1562","0.4456"
"172.0600","7.1571","0.4456"
"172.0800","7.1579","0.4456"
"172.1000","7.1587","0.4455"
"172.1200","7.1595","0.4455"
"172.1400","7.1603","0.4455"
"172.1600","7.1611","0.4455"
"172.1800","7.1620","0.4455"
"172.2000","7.1628","0.4455"
"172.2200","7.1637","0.4455"
"172.2400","7.1646","0.4454"
"172.2600","7.1655","0.4455"
"172.2800","7.1664","0.4455"
"172.3000","7.1674","0.4455"
"172.3200","7.1684","0.4455"
"172.3400","7.1695","0.4455"
"172.3600","7.1705","0.4455"
"172.3800","7.1714","0.4455"
"172.4000","7.1724","0.4455"
"172.4200","7.1732","0.4455"
"172.4400","7.1740","0.4455"
"172.4600","7.1748","0.4455"
"172.4800","7.1755","0.4454"
"172.5000","7.1762","0.4454"
"172.5200","7.1769","0.4454"
"172.5400","7.1776","0.4453"
"172.5600","7.1782","0.4453"
"172.5800","7.1789","0.4453"
"172.6000","7.1796","0.4453"
"172.6200","7.1803","0.4452"
"172.6400","7.1810","0.4451"
"172.6600","7.1817","0.4451"
"172.6800","7.1825","0.4451"
"172.7000","7.1833","0.4451"
"172.7200","7.1841","0.4451"
"172.7400","7.1850","0.4451"
"172.7600","7.1859","0.4451"
"172.7800","7.1868","0.4451"
"172.8000","7.1877","0.4451"
"172.8200","7.1886","0.4451"
"172.8400","7.1895","0.4451"
"172.8600","7.1904","0.4451"
"172.8800","7.1912","0.4451"
"172.9000","7.1921","0.4451"
"172.9200","7.1929","0.4450"
"172.9400","7.1938","0.4450"
"172.9600","7.1947","0.4450"
"172.9800","7.1955","0.4450"
"173.0000","7.1964","0.4450"
"173.0200","7.1973","0.4450"
"173.0400","7.1982","0.4450"
"173.0600","7.1991","0.4450"
"173.0800","7.2000","0.4450"
"173.1000","7.2009","0.4450"
"173.1200","7.2018","0.4450"
"173.1400","7.2027","0.4450"
"173.1600","7.2035","0.4450"
"173.1800","7.2043","0.4450"
"173.2000","7.2051","0.4449"
"173.2200","7.2059","0.4449"
"173.2400","7.2068","0.4449"
"173.2600","7.2076","0.4449"
"173.2800","7.2084","0.4449"
"173.3000","7.2092","0.4449"
"173.3200","7.2100","0.4449"
"173.3400","7.2108","0.4448"
"173.3600","7.2115","0.4448"
"173.3800","7.2123","0.4448"
"173.4000","7.2131","0.4448"
"173.4200","7.2139","0.4448"
"173.4400","7.2147","0.4447"
"173.4600","7.2156","0.4447"
"173.4800","7.2165","0.4447"
"173.5000","7.2174","0.4447"
"173.5200","7.2183","0.4448"
"173.5400","7.2193","0.4448"
"173.5600","7.2202","0.4448"
"173.5800","7.2212","0.4448"
"173.6000","7.2222","0.4448"
"173.6200","7.2232","0.4448"
"173.6400","7.2241","0.4448"
"173.6600","7.2250","0.4448"
"173.6800","7.2259","0.4448"
"173.7000","7.2266","0.4448"
"173.7200","7.2274","0.4447"
"173.7400","7.2281","0.4447"
"173.7600","7.2287","0.4446"
"173.7800","7.2294","0.4446"
"173.8000","7.2300","0.4446"
"173.8200","7.2307","0.4445"
"173.8400","7.2313","0.4445"
"173.8600","7.2320","0.4444"
"173.8800","7.2327","0.4444"
"173.9000","7.2334","0.4444"
"173.9200","7.2342","0.4444"
"173.9400","7.2349","0.4443"
"173.9600","7.2358","0.4443"
"173.9800","7.2366","0.4443"
"174.0000","7.2375","0.4443"
"174.0200","7.2385","0.4444"
"174.0400","7.2394","0.4444"
"174.0600","7.2403","0.4444"
"174.0800","7.2412","0.4444"
"174.1000","7.2421","0.4444"
"174.1200","7.2430","0.4443"
"174.1400","7.2439","0.4443"
"174.1600","7.2447","0.4443"
"174.1800","7.2455","0.4443"
"174.2000","7.2463","0.4443"
"174.2200","7.2472","0.4443"
"174.2400","7.2480","0.4443"
"174.2600","7.2489","0.4443"
"174.2800","7.2497","0.4442"
"174.3000","7.2505","0.4442"
"174.3200","7.2514","0.4442"
"174.3400","7.2522","0.4442"
"174.3600","7.2530","0.4442"
"174.3800","7.2538","0.4442"
"174.4000","7.2547","0.4442"
"174.4200","7.2555","0.4442"
"174.4400","7.2563","0.4441"
"174.4600","7.2572","0.4441"
"174.4800","7.2580","0.4441"
"174.5000","7.2589","0.4441"
"174.5200","7.2597","0.4441"
"174.5400","7.2605","0.4441"
"174.5600","7.2614","0.4441"
"174.5800","7.2622","0.4441"
"174.6000","7.2630","0.4440"
"174.6200","7.2638","0.4440"
"174.6400","7.2645","0.4440"
"174.6600","7.2653","0.4440"
"174.6800","7.2661","0.4440"
"174.7000","7.2670","0.4440"
"174.7200","7.2678","0.4440"
"174.7400","7.2686","0.4439"
"174.7600","7.2695","0.4439"
"174.7800","7.2704","0.4439"
"174.8000","7.2713","0.4439"
"174.8200","7.2722","0.4439"
"174.8400","7.2732","0.4440"
"174.8600","7.2742","0.4440"
"174.8800","7.2751","0.4440"
"174.9000","7.2760","0.4440"
"174.9200","7.2769","0.4440"
"174.9400","7.2778","0.4440"
"174.9600","7.2786","0.4440"
"174.9800","7.2794","0.4439"
"175.0000","7.2801","0.4439"
"175.0200","7.2809","0.4438"
"175.0400","7.2816","0.4438"
"175.0600","7.2823","0.4438"
"175.0800","7.2830","0.4438"
"175.1000","7.2837","0.4437"
"175.1200","7.2844","0.4437"
"175.1400","7.2852","0.4437"
"175.1600","7.2859","0.4437"
"175.1800","7.2867","0.4436"
"175.2000","7.2876","0.4436"
"175.2200","7.2884","0.4436"
"175.2400","7.2893","0.4436"
"175.2600","7.2902","0.4436"
"175.2800","7.2912","0.4436"
"175.3000","7.2921","0.4436"
"175.3200","7.2931","0.4437"
"175.3400","7.2940","0.4436"
"175.3600","7.2950","0.4436"
"175.3800","7.2958","0.4436"
"175.4000","7.2967","0.4436"
"175.4200","7.2976","0.4436"
"175.4400","7.2985","0.4436"
"175.4600","7.2993","0.4436"
"175.4800","7.3002","0.4436"
"175.5000","7.3010","0.4436"
"175.5200","7.3019","0.4436"
"175.5400","7.3027","0.4436"
"175.5600","7.3036","0.4436"
"175.5800","7.3044","0.4436"
"175.6000","7.3053","0.4436"
"175.6200","7.3061","0.4435"
"175.6400","7.3069","0.4435"
"175.6600","7.3077","0.4435"
"175.6800","7.3084","0.4435"
"175.7000","7.3092","0.4434"
"175.7200","7.3100","0.4434"
"175.7400","7.3108","0.4434"
"175.7600","7.3116","0.4434"
"175.7800","7.3124","0.4434"
"175.8000","7.3132","0.4433"
"175.8200","7.3140","0.4433"
"175.8400","7.3147","0.4433"
"175.8600","7.3155","0.4433"
"175.8800","7.3163","0.4433"
"175.9000","7.3171","0.4433"
"175.9200","7.3179","0.4432"
"175.9400","7.3187","0.4432"
"175.9600","7.3196","0.4432"
"175.9800","7.3204","0.4432"
"176.0000","7.3213","0.4432"
"176.0200","7.3222","0.4432"
"176.0400","7.3232","0.4432"
"176.0600","7.3241","0.4432"
"176.0800","7.3251","0.4432"
"176.1000","7.3261","0.4433"
"176.1200","7.3271","0.4433"
"176.1400","7.3281","0.4433"
"176.1600","7.3290","0.4433"
"176.1800","7.3299","0.4433"
"176.2000","7.3307","0.4433"
"176.2200","7.3315","0.4432"
"176.2400","7.3323","0.4432"
"176.2600","7.3330","0.4432"
"176.2800","7.3337","0.4431"
"176.3000","7.3344","0.4431"
"176.3200","7.3350","0.4431"
"176.3400","7.3357","0.4430"
"176.3600","7.3363","0.4430"
"176.3800","7.3370","0.4429"
"176.4000","7.3377","0.4429"
"176.4200","7.3385","0.4429"
"176.4400","7.3393","0.4429"
"176.4600","7.3401","0.4429"
"176.4800","7.3410","0.4429"
"176.5000","7.3420","0.4429"
"176.5200","7.3429","0.4429"
"176.5400","7.3439","0.4429"
"176.5600","7.3448","0.4429"
"176.5800","7.3457","0.4429"
"176.6000","7.3465","0.4429"
"176.6200","7.3474","0.4429"
"176.6400","7.3482","0.4429"
"176.6600","7.3489","0.4428"
"176.6800","7.3497","0.4428"
"176.7000","7.3505","0.4428"
"176.7200","7.3513","0.4428"
"176.7400","7.3522","0.4428"
"176.7600","7.3530","0.4428"
"176.7800","7.3538","0.4427"
"176.8000","7.3547","0.4428"
"176.8200","7.3555","0.4427"
"176.8400","7.3564","0.4427"
"176.8600","7.3572","0.4427"
"176.8800","7.3581","0.4427"
"176.9000","7.3589","0.4427"
"176.9200","7.3598","0.4427"
"176.9400","7.3606","0.4427"
"176.9600","7.3615","0.4427"
"176.9800","7.3623","0.4427"
"177.0000","7.3632","0.4426"
"177.0200","7.3640","0.4426"
"177.0400","7.3649","0.4426"
"177.0600","7.3657","0.4426"
"177.0800","7.3665","0.4426"
"177.1000","7.3673","0.4426"
"177.1200","7.3681","0.4426"
"177.1400","7.3689","0.4425"
"177.1600","7.3696","0.4425"
"177.1800","7.3704","0.4425"
"177.2000","7.3713","0.4425"
"177.2200","7.3721","0.4425"
"177.2400","7.3730","0.4425"
"177.2600","7.3739","0.4425"
"177.2800","7.3749","0.4425"
"177.3000","7.3758","0.4425"
"177.3200","7.3768","0.4425"
"177.3400","7.3778","0.4425"
"177.3600","7.3788","0.4425"
"177.3800","7.3798","0.4425"
"177.4000","7.3808","0.4425"
"177.4200","7.3817","0.4425"
"177.4400","7.3825","0.4425"
"177.4600","7.3833","0.4425"
"177.4800","7.3840","0.4425"
"177.5000","7.3847","0.4424"
"177.5200","7.3854","0.4424"
"177.5400","7.3860","0.4423"
"177.5600","7.3867","0.4423"
"177.5800","7.3873","0.4423"
"177.6000","7.3879","0.4422"
"177.6200","7.3886","0.4422"
"177.6400","7.3893","0.4421"
"177.6600","7.3900","0.4421"
"177.6800","7.3907","0.4421"
"177.7000","7.3915","0.4421"
"177.7200","7.3923","0.4421"
"177.7400","7.3931","0.4421"
"177.7600","7.3940","0.4421"
"177.7800","7.3950","0.4421"
"177.8000","7.3959","0.4420"
"177.8200","7.3969","0.4421"
"177.8400","7.3978","0.4421"
"177.8600","7.3987","0.4421"
"177.8800","7.3995","0.4421"
"177.9000","7.4004","0.4421"
"177.9200","7.4012","0.4421"
"177.9400","7.4021","0.4420"
"177.9600","7.4029","0.4420"
"177.9800","7.4038","0.4420"
"178.0000","7.4046","0.4420"
"178.0200","7.4055","0.4420"
"178.0400","7.4063","0.4420"
"178.0600","7.4072","0.4420"
"178.0800","7.4081","0.4420"
"178.1000","7.4090","0.4420"
"178.1200","7.4098","0.4420"
"178.1400","7.4107","0.4420"
"178.1600","7.4115","0.4420"
"178.1800","7.4124","0.4420"
"178.2000","7.4133","0.4420"
"178.2200","7.4141","0.4420"
"178.2400","7.4150","0.4419"
"178.2600","7.4158","0.4419"
"178.2800","7.4167","0.4419"
"178.3000","7.4175","0.4419"
"178.3200","7.4183","0.4419"
"178.3400","7.4190","0.4418"
"178.3600","7.4198","0.4418"
"178.3800","7.4206","0.4418"
"178.4000","7.4214","0.4418"
"178.4200","7.4222","0.4418"
"178.4400","7.4230","0.4417"
"178.4600","7.4239","0.4417"
"178.4800","7.4247","0.4417"
"178.5000","7.4256","0.4417"
"178.5200","7.4265","0.4417"
"178.5400","7.4275","0.4417"
"178.5600","7.4284","0.4417"
"178.5800","7.4294","0.4417"
"178.6000","7.4303","0.4417"
"178.6200","7.4313","0.4417"
"178.6400","7.4322","0.4417"
"178.6600","7.4331","0.4417"
"178.6800","7.4339","0.4417"
"178.7000","7.4346","0.4417"
"178.7200","7.4354","0.4417"
"178.7400","7.4361","0.4416"
"178.7600","7.4368","0.4416"
"178.7800","7.4375","0.4415"
"178.8000","7.4382","0.4415"
"178.8200","7.4388","0.4415"
"178.8400","7.4395","0.4414"
"178.8600","7.4402","0.4414"
"178.8800","7.4409","0.4414"
"178.9000","7.4416","0.4414"
"178.9200","7.4424","0.4413"
"178.9400","7.4432","0.4413"
"178.9600","7.4440","0.4413"
"178.9800","7.4449","0.4413"
"179.0000","7.4458","0.4413"
"179.0200","7.4467","0.4413"
"179.0400","7.4477","0.4413"
"179.0600","7.4486","0.4413"
"179.0800","7.4496","0.4413"
"179.1000","7.4505","0.4413"
"179.1200","7.4514","0.4413"
"179.1400","7.4522","0.4413"
"179.1600","7.4531","0.4413"
"179.1800","7.4539","0.4413"
"179.2000","7.4547","0.4413"
"179.2200","7.4556","0.4413"
"179.2400","7.4564","0.4413"
"179.2600","7.4573","0.4412"
"179.2800","7.4581","0.4412"
"179.3000","7.4589","0.4412"
"179.3200","7.4597","0.4412"
"179.3400","7.4606","0.4412"
"179.3600","7.4614","0.4412"
"179.3800","7.4622","0.4412"
"179.4000","7.4631","0.4411"
"179.4200","7.4639","0.4412"
"179.4400","7.4648","0.4411"
"179.4600","7.4656","0.4411"
"179.4800","7.4665","0.4411"
"179.5000","7.4674","0.4411"
"179.5200","7.4683","0.4411"
"179.5400","7.4691","0.4411"
"179.5600","7.4700","0.4411"
"179.5800","7.4708","0.4411"
"179.6000","7.4716","0.4410"
"179.6200","7.4724","0.4410"
"179.6400","7.4732","0.4410"
"179.6600","7.4740","0.4410"
"179.6800","7.4748","0.4410"
"179.7000","7.4756","0.4410"
"179.7200","7.4764","0.4409"
"179.7400","7.4773","0.4409"
"179.7600","7.4782","0.4409"
"179.7800","7.4791","0.4409"
"179.8000","7.4800","0.4409"
"179.8200","7.4810","0.4409"
"179.8400","7.4819","0.4409"
"179.8600","7.4828","0.4409"
"179.8800","7.4838","0.4410"
"179.9000","7.4847","0.4409"
"179.9200","7.4855","0.4409"
"179.9400","7.4863","0.4409"
"179.9600","7.4871","0.4409"
"179.9800","7.4878","0.4409"
"180.0000","7.4885","0.4408"
"180.0200","7.4892","0.4408"
"180.0400","7.4899","0.4407"
"180.0600","7.4905","0.4407"
"180.0800","7.4912","0.4407"
"180.1000","7.4919","0.4406"
"180.1200","7.4926","0.4406"
"180.1400","7.4934","0.4406"
"180.1600","7.4941","0.4406"
"180.1800","7.4949","0.4406"
"180.2000","7.4958","0.4406"
"180.2200","7.4966","0.4405"
"180.2400","7.4976","0.4405"
"180.2600","7.4985","0.4405"
"180.2800","7.4995","0.4405"
"180.3000","7.5004","0.4405"
"180.3200","7.5014","0.4406"
"180.3400","7.5023","0.4406"
"180.3600","7.5032","0.4406"
"180.3800","7.5040","0.4405"
"180.4000","7.5049","0.4405"
"180.4200","7.5057","0.4405"
"180.4400","7.5066","0.4405"
"180.4600","7.5075","0.4405"
"180.4800","7.5083","0.4405"
"180.5000","7.5092","0.4405"
"180.5200","7.5101","0.4405"
"180.5400","7.5110","0.4405"
"180.5600","7.5119","0.4405"
"180.5800","7.5127","0.4405"
"180.6000","7.5136","0.4405"
"180.6200","7.5144","0.4405"
"180.6400","7.5153","0.4404"
"180.6600","7.5161","0.4404"
"180.6800","7.5168","0.4404"
"180.7000","7.5176","0.4404"
"180.7200","7.5184","0.4404"
"180.7400","7.5192","0.4404"
"180.7600","7.5199","0.4403"
"180.7800","7.5207","0.4403"
"180.8000","7.5215","0.4403"
"180.8200","7.5223","0.4402"
"180.8400","7.5230","0.4402"
"180.8600","7.5238","0.4402"
"180.8800","7.5246","0.4402"
"180.9000","7.5254","0.4402"
"180.9200","7.5262","0.4402"
"180.9400","7.5270","0.4401"
"180.9600","7.5279","0.4401"
"180.9800","7.5287","0.4401"
"181.0000","7.5296","0.4401"
"181.0200","7.5306","0.4401"
"181.0400","7.5315","0.4401"
"181.0600","7.5325","0.4401"
"181.0800","7.5334","0.4401"
"181.1000","7.5344","0.4402"
"181.1200","7.5353","0.4402"
"181.1400","7.5363","0.4402"
"181.1600","7.5372","0.4402"
"181.1800","7.5381","0.4402"
"181.2000","7.5389","0.4401"
"181.2200","7.5397","0.4401"
"181.2400","7.5405","0.4401"
"181.2600","7.5412","0.4401"
"181.2800","7.5419","0.4401"
"181.3000","7.5426","0.4400"
"181.3200","7.5432","0.4400"
"181.3400","7.5439","0.4399"
"181.3600","7.5446","0.4399"
"181.3800","7.5453","0.4398"
"181.4000","7.5460","0.4398"
"181.4200","7.5467","0.4398"
"181.4400","7.5475","0.4398"
"181.4600","7.5484","0.4398"
"181.4800","7.5493","0.4398"
"181.5000","7.5502","0.4398"
"181.5200","7.5511","0.4398"
"181.5400","7.5521","0.4398"
"181.5600","7.5530","0.4398"
"181.5800","7.5539","0.4398"
"181.6000","7.5548","0.4398"
"181.6200","7.5557","0.4398"
"181.6400","7.5565","0.4398"
"181.6600","7.5573","0.4398"
"181.6800","7.5580","0.4397"
"181.7000","7.5588","0.4397"
"181.7200","7.5596","0.4397"
"181.7400","7.5604","0.4397"
"181.7600","7.5612","0.4397"
"181.7800","7.5620","0.4396"
"181.8000","7.5628","0.4396"
"181.8200","7.5636","0.4396"
"181.8400","7.5644","0.4396"
"181.8600","7.5653","0.4396"
"181.8800","7.5661","0.4396"
"181.9000","7.5669","0.4395"
"181.9200","7.5677","0.4395"
"181.9400","7.5685","0.4395"
"181.9600","7.5694","0.4395"
"181.9800","7.5702","0.4395"
"182.0000","7.5711","0.4395"
"182.0200","7.5720","0.4395"
"182.0400","7.5728","0.4395"
"182.0600","7.5737","0.4395"
"182.0800","7.5745","0.4395"
"182.1000","7.5753","0.4395"
"182.1200","7.5761","0.4394"
"182.1400","7.5769","0.4394"
"182.1600","7.5778","0.4394"
"182.1800","7.5786","0.4394"
"182.2000","7.5795","0.4394"
"182.2200","7.5804","0.4394"
"182.2400","7.5813","0.4394"
"182.2600","7.5822","0.4394"
"182.2800","7.5831","0.4394"
"182.3000","7.5841","0.4394"
"182.3200","7.5851","0.4394"
"182.3400","7.5861","0.4394"
"182.3600","7.5871","0.4394"
"182.3800","7.5881","0.4395"
"182.4000","7.5891","0.4395"
"182.4200","7.5900","0.4394"
"182.4400","7.5908","0.4394"
"182.4600","7.5916","0.4394"
"182.4800","7.5924","0.4394"
"182.5000","7.5931","0.4394"
"182.5200","7.5938","0.4393"
"182.5400","7.5944","0.4393"
"182.5600","7.5951","0.4392"
"182.5800","7.5957","0.4392"
"182.6000","7.5964","0.4392"
"182.6200","7.5971","0.4391"
"182.6400","7.5977","0.4391"
"182.6600","7.5985","0.4390"
"182.6800","7.5992","0.4390"
"182.7000","7.6000","0.4390"
"182.7200","7.6008","0.4390"
"182.7400","7.6017","0.4390"
"182.7600","7.6026","0.4390"
"182.7800","7.6035","0.4390"
"182.8000","7.6045","0.4390"
"182.8200","7.6054","0.4390"
"182.8400","7.6063","0.4390"
"182.8600","7.6072","0.4390"
"182.8800","7.6081","0.4390"
"182.9000","7.6089","0.4390"
"182.9200","7.6098","0.4390"
"182.9400","7.6106","0.4390"
"182.9600","7.6115","0.4390"
"182.9800","7.6123","0.4390"
"183.0000","7.6132","0.4389"
"183.0200","7.6140","0.4390"
"183.0400","7.6149","0.4389"
"183.0600","7.6157","0.4389"
"183.0800","7.6166","0.4390"
"183.1000","7.6175","0.4389"
"183.1200","7.6184","0.4390"
"183.1400","7.6193","0.4389"
"183.1600","7.6201","0.4389"
"183.1800","7.6210","0.4389"
"183.2000","7.6219","0.4388"
"183.2200","7.6227","0.4389"
"183.2400","7.6236","0.4389"
"183.2600","7.6244","0.4389"
"183.2800","7.6252","0.4389"
"183.3000","7.6261","0.4388"
"183.3200","7.6269","0.4388"
"183.3400","7.6277","0.4388"
"183.3600","7.6284","0.4388"
"183.3800","7.6292","0.4388"
"183.4000","7.6300","0.4387"
"183.4200","7.6308","0.4387"
"183.4400","7.6317","0.4387"
"183.4600","7.6325","0.4387"
"183.4800","7.6334","0.4387"
"183.5000","7.6343","0.4387"
"183.5200","7.6352","0.4387"
"183.5400","7.6361","0.4387"
"183.5600","7.6370","0.4387"
"183.5800","7.6380","0.4387"
"183.6000","7.6389","0.4387"
"183.6200","7.6398","0.4387"
"183.6400","7.6407","0.4387"
"183.6600","7.6415","0.4387"
"183.6800","7.6424","0.4386"
"183.7000","7.6431","0.4386"
"183.7200","7.6439","0.4386"
"183.7400","7.6446","0.4385"
"183.7600","7.6452","0.4385"
"183.7800","7.6459","0.4385"
"183.8000","7.6466","0.4385"
"183.8200","7.6472","0.4384"
"183.8400","7.6479","0.4384"
"183.8600","7.6486","0.4384"
"183.8800","7.6493","0.4383"
"183.9000","7.6500","0.4382"
"183.9200","7.6507","0.4382"
"183.9400","7.6515","0.4382"
"183.9600","7.6523","0.4382"
"183.9800","7.6532","0.4382"
"184.0000","7.6541","0.4382"
"184.0200","7.6550","0.4382"
"184.0400","7.6560","0.4382"
"184.0600","7.6569","0.4382"
"184.0800","7.6578","0.4382"
"184.1000","7.6587","0.4382"
"184.1200","7.6596","0.4382"
"184.1400","7.6605","0.4382"
"184.1600","7.6613","0.4382"
"184.1800","7.6622","0.4382"
"184.2000","7.6630","0.4382"
"184.2200","7.6638","0.4382"
"184.2400","7.6647","0.4382"
"184.2600","7.6655","0.4382"
"184.2800","7.6664","0.4381"
"184.3000","7.6673","0.4381"
"184.3200","7.6681","0.4381"
"184.3400","7.6690","0.4381"
"184.3600","7.6699","0.4381"
"184.3800","7.6707","0.4381"
"184.4000","7.6716","0.4381"
"184.4200","7.6725","0.4381"
"184.4400","7.6734","0.4381"
"184.4600","7.6743","0.4381"
"184.4800","7.6751","0.4381"
"184.5000","7.6760","0.4381"
"184.5200","7.6769","0.4380"
"184.5400","7.6777","0.4380"
"184.5600","7.6785","0.4380"
"184.5800","7.6793","0.4380"
"184.6000","7.6801","0.4380"
"184.6200","7.6808","0.4380"
"184.6400","7.6816","0.4380"
"184.6600","7.6824","0.4379"
"184.6800","7.6831","0.4379"
"184.7000","7.6839","0.4379"
"184.7200","7.6847","0.4378"
"184.7400","7.6856","0.4378"
"184.7600","7.6865","0.4379"
"184.7800","7.6874","0.4379"
"184.8000","7.6883","0.4379"
"184.8200","7.6893","0.4379"
"184.8400","7.6902","0.4379"
"184.8600","7.6912","0.4379"
"184.8800","7.6921","0.4379"
"184.9000","7.6930","0.4379"
"184.9200","7.6939","0.4379"
"184.9400","7.6947","0.4379"
"184.9600","7.6955","0.4379"
"184.9800","7.6962","0.4378"
"185.0000","7.6969","0.4377"
"185.0200","7.6976","0.4377"
"185.0400","7.6983","0.4377"
"185.0600","7.6989","0.4376"
"185.0800","7.6996","0.4376"
"185.1000","7.7002","0.4376"
"185.1200","7.7009","0.4376"
"185.1400","7.7017","0.4375"
"185.1600","7.7024","0.4375"
"185.1800","7.7032","0.4375"
"185.2000","7.7040","0.4375"
"185.2200","7.7049","0.4374"
"185.2400","7.7058","0.4374"
"185.2600","7.7068","0.4375"
"185.2800","7.7078","0.4375"
"185.3000","7.7087","0.4375"
"185.3200","7.7097","0.4375"
"185.3400","7.7107","0.4375"
"185.3600","7.7116","0.4375"
"185.3800","7.7125","0.4375"
"185.4000","7.7133","0.4375"
"185.4200","7.7142","0.4375"
"185.4400","7.7150","0.4374"
"185.4600","7.7158","0.4375"
"185.4800","7.7167","0.4375"
"185.5000","7.7175","0.4374"
"185.5200","7.7183","0.4374"
"185.5400","7.7192","0.4374"
"185.5600","7.7200","0.4374"
"185.5800","7.7208","0.4373"
"185.6000","7.7217","0.4373"
"185.6200","7.7225","0.4374"
"185.6400","7.7233","0.4374"
"185.6600","7.7241","0.4373"
"185.6800","7.7249","0.4373"
"185.7000","7.7257","0.4373"
"185.7200","7.7265","0.4373"
"185.7400","7.7273","0.4372"
"185.7600","7.7281","0.4372"
"185.7800","7.7288","0.4372"
"185.8000","7.7296","0.4372"
"185.8200","7.7304","0.4372"
"185.8400","7.7312","0.4371"
"185.8600","7.7319","0.4371"
"185.8800","7.7327","0.4371"
"185.9000","7.7335","0.4371"
"185.9200","7.7343","0.4371"
"185.9400","7.7351","0.4370"
"185.9600","7.7359","0.4370"
"185.9800","7.7368","0.4370"
"186.0000","7.7377","0.4370"
"186.0200","7.7386","0.4371"
"186.0400","7.7395","0.4370"
"186.0600","7.7405","0.4370"
"186.0800","7.7415","0.4371"
"186.1000","7.7425","0.4370"
"186.1200","7.7435","0.4371"
"186.1400","7.7445","0.4371"
"186.1600","7.7454","0.4371"
"186.1800","7.7463","0.4371"
"186.2000","7.7471","0.4371"
"186.2200","7.7479","0.4370"
"186.2400","7.7487","0.4370"
"186.2600","7.7494","0.4370"
"186.2800","7.7501","0.4369"
"186.3000","7.7508","0.4369"
"186.3200","7.7515","0.4369"
"186.3400","7.7521","0.4368"
"186.3600","7.7528","0.4368"
"186.3800","7.7535","0.4368"
"186.4000","7.7542","0.4367"
"186.4200","7.7550","0.4367"
"186.4400","7.7558","0.4367"
"186.4600","7.7567","0.4367"
"186.4800","7.7575","0.4367"
"186.5000","7.7585","0.4367"
"186.5200","7.7594","0.4367"
"186.5400","7.7603","0.4367"
"186.5600","7.7613","0.4367"
"186.5800","7.7622","0.4367"
"186.6000","7.7631","0.4367"
"186.6200","7.7639","0.4367"
"186.6400","7.7648","0.4367"
"186.6600","7.7656","0.4366"
"186.6800","7.7664","0.4367"
"186.7000","7.7672","0.4366"
"186.7200","7.7680","0.4366"
"186.7400","7.7689","0.4366"
"186.7600","7.7697","0.4366"
"186.7800","7.7705","0.4366"
"186.8000","7.7713","0.4365"
"186.8200","7.7721","0.4365"
"186.8400","7.7729","0.4365"
"186.8600","7.7738","0.4365"
"186.8800","7.7746","0.4365"
"186.9000","7.7754","0.4365"
"186.9200","7.7762","0.4365"
"186.9400","7.7771","0.4364"
"186.9600","7.7779","0.4364"
"186.9800","7.7788","0.4364"
"187.0000","7.7796","0.4364"
"187.0200","7.7805","0.4364"
"187.0400","7.7813","0.4364"
"187.0600","7.7822","0.4364"
"187.0800","7.7830","0.4364"
"187.1000","7.7838","0.4364"
"187.1200","7.7846","0.4364"
"187.1400","7.7854","0.4363"
"187.1600","7.7863","0.4363"
"187.1800","7.7871","0.4363"
"187.2000","7.7880","0.4363"
"187.2200","7.7889","0.4363"
"187.2400","7.7898","0.4363"
"187.2600","7.7907","0.4363"
"187.2800","7.7917","0.4363"
"187.3000","7.7926","0.4363"
"187.3200","7.7936","0.4364"
"187.3400","7.7946","0.4363"
"187.3600","7.7956","0.4363"
"187.3800","7.7965","0.4363"
"187.4000","7.7975","0.4363"
"187.4200","7.7983","0.4363"
"187.4400","7.7992","0.4363"
"187.4600","7.7999","0.4363"
"187.4800","7.8006","0.4362"
"187.5000","7.8013","0.4362"
"187.5200","7.8020","0.4362"
"187.5400","7.8027","0.4361"
"187.5600","7.8033","0.4361"
"187.5800","7.8040","0.4360"
"187.6000","7.8047","0.4360"
"187.6200","7.8054","0.4360"
"187.6400","7.8061","0.4359"
"187.6600","7.8068","0.4359"
"187.6800","7.8076","0.4359"
"187.7000","7.8084","0.4359"
"187.7200","7.8092","0.4359"
"187.7400","7.8101","0.4359"
"187.7600","7.8110","0.4359"
"187.7800","7.8120","0.4359"
"187.8000","7.8129","0.4359"
"187.8200","7.8138","0.4359"
"187.8400","7.8147","0.4359"
"187.8600","7.8156","0.4359"
"187.8800","7.8165","0.4359"
"187.9000","7.8173","0.4359"
"187.9200","7.8181","0.4358"
"187.9400","7.8190","0.4358"
"187.9600","7.8198","0.4358"
"187.9800","7.8207","0.4358"
"188.0000","7.8215","0.4358"
"188.0200","7.8224","0.4358"
"188.0400","7.8233","0.4358"
"188.0600","7.8241","0.4358"
"188.0800","7.8250","0.4358"
"188.1000","7.8259","0.4358"
"188.1200","7.8268","0.4358"
"188.1400","7.8277","0.4358"
"188.1600","7.8285","0.4357"
"188.1800","7.8294","0.4357"
"188.2000","7.8302","0.4357"
"188.2200","7.8310","0.4357"
"188.2400","7.8318","0.4357"
"188.2600","7.8326","0.4357"
"188.2800","7.8334","0.4356"
"188.3000","7.8341","0.4356"
"188.3200","7.8349","0.4356"
"188.3400","7.8357","0.4356"
"188.3600","7.8364","0.4355"
"188.3800","7.8372","0.4355"
"188.4000","7.8380","0.4355"
"188.4200","7.8387","0.4355"
"188.4400","7.8396","0.4355"
"188.4600","7.8404","0.4354"
"188.4800","7.8413","0.4355"
"188.5000","7.8422","0.4355"
"188.5200","7.8431","0.4354"
"188.5400","7.8441","0.4355"
"188.5600","7.8451","0.4355"
"188.5800","7.8460","0.4355"
"188.6000","7.8470","0.4355"
"188.6200","7.8480","0.4355"
"188.6400","7.8489","0.4355"
"188.6600","7.8498","0.4355"
"188.6800","7.8506","0.4355"
"188.7000","7.8514","0.4354"
"188.7200","7.8522","0.4354"
"188.7400","7.8529","0.4354"
"188.7600","7.8536","0.4353"
"188.7800","7.8543","0.4353"
"188.8000","7.8549","0.4353"
"188.8200","7.8556","0.4352"
"188.8400","7.8562","0.4352"
"188.8600","7.8569","0.4351"
"188.8800","7.8576","0.4351"
"188.9000","7.8583","0.4351"
"188.9200","7.8590","0.4351"
"188.9400","7.8598","0.4351"
"188.9600","7.8606","0.4350"
"188.9800","7.8614","0.4350"
"189.0000","7.8623","0.4350"
"189.0200","7.8632","0.4350"
"189.0400","7.8642","0.4350"
"189.0600","7.8651","0.4350"
"189.0800","7.8661","0.4350"
"189.1000","7.8670","0.4350"
"189.1200","7.8679","0.4350"
"189.1400","7.8687","0.4350"
"189.1600","7.8695","0.4350"
"189.1800","7.8704","0.4350"
"189.2000","7.8712","0.4350"
"189.2200","7.8720","0.4350"
"189.2400","7.8728","0.4350"
"189.2600","7.8737","0.4349"
"189.2800","7.8745","0.4349"
"189.3000","7.8754","0.4349"
"189.3200","7.8763","0.4349"
"189.3400","7.8771","0.4349"
"189.3600","7.8779","0.4349"
"189.3800","7.8788","0.4349"
"189.4000","7.8796","0.4349"
"189.4200","7.8805","0.4349"
"189.4400","7.8814","0.4349"
"189.4600","7.8822","0.4349"
"189.4800","7.8831","0.4349"
"189.5000","7.8840","0.4349"
"189.5200","7.8848","0.4348"
"189.5400","7.8857","0.4348"
"189.5600","7.8865","0.4348"
"189.5800","7.8873","0.4348"
"189.6000","7.8881","0.4348"
"189.6200","7.8889","0.4348"
"189.6400","7.8897","0.4347"
"189.6600","7.8906","0.4347"
"189.6800","7.8914","0.4347"
"189.7000","7.8922","0.4347"
"189.7200","7.8931","0.4347"
"189.7400","7.8939","0.4347"
"189.7600","7.8948","0.4347"
"189.7800","7.8957","0.4347"
"189.8000","7.8966","0.4347"
"189.8200","7.8975","0.4347"
"189.8400","7.8985","0.4347"
"189.8600","7.8994","0.4347"
"189.8800","7.9004","0.4347"
"189.9000","7.9013","0.4347"
"189.9200","7.9021","0.4347"
"189.9400","7.9030","0.4347"
"189.9600","7.9038","0.4346"
"189.9800","7.9045","0.4346"
"190.0000","7.9052","0.4346"
"190.0200","7.9059","0.4345"
"190.0400","7.9066","0.4345"
"190.0600","7.9073","0.4344"
"190.0800","7.9080","0.4344"
"190.1000","7.9087","0.4344"
"190.1200","7.9094","0.4344"
"190.1400","7.9101","0.4343"
"190.1600","7.9109","0.4343"
"190.1800","7.9117","0.4343"
"190.2000","7.9125","0.4343"
"190.2200","7.9134","0.4343"
"190.2400","7.9144","0.4343"
"190.2600","7.9154","0.4343"
"190.2800","7.9164","0.4343"
"190.3000","7.9174","0.4344"
"190.3200","7.9184","0.4344"
"190.3400","7.9193","0.4344"
"190.3600","7.9203","0.4344"
"190.3800","7.9212","0.4344"
"190.4000","7.9220","0.4343"
"190.4200","7.9229","0.4343"
"190.4400","7.9237","0.4343"
"190.4600","7.9245","0.4343"
"190.4800","7.9254","0.4343"
"190.5000","7.9262","0.4343"
"190.5200","7.9270","0.4343"
"190.5400","7.9278","0.4342"
"190.5600","7.9286","0.4342"
"190.5800","7.9294","0.4342"
"190.6000","7.9302","0.4342"
"190.6200","7.9310","0.4342"
"190.6400","7.9318","0.4341"
"190.6600","7.9326","0.4341"
"190.6800","7.9334","0.4341"
"190.7000","7.9342","0.4341"
"190.7200","7.9350","0.4341"
"190.7400","7.9358","0.4340"
"190.7600","7.9366","0.4340"
"190.7800","7.9374","0.4340"
"190.8000","7.9382","0.4340"
"190.8200","7.9389","0.4340"
"190.8400","7.9397","0.4339"
"190.8600","7.9405","0.4339"
"190.8800","7.9412","0.4339"
"190.9000","7.9420","0.4339"
"190.9200","7.9428","0.4338"
"190.9400","7.9436","0.4338"
"190.9600","7.9444","0.4338"
"190.9800","7.9453","0.4338"
"191.0000","7.9462","0.4338"
"191.0200","7.9471","0.4338"
"191.0400","7.9480","0.4338"
"191.0600","7.9489","0.4338"
"191.0800","7.9499","0.4338"
"191.1000","7.9509","0.4338"
"191.1200","7.9519","0.4339"
"191.1400","7.9529","0.4339"
"191.1600","7.9538","0.4339"
"191.1800","7.9547","0.4339"
"191.2000","7.9556","0.4338"
"191.2200","7.9564","0.4338"
"191.2400","7.9571","0.4338"
"191.2600","7.9578","0.4338"
"191.2800","7.9585","0.4337"
"191.3000","7.9592","0.4337"
"191.3200","7.9599","0.4336"
"191.3400","7.9606","0.4336"
"191.3600","7.9612","0.4336"
"191.3800","7.9619","0.4335"
"191.4000","7.9627","0.4335"
"191.4200","7.9634","0.4335"
"191.4400","7.9642","0.4335"
"191.4600","7.9650","0.4335"
"191.4800","7.9659","0.4334"
"191.5000","7.9668","0.4335"
"191.5200","7.9677","0.4335"
"191.5400","7.9687","0.4335"
"191.5600","7.9696","0.4335"
"191.5800","7.9705","0.4335"
"191.6000","7.9714","0.4335"
"191.6200","7.9722","0.4334"
"191.6400","7.9731","0.4334"
"191.6600","7.9739","0.4334"
"191.6800","7.9747","0.4334"
"191.7000","7.9756","0.4334"
"191.7200","7.9764","0.4334"
"191.7400","7.9772","0.4334"
"191.7600","7.9780","0.4333"
"191.7800","7.9788","0.4333"
"191.8000","7.9797","0.4333"
"191.8200","7.9805","0.4333"
"191.8400","7.9814","0.4333"
"191.8600","7.9822","0.4333"
"191.8800","7.9830","0.4332"
"191.9000","7.9839","0.4333"
"191.9200","7.9847","0.4332"
"191.9400","7.9855","0.4332"
"191.9600","7.9864","0.4332"
"191.9800","7.9873","0.4332"
"192.0000","7.9881","0.4332"
"192.0200","7.9890","0.4332"
"192.0400","7.9898","0.4332"
"192.0600","7.9907","0.4332"
"192.0800","7.9915","0.4331"
"192.1000","7.9923","0.4331"
"192.1200","7.9930","0.4331"
"192.1400","7.9938","0.4331"
"192.1600","7.9947","0.4331"
"192.1800","7.9955","0.4331"
"192.2000","7.9963","0.4331"
"192.2200","7.9972","0.4330"
"192.2400","7.9982","0.4330"
"192.2600","7.9991","0.4331"
"192.2800","8.0001","0.4331"
"192.3000","8.0012","0.4331"
"192.3200","8.0022","0.4331"
"192.3400","8.0033","0.4331"
"192.3600","8.0043","0.4331"
"192.3800","8.0052","0.4332"
"192.4000","8.0061","0.4331"
"192.4200","8.0070","0.4331"
"192.4400","8.0077","0.4331"
"192.4600","8.0084","0.4331"
"192.4800","8.0091","0.4330"
"192.5000","8.0098","0.4330"
"192.5200","8.0104","0.4330"
"192.5400","8.0111","0.4329"
"192.5600","8.0117","0.4328"
"192.5800","8.0123","0.4328"
"192.6000","8.0130","0.4328"
"192.6200","8.0136","0.4327"
"192.6400","8.0143","0.4327"
"192.6600","8.0151","0.4327"
"192.6800","8.0159","0.4326"
"192.7000","8.0167","0.4326"
"192.7200","8.0175","0.4326"
"192.7400","8.0184","0.4326"
"192.7600","8.0193","0.4327"
"192.7800","8.0203","0.4327"
"192.8000","8.0212","0.4327"
"192.8200","8.0221","0.4326"
"192.8400","8.0230","0.4326"
"192.8600","8.0239","0.4326"
"192.8800","8.0247","0.4326"
"192.9000","8.0255","0.4326"
"192.9200","8.0263","0.4326"
"192.9400","8.0271","0.4326"
"192.9600","8.0279","0.4325"
"192.9800","8.0288","0.4325"
"193.0000","8.0296","0.4325"
"193.0200","8.0304","0.4325"
"193.0400","8.0312","0.4325"
"193.0600","8.0321","0.4325"
"193.0800","8.0329","0.4325"
"193.1000","8.0337","0.4324"
"193.1200","8.0346","0.4324"
"193.1400","8.0354","0.4324"
"193.1600","8.0363","0.4324"
"193.1800","8.0371","0.4324"
"193.2000","8.0380","0.4324"
"193.2200","8.0389","0.4324"
"193.2400","8.0397","0.4324"
"193.2600","8.0406","0.4324"
"193.2800","8.0414","0.4324"
"193.3000","8.0423","0.4324"
"193.3200","8.0431","0.4324"
"193.3400","8.0439","0.4324"
"193.3600","8.0446","0.4323"
"193.3800","8.0454","0.4323"
"193.4000","8.0462","0.4323"
"193.4200","8.0471","0.4323"
"193.4400","8.0479","0.4322"
"193.4600","8.0487","0.4322"
"193.4800","8.0496","0.4322"
"193.5000","8.0505","0.4322"
"193.5200","8.0514","0.4322"
"193.5400","8.0524","0.4322"
"193.5600","8.0533","0.4322"
"193.5800","8.0543","0.4322"
"193.6000","8.0553","0.4322"
"193.6200","8.0562","0.4322"
"193.6400","8.0571","0.4322"
"193.6600","8.0579","0.4322"
"193.6800","8.0587","0.4322"
"193.7000","8.0595","0.4322"
"193.7200","8.0602","0.4321"
"193.7400","8.0609","0.4321"
"193.7600","8.0616","0.4321"
"193.7800","8.0623","0.4320"
"193.8000","8.0630","0.4320"
"193.8200","8.0636","0.4319"
"193.8400","8.0643","0.4319"
"193.8600","8.0650","0.4319"
"193.8800","8.0657","0.4319"
"193.9000","8.0664","0.4318"
"193.9200","8.0672","0.4318"
"193.9400","8.0680","0.4318"
"193.9600","8.0689","0.4318"
"193.9800","8.0698","0.4318"
"194.0000","8.0707","0.4318"
"194.0200","8.0717","0.4318"
"194.0400","8.0727","0.4318"
"194.0600","8.0736","0.4318"
"194.0800","8.0746","0.4318"
"194.1000","8.0755","0.4318"
"194.1200","8.0764","0.4318"
"194.1400","8.0773","0.4318"
"194.1600","8.0781","0.4318"
"194.1800","8.0790","0.4318"
"194.2000","8.0798","0.4318"
"194.2200","8.0807","0.4318"
"194.2400","8.0815","0.4318"
"194.2600","8.0824","0.4317"
"194.2800","8.0832","0.4317"
"194.3000","8.0841","0.4317"
"194.3200","8.0849","0.4317"
"194.3400","8.0857","0.4317"
"194.3600","8.0866","0.4317"
"194.3800","8.0874","0.4317"
"194.4000","8.0883","0.4317"
"194.4200","8.0891","0.4316"
"194.4400","8.0900","0.4316"
"194.4600","8.0908","0.4316"
"194.4800","8.0917","0.4316"
"194.5000","8.0925","0.4316"
"194.5200","8.0934","0.4316"
"194.5400","8.0942","0.4316"
"194.5600","8.0950","0.4315"
"194.5800","8.0958","0.4315"
"194.6000","8.0966","0.4315"
"194.6200","8.0973","0.4315"
"194.6400","8.0981","0.4315"
"194.6600","8.0989","0.4314"
"194.6800","8.0996","0.4314"
"194.7000","8.1004","0.4314"
"194.7200","8.1013","0.4314"
"194.7400","8.1021","0.4314"
"194.7600","8.1030","0.4314"
"194.7800","8.1039","0.4314"
"194.8000","8.1048","0.4314"
"194.8200","8.1058","0.4314"
"194.8400","8.1067","0.4314"
"194.8600","8.1077","0.4314"
"194.8800","8.1087","0.4314"
"194.9000","8.1097","0.4314"
"194.9200","8.1106","0.4314"
"194.9400","8.1114","0.4314"
"194.9600","8.1122","0.4314"
"194.9800","8.1130","0.4313"
"195.0000","8.1137","0.4313"
"195.0200","8.1144","0.4313"
"195.0400","8.1151","0.4312"
"195.0600","8.1157","0.4312"
"195.0800","8.1164","0.4312"
"195.1000","8.1171","0.4311"
"195.1200","8.1178","0.4311"
"195.1400","8.1185","0.4311"
"195.1600","8.1193","0.4310"
"195.1800","8.1201","0.4310"
"195.2000","8.1209","0.4310"
"195.2200","8.1218","0.4310"
"195.2400","8.1227","0.4310"
"195.2600","8.1237","0.4310"
"195.2800","8.1247","0.4310"
"195.3000","8.1256","0.4310"
"195.3200","8.1265","0.4310"
"195.3400","8.1274","0.4310"
"195.3600","8.1283","0.4310"
"195.3800","8.1291","0.4310"
"195.4000","8.1299","0.4310"
"195.4200","8.1308","0.4310"
"195.4400","8.1316","0.4310"
"195.4600","8.1324","0.4309"
"195.4800","8.1333","0.4309"
"195.5000","8.1342","0.4309"
"195.5200","8.1350","0.4309"
"195.5400","8.1359","0.4309"
"195.5600","8.1368","0.4309"
"195.5800","8.1377","0.4309"
"195.6000","8.1385","0.4309"
"195.6200","8.1394","0.4308"
"195.6400","8.1402","0.4308"
"195.6600","8.1410","0.4308"
"195.6800","8.1417","0.4308"
"195.7000","8.1425","0.4307"
"195.7200","8.1433","0.4307"
"195.7400","8.1441","0.4307"
"195.7600","8.1448","0.4307"
"195.7800","8.1456","0.4307"
"195.8000","8.1464","0.4306"
"195.8200","8.1472","0.4306"
"195.8400","8.1479","0.4306"
"195.8600","8.1487","0.4306"
"195.8800","8.1495","0.4306"
"195.9000","8.1503","0.4306"
"195.9200","8.1511","0.4305"
"195.9400","8.1519","0.4305"
"195.9600","8.1527","0.4305"
"195.9800","8.1536","0.4305"
"196.0000","8.1546","0.4305"
"196.0200","8.1555","0.4305"
"196.0400","8.1565","0.4305"
"196.0600","8.1575","0.4305"
"196.0800","8.1585","0.4306"
"196.1000","8.1595","0.4306"
"196.1200","8.1605","0.4306"
"196.1400","8.1615","0.4306"
"196.1600","8.1624","0.4306"
"196.1800","8.1632","0.4306"
"196.2000","8.1640","0.4305"
"196.2200","8.1648","0.4305"
"196.2400","8.1655","0.4305"
"196.2600","8.1662","0.4304"
"196.2800","8.1668","0.4304"
"196.3000","8.1675","0.4303"
"196.3200","8.1681","0.4303"
"196.3400","8.1688","0.4303"
"196.3600","8.1695","0.4302"
"196.3800","8.1702","0.4302"
"196.4000","8.1709","0.4301"
"196.4200","8.1716","0.4301"
"196.4400","8.1724","0.4301"
"196.4600","8.1732","0.4301"
"196.4800","8.1741","0.4301"
"196.5000","8.1750","0.4301"
"196.5200","8.1759","0.4301"
"196.5400","8.1769","0.4301"
"196.5600","8.1778","0.4301"
"196.5800","8.1787","0.4301"
"196.6000","8.1796","0.4301"
"196.6200","8.1804","0.4301"
"196.6400","8.1813","0.4301"
"196.6600","8.1821","0.4300"
"196.6800","8.1829","0.4300"
"196.7000","8.1837","0.4300"
"196.7200","8.1845","0.4300"
"196.7400","8.1853","0.4300"
"196.7600","8.1861","0.4300"
"196.7800","8.1869","0.4299"
"196.8000","8.1877","0.4299"
"196.8200","8.1886","0.4299"
"196.8400","8.1894","0.4299"
"196.8600","8.1902","0.4299"
"196.8800","8.1910","0.4299"
"196.9000","8.1919","0.4299"
"196.9200","8.1927","0.4299"
"196.9400","8.1936","0.4299"
"196.9600","8.1945","0.4299"
"196.9800","8.1954","0.4298"
"197.0000","8.1963","0.4298"
"197.0200","8.1972","0.4298"
"197.0400","8.1980","0.4298"
"197.0600","8.1989","0.4298"
"197.0800","8.1997","0.4298"
"197.1000","8.2005","0.4298"
"197.1200","8.2014","0.4298"
"197.1400","8.2022","0.4297"
"197.1600","8.2030","0.4298"
"197.1800","8.2038","0.4297"
"197.2000","8.2047","0.4297"
"197.2200","8.2055","0.4297"
"197.2400","8.2064","0.4297"
"197.2600","8.2073","0.4297"
"197.2800","8.2083","0.4297"
"197.3000","8.2093","0.4297"
"197.3200","8.2103","0.4297"
"197.3400","8.2113","0.4297"
"197.3600","8.2122","0.4297"
"197.3800","8.2132","0.4298"
"197.4000","8.2141","0.4297"
"197.4200","8.2150","0.4297"
"197.4400","8.2158","0.4297"
"197.4600","8.2166","0.4297"
"197.4800","8.2174","0.4297"
"197.5000","8.2181","0.4296"
"197.5200","8.2188","0.4296"
"197.5400","8.2194","0.4296"
"197.5600","8.2201","0.4295"
"197.5800","8.2208","0.4295"
"197.6000","8.2214","0.4294"
"197.6200","8.2221","0.4294"
"197.6400","8.2228","0.4293"
"197.6600","8.2235","0.4293"
"197.6800","8.2243","0.4293"
"197.7000","8.2251","0.4293"
"197.7200","8.2260","0.4293"
"197.7400","8.2268","0.4293"
"197.7600","8.2277","0.4293"
"197.7800","8.2286","0.4293"
"197.8000","8.2296","0.4293"
"197.8200","8.2305","0.4293"
"197.8400","8.2314","0.4293"
"197.8600","8.2322","0.4293"
"197.8800","8.2331","0.4293"
"197.9000","8.2339","0.4293"
"197.9200","8.2348","0.4293"
"197.9400","8.2357","0.4293"
"197.9600","8.2365","0.4292"
"197.9800","8.2374","0.4292"
"198.0000","8.2383","0.4292"
"198.0200","8.2391","0.4292"
"198.0400","8.2400","0.4292"
"198.0600","8.2408","0.4292"
"198.0800","8.2417","0.4292"
"198.1000","8.2425","0.4292"
"198.1200","8.2434","0.4292"
"198.1400","8.2442","0.4291"
"198.1600","8.2450","0.4291"
"198.1800","8.2459","0.4291"
"198.2000","8.2467","0.4291"
"198.2200","8.2476","0.4291"
"198.2400","8.2484","0.4291"
"198.2600","8.2492","0.4291"
"198.2800","8.2500","0.4291"
"198.3000","8.2508","0.4290"
"198.3200","8.2516","0.4290"
"198.3400","8.2524","0.4290"
"198.3600","8.2531","0.4290"
"198.3800","8.2539","0.4289"
"198.4000","8.2547","0.4289"
"198.4200","8.2555","0.4289"
"198.4400","8.2563","0.4289"
"198.4600","8.2571","0.4289"
"198.4800","8.2580","0.4288"
"198.5000","8.2588","0.4288"
"198.5200","8.2598","0.4288"
"198.5400","8.2607","0.4289"
"198.5600","8.2616","0.4289"
"198.5800","8.2626","0.4289"
"198.6000","8.2635","0.4289"
"198.6200","8.2645","0.4289"
"198.6400","8.2654","0.4289"
"198.6600","8.2663","0.4288"
"198.6800","8.2671","0.4288"
"198.7000","8.2679","0.4288"
"198.7200","8.2687","0.4288"
"198.7400","8.2694","0.4288"
"198.7600","8.2701","0.4287"
"198.7800","8.2707","0.4287"
"198.8000","8.2714","0.4287"
"198.8200","8.2721","0.4286"
"198.8400","8.2727","0.4286"
"198.8600","8.2734","0.4285"
"198.8800","8.2741","0.4285"
"198.9000","8.2749","0.4285"
"198.9200","8.2757","0.4285"
"198.9400","8.2765","0.4284"
"198.9600","8.2773","0.4284"
"198.9800","8.2782","0.4285"
"199.0000","8.2792","0.4285"
"199.0200","8.2801","0.4285"
"199.0400","8.2811","0.4285"
"199.0600","8.2821","0.4285"
"199.0800","8.2830","0.4285"
"199.1000","8.2839","0.4285"
"199.1200","8.2848","0.4285"
"199.1400","8.2857","0.4285"
"199.1600","8.2865","0.4284"
"199.1800","8.2874","0.4284"
"199.2000","8.2882","0.4284"
"199.2200","8.2891","0.4284"
"199.2400","8.2899","0.4285"
"199.2600","8.2908","0.4285"
"199.2800","8.2917","0.4284"
"199.3000","8.2926","0.4284"
"199.3200","8.2934","0.4284"
"199.3400","8.2943","0.4284"
"199.3600","8.2951","0.4284"
"199.3800","8.2959","0.4284"
"199.4000","8.2968","0.4283"
"199.4200","8.2976","0.4283"
"199.4400","8.2985","0.4283"
"199.4600","8.2993","0.4283"
"199.4800","8.3002","0.4283"
"199.5000","8.3011","0.4283"
"199.5200","8.3019","0.4282"
"199.5400","8.3027","0.4282"
"199.5600","8.3035","0.4282"
"199.5800","8.3043","0.4283"
"199.6000","8.3051","0.4283"
"199.6200","8.3059","0.4282"
"199.6400","8.3066","0.4282"
"199.6600","8.3074","0.4281"
"199.6800","8.3081","0.4281"
"199.7000","8.3089","0.4281"
"199.7200","8.3098","0.4281"
"199.7400","8.3107","0.4281"
"199.7600","8.3115","0.4281"
"199.7800","8.3125","0.4281"
"199.8000","8.3134","0.4281"
"199.8200","8.3143","0.4281"
"199.8400","8.3153","0.4281"
"199.8600","8.3163","0.4281"
"199.8800","8.3172","0.4281"
"199.9000","8.3181","0.4281"
"199.9200","8.3190","0.4281"
"199.9400","8.3198","0.4281"
"199.9600","8.3206","0.4281"
"199.9800","8.3214","0.4281"
"200.0000","8.3221","0.4280"
"200.0200","8.3228","0.4280"
"200.0400","8.3234","0.4279"
"200.0600","8.3241","0.4278"
"200.0800","8.3247","0.4278"
"200.1000","8.3254","0.4278"
"200.1200","8.3261","0.4278"
"200.1400","8.3268","0.4278"
"200.1600","8.3276","0.4277"
"200.1800","8.3284","0.4277"
"200.2000","8.3292","0.4277"
"200.2200","8.3300","0.4277"
"200.2400","8.3309","0.4277"
"200.2600","8.3319","0.4277"
"200.2800","8.3328","0.4277"
"200.3000","8.3338","0.4277"
"200.3200","8.3347","0.4277"
"200.3400","8.3356","0.4277"
"200.3600","8.3365","0.4277"
"200.3800","8.3374","0.4277"
"200.4000","8.3382","0.4277"
"200.4200","8.3391","0.4276"
"200.4400","8.3399","0.4276"
"200.4600","8.3407","0.4276"
"200.4800","8.3415","0.4276"
"200.5000","8.3423","0.4276"
"200.5200","8.3431","0.4276"
"200.5400","8.3440","0.4276"
"200.5600","8.3448","0.4276"
"200.5800","8.3456","0.4275"
"200.6000","8.3464","0.4275"
"200.6200","8.3472","0.4275"
"200.6400","8.3480","0.4275"
"200.6600","8.3489","0.4275"
"200.6800","8.3497","0.4275"
"200.7000","8.3505","0.4275"
"200.7200","8.3513","0.4274"
"200.7400","8.3521","0.4274"
"200.7600","8.3529","0.4274"
"200.7800","8.3537","0.4273"
"200.8000","8.3545","0.4273"
"200.8200","8.3552","0.4273"
"200.8400","8.3560","0.4273"
"200.8600","8.3567","0.4273"
"200.8800","8.3575","0.4273"
"200.9000","8.3583","0.4272"
"200.9200","8.3591","0.4272"
"200.9400","8.3600","0.4272"
"200.9600","8.3608","0.4272"
"200.9800","8.3617","0.4272"
"201.0000","8.3625","0.4272"
"201.0200","8.3635","0.4272"
"201.0400","8.3644","0.4272"
"201.0600","8.3654","0.4272"
"201.0800","8.3664","0.4272"
"201.1000","8.3674","0.4272"
"201.1200","8.3684","0.4273"
"201.1400","8.3694","0.4273"
"201.1600","8.3704","0.4272"
"201.1800","8.3713","0.4272"
"201.2000","8.3721","0.4272"
"201.2200","8.3729","0.4272"
"201.2400","8.3737","0.4272"
"201.2600","8.3744","0.4272"
"201.2800","8.3750","0.4271"
"201.3000","8.3757","0.4270"
"201.3200","8.3764","0.4270"
"201.3400","8.3770","0.4270"
"201.3600","8.3777","0.4270"
"201.3800","8.3784","0.4269"
"201.4000","8.3792","0.4269"
"201.4200","8.3799","0.4269"
"201.4400","8.3808","0.4268"
"201.4600","8.3816","0.4268"
"201.4800","8.3825","0.4268"
"201.5000","8.3834","0.4269"
"201.5200","8.3844","0.4269"
"201.5400","8.3854","0.4269"
"201.5600","8.3864","0.4269"
"201.5800","8.3874","0.4269"
"201.6000","8.3882","0.4268"
"201.6200","8.3891","0.4268"
"201.6400","8.3899","0.4268"
"201.6600","8.3907","0.4269"
"201.6800","8.3915","0.4269"
"201.7000","8.3923","0.4268"
"201.7200","8.3931","0.4268"
"201.7400","8.3939","0.4267"
"201.7600","8.3947","0.4267"
"201.7800","8.3955","0.4267"
"201.8000","8.3963","0.4267"
"201.8200","8.3971","0.4267"
"201.8400","8.3980","0.4267"
"201.8600","8.3988","0.4267"
"201.8800","8.3996","0.4266"
"201.9000","8.4004","0.4266"
"201.9200","8.4013","0.4266"
"201.9400","8.4022","0.4266"
"201.9600","8.4030","0.4266"
"201.9800","8.4039","0.4266"
"202.0000","8.4048","0.4265"
"202.0200","8.4057","0.4266"
"202.0400","8.4065","0.4265"
"202.0600","8.4074","0.4266"
"202.0800","8.4082","0.4266"
"202.1000","8.4090","0.4266"
"202.1200","8.4099","0.4266"
"202.1400","8.4107","0.4265"
"202.1600","8.4115","0.4265"
"202.1800","8.4123","0.4265"
"202.2000","8.4132","0.4265"
"202.2200","8.4140","0.4265"
"202.2400","8.4149","0.4265"
"202.2600","8.4158","0.4265"
"202.2800","8.4167","0.4264"
"202.3000","8.4176","0.4264"
"202.3200","8.4186","0.4264"
"202.3400","8.4196","0.4265"
"202.3600","8.4206","0.4265"
"202.3800","8.4215","0.4265"
"202.4000","8.4225","0.4265"
"202.4200","8.4234","0.4265"
"202.4400","8.4242","0.4265"
"202.4600","8.4250","0.4264"
"202.4800","8.4257","0.4264"
"202.5000","8.4264","0.4264"
"202.5200","8.4271","0.4263"
"202.5400","8.4277","0.4263"
"202.5600","8.4284","0.4263"
"202.5800","8.4291","0.4262"
"202.6000","8.4297","0.4262"
"202.6200","8.4304","0.4261"
"202.6400","8.4312","0.4261"
"202.6600","8.4319","0.4261"
"202.6800","8.4326","0.4260"
"202.7000","8.4334","0.4260"
"202.7200","8.4343","0.4260"
"202.7400","8.4352","0.4260"
"202.7600","8.4361","0.4260"
"202.7800","8.4370","0.4261"
"202.8000","8.4379","0.4260"
"202.8200","8.4388","0.4260"
"202.8400","8.4397","0.4260"
"202.8600","8.4406","0.4260"
"202.8800","8.4414","0.4260"
"202.9000","8.4422","0.4260"
"202.9200","8.4430","0.4260"
"202.9400","8.4439","0.4259"
"202.9600","8.4447","0.4259"
"202.9800","8.4455","0.4259"
"203.0000","8.4463","0.4259"
"203.0200","8.4472","0.4259"
"203.0400","8.4480","0.4259"
"203.0600","8.4489","0.4259"
"203.0800","8.4498","0.4259"
"203.1000","8.4507","0.4259"
"203.1200","8.4515","0.4259"
"203.1400","8.4524","0.4259"
"203.1600","8.4532","0.4259"
"203.1800","8.4541","0.4258"
"203.2000","8.4549","0.4258"
"203.2200","8.4557","0.4258"
"203.2400","8.4566","0.4258"
"203.2600","8.4574","0.4258"
"203.2800","8.4582","0.4258"
"203.3000","8.4590","0.4257"
"203.3200","8.4598","0.4257"
"203.3400","8.4606","0.4257"
"203.3600","8.4614","0.4257"
"203.3800","8.4622","0.4256"
"203.4000","8.4629","0.4256"
"203.4200","8.4638","0.4256"
"203.4400","8.4646","0.4256"
"203.4600","8.4655","0.4256"
"203.4800","8.4664","0.4256"
"203.5000","8.4673","0.4256"
"203.5200","8.4682","0.4256"
"203.5400","8.4692","0.4256"
"203.5600","8.4702","0.4256"
"203.5800","8.4711","0.4256"
"203.6000","8.4721","0.4256"
"203.6200","8.4731","0.4256"
"203.6400","8.4740","0.4256"
"203.6600","8.4748","0.4256"
"203.6800","8.4756","0.4256"
"203.7000","8.4764","0.4256"
"203.7200","8.4771","0.4255"
"203.7400","8.4778","0.4255"
"203.7600","8.4785","0.4255"
"203.7800","8.4791","0.4254"
"203.8000","8.4798","0.4254"
"203.8200","8.4804","0.4253"
"203.8400","8.4811","0.4253"
"203.8600","8.4818","0.4253"
"203.8800","8.4825","0.4252"
"203.9000","8.4832","0.4252"
"203.9200","8.4839","0.4252"
"203.9400","8.4848","0.4252"
"203.9600","8.4856","0.4251"
"203.9800","8.4865","0.4251"
"204.0000","8.4874","0.4252"
"204.0200","8.4884","0.4252"
"204.0400","8.4894","0.4252"
"204.0600","8.4903","0.4252"
"204.0800","8.4913","0.4252"
"204.1000","8.4922","0.4252"
"204.1200","8.4930","0.4252"
"204.1400","8.4939","0.4252"
"204.1600","8.4947","0.4252"
"204.1800","8.4955","0.4252"
"204.2000","8.4963","0.4251"
"204.2200","8.4972","0.4251"
"204.2400","8.4980","0.4251"
"204.2600","8.4989","0.4251"
"204.2800","8.4997","0.4251"
"204.3000","8.5006","0.4251"
"204.3200","8.5014","0.4251"
"204.3400","8.5023","0.4251"
"204.3600","8.5031","0.4250"
"204.3800","8.5040","0.4250"
"204.4000","8.5049","0.4250"
"204.4200","8.5057","0.4250"
"204.4400","8.5066","0.4250"
"204.4600","8.5075","0.4250"
"204.4800","8.5083","0.4250"
"204.5000","8.5092","0.4250"
"204.5200","8.5100","0.4250"
"204.5400","8.5108","0.4249"
"204.5600","8.5116","0.4249"
"204.5800","8.5124","0.4249"
"204.6000","8.5132","0.4249"
"204.6200","8.5140","0.4249"
"204.6400","8.5148","0.4248"
"204.6600","8.5156","0.4248"
"204.6800","8.5164","0.4248"
"204.7000","8.5172","0.4248"
"204.7200","8.5180","0.4248"
"204.7400","8.5189","0.4248"
"204.7600","8.5197","0.4248"
"204.7800","8.5206","0.4247"
"204.8000","8.5216","0.4248"
"204.8200","8.5225","0.4248"
"204.8400","8.5235","0.4248"
"204.8600","8.5245","0.4248"
"204.8800","8.5255","0.4248"
"204.9000","8.5264","0.4248"
"204.9200","8.5274","0.4248"
"204.9400","8.5282","0.4248"
"204.9600","8.5290","0.4248"
"204.9800","8.5298","0.4247"
"205.0000","8.5305","0.4247"
"205.0200","8.5311","0.4247"
"205.0400","8.5318","0.4246"
"205.0600","8.5325","0.4246"
"205.0800","8.5331","0.4245"
"205.1000","8.5338","0.4245"
"205.1200","8.5345","0.4245"
"205.1400","8.5352","0.4244"
"205.1600","8.5359","0.4244"
"205.1800","8.5367","0.4244"
"205.2000","8.5375","0.4244"
"205.2200","8.5384","0.4244"
"205.2400","8.5393","0.4244"
"205.2600","8.5402","0.4244"
"205.2800","8.5412","0.4244"
"205.3000","8.5422","0.4244"
"205.3200","8.5431","0.4244"
"205.3400","8.5440","0.4244"
"205.3600","8.5449","0.4244"
"205.3800","8.5458","0.4244"
"205.4000","8.5466","0.4244"
"205.4200","8.5474","0.4243"
"205.4400","8.5483","0.4243"
"205.4600","8.5491","0.4243"
"205.4800","8.5499","0.4243"
"205.5000","8.5507","0.4243"
"205.5200","8.5515","0.4243"
"205.5400","8.5524","0.4243"
"205.5600","8.5532","0.4243"
"205.5800","8.5540","0.4242"
"205.6000","8.5549","0.4242"
"205.6200","8.5557","0.4242"
"205.6400","8.5566","0.4242"
"205.6600","8.5574","0.4242"
"205.6800","8.5583","0.4242"
"205.7000","8.5591","0.4242"
"205.7200","8.5599","0.4241"
"205.7400","8.5607","0.4241"
"205.7600","8.5615","0.4241"
"205.7800","8.5623","0.4241"
"205.8000","8.5630","0.4240"
"205.8200","8.5638","0.4240"
"205.8400","8.5646","0.4240"
"205.8600","8.5654","0.4240"
"205.8800","8.5661","0.4240"
"205.9000","8.5669","0.4239"
"205.9200","8.5677","0.4239"
"205.9400","8.5686","0.4239"
"205.9600","8.5694","0.4239"
"205.9800","8.5703","0.4239"
"206.0000","8.5712","0.4239"
"206.0200","8.5721","0.4239"
"206.0400","8.5730","0.4239"
"206.0600","8.5740","0.4239"
"206.0800","8.5749","0.4239"
"206.1000","8.5759","0.4240"
"206.1200","8.5769","0.4239"
"206.1400","8.5778","0.4239"
"206.1600","8.5788","0.4239"
"206.1800","8.5797","0.4239"
"206.2000","8.5805","0.4239"
"206.2200","8.5814","0.4239"
"206.2400","8.5821","0.4239"
"206.2600","8.5828","0.4238"
"206.2800","8.5835","0.4238"
"206.3000","8.5842","0.4237"
"206.3200","8.5849","0.4237"
"206.3400","8.5856","0.4237"
"206.3600","8.5862","0.4236"
"206.3800","8.5869","0.4236"
"206.4000","8.5876","0.4236"
"206.4200","8.5884","0.4236"
"206.4400","8.5892","0.4236"
"206.4600","8.5900","0.4235"
"206.4800","8.5909","0.4235"
"206.5000","8.5918","0.4235"
"206.5200","8.5928","0.4235"
"206.5400","8.5938","0.4236"
"206.5600","8.5947","0.4235"
"206.5800","8.5956","0.4235"
"206.6000","8.5965","0.4236"
"206.6200","8.5974","0.4235"
"206.6400","8.5983","0.4235"
"206.6600","8.5991","0.4235"
"206.6800","8.5999","0.4235"
"206.7000","8.6008","0.4235"
"206.7200","8.6016","0.4234"
"206.7400","8.6024","0.4234"
"206.7600","8.6033","0.4234"
"206.7800","8.6041","0.4234"
"206.8000","8.6050","0.4234"
"206.8200","8.6058","0.4234"
"206.8400","8.6067","0.4234"
"206.8600","8.6075","0.4234"
"206.8800","8.6084","0.4234"
"206.9000","8.6092","0.4233"
"206.9200","8.6101","0.4234"
"206.9400","8.6109","0.4233"
"206.9600","8.6118","0.4233"
"206.9800","8.6126","0.4233"
"207.0000","8.6135","0.4233"
"207.0200","8.6144","0.4233"
"207.0400","8.6152","0.4233"
"207.0600","8.6160","0.4233"
"207.0800","8.6168","0.4233"
"207.1000","8.6176","0.4232"
"207.1200","8.6184","0.4232"
"207.1400","8.6192","0.4232"
"207.1600","8.6200","0.4232"
"207.1800","8.6208","0.4231"
"207.2000","8.6217","0.4231"
"207.2200","8.6225","0.4231"
"207.2400","8.6234","0.4232"
"207.2600","8.6243","0.4231"
"207.2800","8.6252","0.4231"
"207.3000","8.6262","0.4231"
"207.3200","8.6271","0.4231"
"207.3400","8.6281","0.4232"
"207.3600","8.6291","0.4232"
"207.3800","8.6300","0.4231"
"207.4000","8.6309","0.4232"
"207.4200","8.6317","0.4232"
"207.4400","8.6326","0.4231"
"207.4600","8.6333","0.4231"
"207.4800","8.6341","0.4230"
"207.5000","8.6348","0.4230"
"207.5200","8.6354","0.4229"
"207.5400","8.6361","0.4229"
"207.5600","8.6367","0.4229"
"207.5800","8.6374","0.4229"
"207.6000","8.6380","0.4228"
"207.6200","8.6387","0.4228"
"207.6400","8.6395","0.4228"
"207.6600","8.6402","0.4227"
"207.6800","8.6410","0.4227"
"207.7000","8.6418","0.4227"
"207.7200","8.6426","0.4226"
"207.7400","8.6435","0.4227"
"207.7600","8.6444","0.4227"
"207.7800","8.6453","0.4227"
"207.8000","8.6462","0.4227"
"207.8200","8.6471","0.4227"
"207.8400","8.6479","0.4227"
"207.8600","8.6488","0.4226"
"207.8800","8.6496","0.4226"
"207.9000","8.6504","0.4226"
"207.9200","8.6512","0.4226"
"207.9400","8.6520","0.4226"
"207.9600","8.6528","0.4226"
"207.9800","8.6536","0.4226"
"208.0000","8.6544","0.4226"
"208.0200","8.6552","0.4225"
"208.0400","8.6560","0.4225"
"208.0600","8.6568","0.4225"
"208.0800","8.6577","0.4224"
"208.1000","8.6585","0.4224"
"208.1200","8.6594","0.4225"
"208.1400","8.6602","0.4225"
"208.1600","8.6611","0.4225"
"208.1800","8.6620","0.4225"
"208.2000","8.6628","0.4224"
"208.2200","8.6637","0.4224"
"208.2400","8.6645","0.4224"
"208.2600","8.6654","0.4223"
"208.2800","8.6663","0.4224"
"208.3000","8.6671","0.4224"
"208.3200","8.6680","0.4224"
"208.3400","8.6688","0.4223"
"208.3600","8.6696","0.4223"
"208.3800","8.6703","0.4223"
"208.4000","8.6711","0.4223"
"208.4200","8.6720","0.4223"
"208.4400","8.6728","0.4222"
"208.4600","8.6736","0.4222"
"208.4800","8.6745","0.4222"
"208.5000","8.6754","0.4222"
"208.5200","8.6763","0.4222"
"208.5400","8.6773","0.4222"
"208.5600","8.6782","0.4222"
"208.5800","8.6792","0.4222"
"208.6000","8.6802","0.4222"
"208.6200","8.6812","0.4222"
"208.6400","8.6821","0.4222"
"208.6600","8.6830","0.4222"
"208.6800","8.6838","0.4222"
"208.7000","8.6846","0.4222"
"208.7200","8.6853","0.4221"
"208.7400","8.6860","0.4221"
"208.7600","8.6867","0.4221"
"208.7800","8.6874","0.4220"
"208.8000","8.6881","0.4220"
"208.8200","8.6887","0.4220"
"208.8400","8.6894","0.4219"
"208.8600","8.6901","0.4219"
"208.8800","8.6908","0.4218"
"208.9000","8.6915","0.4218"
"208.9200","8.6923","0.4218"
"208.9400","8.6931","0.4218"
"208.9600","8.6939","0.4218"
"208.9800","8.6948","0.4218"
"209.0000","8.6957","0.4217"
"209.0200","8.6966","0.4218"
"209.0400","8.6976","0.4218"
"209.0600","8.6985","0.4218"
"209.0800","8.6995","0.4218"
"209.1000","8.7004","0.4218"
"209.1200","8.7013","0.4217"
"209.1400","8.7022","0.4218"
"209.1600","8.7031","0.4218"
"209.1800","8.7040","0.4218"
"209.2000","8.7049","0.4218"
"209.2200","8.7057","0.4217"
"209.2400","8.7066","0.4217"
"209.2600","8.7074","0.4217"
"209.2800","8.7083","0.4217"
"209.3000","8.7091","0.4217"
"209.3200","8.7100","0.4217"
"209.3400","8.7108","0.4217"
"209.3600","8.7116","0.4217"
"209.3800","8.7125","0.4216"
"209.4000","8.7133","0.4216"
"209.4200","8.7142","0.4216"
"209.4400","8.7150","0.4216"
"209.4600","8.7159","0.4216"
"209.4800","8.7168","0.4215"
"209.5000","8.7176","0.4216"
"209.5200","8.7185","0.4216"
"209.5400","8.7193","0.4216"
"209.5600","8.7201","0.4216"
"209.5800","8.7209","0.4215"
"209.6000","8.7217","0.4214"
"209.6200","8.7224","0.4214"
"209.6400","8.7232","0.4214"
"209.6600","8.7240","0.4214"
"209.6800","8.7248","0.4215"
"209.7000","8.7256","0.4214"
"209.7200","8.7265","0.4214"
"209.7400","8.7273","0.4214"
"209.7600","8.7282","0.4213"
"209.7800","8.7291","0.4213"
"209.8000","8.7300","0.4213"
"209.8200","8.7310","0.4214"
"209.8400","8.7319","0.4214"
"209.8600","8.7329","0.4214"
"209.8800","8.7338","0.4214"
"209.9000","8.7348","0.4214"
"209.9200","8.7356","0.4214"
"209.9400","8.7364","0.4213"
"209.9600","8.7372","0.4213"
"209.9800","8.7379","0.4213"
"210.0000","8.7387","0.4212"
"210.0200","8.7393","0.4212"
"210.0400","8.7400","0.4212"
"210.0600","8.7407","0.4211"
"210.0800","8.7413","0.4211"
"210.1000","8.7420","0.4211"
"210.1200","8.7427","0.4210"
"210.1400","8.7434","0.4210"
"210.1600","8.7441","0.4210"
"210.1800","8.7449","0.4209"
"210.2000","8.7457","0.4209"
"210.2200","8.7466","0.4209"
"210.2400","8.7475","0.4210"
"210.2600","8.7484","0.4210"
"210.2800","8.7494","0.4209"
"210.3000","8.7504","0.4209"
"210.3200","8.7513","0.4209"
"210.3400","8.7522","0.4209"
"210.3600","8.7531","0.4209"
"210.3800","8.7540","0.4210"
"210.4000","8.7549","0.4210"
"210.4200","8.7557","0.4209"
"210.4400","8.7566","0.4209"
"210.4600","8.7574","0.4209"
"210.4800","8.7583","0.4208"
"210.5000","8.7591","0.4209"
"210.5200","8.7600","0.4209"
"210.5400","8.7609","0.4209"
"210.5600","8.7617","0.4208"
"210.5800","8.7626","0.4208"
"210.6000","8.7635","0.4208"
"210.6200","8.7643","0.4208"
"210.6400","8.7651","0.4207"
"210.6600","8.7659","0.4208"
"210.6800","8.7667","0.4208"
"210.7000","8.7675","0.4207"
"210.7200","8.7683","0.4207"
"210.7400","8.7691","0.4207"
"210.7600","8.7699","0.4207"
"210.7800","8.7707","0.4207"
"210.8000","8.7715","0.4206"
"210.8200","8.7723","0.4206"
"210.8400","8.7731","0.4206"
"210.8600","8.7738","0.4206"
"210.8800","8.7746","0.4205"
"210.9000","8.7754","0.4205"
"210.9200","8.7762","0.4205"
"210.9400","8.7770","0.4205"
"210.9600","8.7778","0.4205"
"210.9800","8.7787","0.4204"
"211.0000","8.7796","0.4204"
"211.0200","8.7805","0.4204"
"211.0400","8.7814","0.4205"
"211.0600","8.7823","0.4205"
"211.0800","8.7832","0.4205"
"211.1000","8.7842","0.4205"
"211.1200","8.7851","0.4204"
"211.1400","8.7860","0.4204"
"211.1600","8.7869","0.4204"
"211.1800","8.7878","0.4204"
"211.2000","8.7886","0.4204"
"211.2200","8.7894","0.4204"
"211.2400","8.7902","0.4204"
"211.2600","8.7910","0.4203"
"211.2800","8.7917","0.4203"
"211.3000","8.7924","0.4203"
"211.3200","8.7931","0.4202"
"211.3400","8.7938","0.4202"
"211.3600","8.7945","0.4202"
"211.3800","8.7952","0.4201"
"211.4000","8.7960","0.4201"
"211.4200","8.7968","0.4201"
"211.4400","8.7976","0.4201"
"211.4600","8.7985","0.4201"
"211.4800","8.7994","0.4201"
"211.5000","8.8003","0.4201"
"211.5200","8.8012","0.4201"
"211.5400","8.8022","0.4201"
"211.5600","8.8031","0.4201"
"211.5800","8.8040","0.4201"
"211.6000","8.8049","0.4201"
"211.6200","8.8057","0.4200"
"211.6400","8.8065","0.4200"
"211.6600","8.8073","0.4200"
"211.6800","8.8081","0.4200"
"211.7000","8.8089","0.4200"
"211.7200","8.8097","0.4200"
"211.7400","8.8105","0.4200"
"211.7600","8.8113","0.4199"
"211.7800","8.8122","0.4199"
"211.8000","8.8130","0.4199"
"211.8200","8.8138","0.4199"
"211.8400","8.8146","0.4199"
"211.8600","8.8154","0.4199"
"211.8800","8.8162","0.4199"
"211.9000","8.8171","0.4199"
"211.9200","8.8179","0.4198"
"211.9400","8.8188","0.4198"
"211.9600","8.8196","0.4198"
"211.9800","8.8205","0.4198"
"212.0000","8.8213","0.4197"
"212.0200","8.8222","0.4198"
"212.0400","8.8230","0.4198"
"212.0600","8.8239","0.4198"
"212.0800","8.8247","0.4198"
"212.1000","8.8255","0.4197"
"212.1200","8.8263","0.4197"
"212.1400","8.8272","0.4197"
"212.1600","8.8280","0.4196"
"212.1800","8.8288","0.4196"
"212.2000","8.8297","0.4196"
"212.2200","8.8306","0.4196"
"212.2400","8.8315","0.4196"
"212.2600","8.8324","0.4196"
"212.2800","8.8333","0.4196"
"212.3000","8.8343","0.4196"
"212.3200","8.8353","0.4196"
"212.3400","8.8363","0.4196"
"212.3600","8.8373","0.4196"
"212.3800","8.8382","0.4197"
"212.4000","8.8391","0.4197"
"212.4200","8.8400","0.4196"
"212.4400","8.8408","0.4196"
"212.4600","8.8415","0.4196"
"212.4800","8.8423","0.4195"
"212.5000","8.8430","0.4195"
"212.5200","8.8437","0.4195"
"212.5400","8.8443","0.4194"
"212.5600","8.8450","0.4194"
"212.5800","8.8456","0.4194"
"212.6000","8.8463","0.4193"
"212.6200","8.8470","0.4193"
"212.6400","8.8476","0.4192"
"212.6600","8.8483","0.4192"
"212.6800","8.8491","0.4192"
"212.7000","8.8499","0.4191"
"212.7200","8.8507","0.4191"
"212.7400","8.8515","0.4191"
"212.7600","8.8525","0.4191"
"212.7800","8.8534","0.4191"
"212.8000","8.8544","0.4192"
"212.8200","8.8553","0.4192"
"212.8400","8.8563","0.4192"
"212.8600","8.8572","0.4192"
"212.8800","8.8581","0.4192"
"212.9000","8.8590","0.4192"
"212.9200","8.8599","0.4192"
"212.9400","8.8607","0.4192"
"212.9600","8.8616","0.4191"
"212.9800","8.8624","0.4191"
"213.0000","8.8633","0.4191"
"213.0200","8.8641","0.4191"
"213.0400","8.8649","0.4191"
"213.0600","8.8657","0.4190"
"213.0800","8.8666","0.4190"
"213.1000","8.8674","0.4190"
"213.1200","8.8682","0.4190"
"213.1400","8.8691","0.4190"
"213.1600","8.8699","0.4190"
"213.1800","8.8708","0.4190"
"213.2000","8.8716","0.4190"
"213.2200","8.8725","0.4189"
"213.2400","8.8733","0.4189"
"213.2600","8.8741","0.4189"
"213.2800","8.8750","0.4189"
"213.3000","8.8758","0.4189"
"213.3200","8.8766","0.4189"
"213.3400","8.8773","0.4188"
"213.3600","8.8781","0.4188"
"213.3800","8.8789","0.4188"
"213.4000","8.8797","0.4188"
"213.4200","8.8805","0.4188"
"213.4400","8.8813","0.4187"
"213.4600","8.8821","0.4187"
"213.4800","8.8829","0.4187"
"213.5000","8.8838","0.4187"
"213.5200","8.8847","0.4187"
"213.5400","8.8856","0.4187"
"213.5600","8.8865","0.4187"
"213.5800","8.8875","0.4187"
"213.6000","8.8885","0.4187"
"213.6200","8.8895","0.4187"
"213.6400","8.8904","0.4187"
"213.6600","8.8914","0.4187"
"213.6800","8.8923","0.4187"
"213.7000","8.8931","0.4187"
"213.7200","8.8939","0.4187"
"213.7400","8.8946","0.4186"
"213.7600","8.8953","0.4186"
"213.7800","8.8960","0.4185"
"213.8000","8.8967","0.4185"
"213.8200","8.8973","0.4185"
"213.8400","8.8980","0.4184"
"213.8600","8.8987","0.4184"
"213.8800","8.8994","0.4183"
"213.9000","8.9001","0.4183"
"213.9200","8.9009","0.4183"
"213.9400","8.9016","0.4183"
"213.9600","8.9025","0.4183"
"213.9800","8.9034","0.4183"
"214.0000","8.9043","0.4183"
"214.0200","8.9052","0.4183"
"214.0400","8.9062","0.4183"
"214.0600","8.9072","0.4183"
"214.0800","8.9081","0.4183"
"214.1000","8.9091","0.4183"
"214.1200","8.9099","0.4183"
"214.1400","8.9108","0.4183"
"214.1600","8.9117","0.4182"
"214.1800","8.9125","0.4183"
"214.2000","8.9133","0.4182"
"214.2200","8.9142","0.4182"
"214.2400","8.9150","0.4182"
"214.2600","8.9159","0.4182"
"214.2800","8.9168","0.4182"
"214.3000","8.9176","0.4182"
"214.3200","8.9185","0.4181"
"214.3400","8.9193","0.4181"
"214.3600","8.9202","0.4182"
"214.3800","8.9210","0.4182"
"214.4000","8.9219","0.4181"
"214.4200","8.9227","0.4181"
"214.4400","8.9236","0.4181"
"214.4600","8.9245","0.4180"
"214.4800","8.9253","0.4180"
"214.5000","8.9262","0.4180"
"214.5200","8.9270","0.4181"
"214.5400","8.9278","0.4181"
"214.5600","8.9287","0.4180"
"214.5800","8.9295","0.4180"
"214.6000","8.9303","0.4180"
"214.6200","8.9310","0.4179"
"214.6400","8.9318","0.4179"
"214.6600","8.9326","0.4179"
"214.6800","8.9333","0.4179"
"214.7000","8.9341","0.4178"
"214.7200","8.9349","0.4178"
"214.7400","8.9358","0.4178"
"214.7600","8.9366","0.4178"
"214.7800","8.9375","0.4178"
"214.8000","8.9384","0.4178"
"214.8200","8.9393","0.4178"
"214.8400","8.9402","0.4178"
"214.8600","8.9411","0.4177"
"214.8800","8.9420","0.4178"
"214.9000","8.9429","0.4178"
"214.9200","8.9437","0.4178"
"214.9400","8.9445","0.4178"
"214.9600","8.9453","0.4177"
"214.9800","8.9460","0.4177"
"215.0000","8.9468","0.4176"
"215.0200","8.9475","0.4176"
"215.0400","8.9481","0.4176"
"215.0600","8.9488","0.4175"
"215.0800","8.9494","0.4175"
"215.1000","8.9501","0.4175"
"215.1200","8.9508","0.4174"
"215.1400","8.9515","0.4174"
"215.1600","8.9523","0.4173"
"215.1800","8.9530","0.4173"
"215.2000","8.9539","0.4173"
"215.2200","8.9547","0.4173"
"215.2400","8.9556","0.4173"
"215.2600","8.9565","0.4173"
"215.2800","8.9575","0.4173"
"215.3000","8.9584","0.4173"
"215.3200","8.9594","0.4174"
"215.3400","8.9603","0.4174"
"215.3600","8.9612","0.4173"
"215.3800","8.9621","0.4173"
"215.4000","8.9629","0.4173"
"215.4200","8.9638","0.4173"
"215.4400","8.9646","0.4173"
"215.4600","8.9654","0.4173"
"215.4800","8.9663","0.4173"
"215.5000","8.9671","0.4173"
"215.5200","8.9679","0.4172"
"215.5400","8.9688","0.4172"
"215.5600","8.9697","0.4172"
"215.5800","8.9705","0.4172"
"215.6000","8.9714","0.4172"
"215.6200","8.9722","0.4172"
"215.6400","8.9731","0.4172"
"215.6600","8.9739","0.4171"
"215.6800","8.9748","0.4171"
"215.7000","8.9756","0.4171"
"215.7200","8.9764","0.4171"
"215.7400","8.9772","0.4171"
"215.7600","8.9780","0.4171"
"215.7800","8.9788","0.4170"
"215.8000","8.9796","0.4170"
"215.8200","8.9803","0.4170"
"215.8400","8.9811","0.4169"
"215.8600","8.9819","0.4169"
"215.8800","8.9827","0.4169"
"215.9000","8.9835","0.4169"
"215.9200","8.9843","0.4169"
"215.9400","8.9851","0.4168"
"215.9600","8.9859","0.4168"
"215.9800","8.9868","0.4168"
"216.0000","8.9877","0.4168"
"216.0200","8.9886","0.4168"
"216.0400","8.9896","0.4168"
"216.0600","8.9905","0.4168"
"216.0800","8.9915","0.4168"
"216.1000","8.9926","0.4169"
"216.1200","8.9936","0.4169"
"216.1400","8.9946","0.4169"
"216.1600","8.9955","0.4169"
"216.1800","8.9964","0.4169"
"216.2000","8.9972","0.4168"
"216.2200","8.9980","0.4168"
"216.2400","8.9988","0.4168"
"216.2600","8.9995","0.4168"
"216.2800","9.0002","0.4168"
"216.3000","9.0009","0.4167"
"216.3200","9.0016","0.4167"
"216.3400","9.0023","0.4166"
"216.3600","9.0029","0.4165"
"216.3800","9.0037","0.4165"
"216.4000","9.0044","0.4165"
"216.4200","9.0052","0.4165"
"216.4400","9.0059","0.4165"
"216.4600","9.0068","0.4165"
"216.4800","9.0077","0.4165"
"216.5000","9.0086","0.4165"
"216.5200","9.0096","0.4165"
"216.5400","9.0106","0.4165"
"216.5600","9.0116","0.4165"
"216.5800","9.0125","0.4165"
"216.6000","9.0134","0.4165"
"216.6200","9.0142","0.4165"
"216.6400","9.0151","0.4165"
"216.6600","9.0159","0.4164"
"216.6800","9.0167","0.4164"
"216.7000","9.0174","0.4164"
"216.7200","9.0182","0.4164"
"216.7400","9.0190","0.4164"
"216.7600","9.0198","0.4163"
"216.7800","9.0207","0.4163"
"216.8000","9.0215","0.4163"
"216.8200","9.0223","0.4163"
"216.8400","9.0231","0.4163"
"216.8600","9.0240","0.4163"
"216.8800","9.0248","0.4163"
"216.9000","9.0256","0.4162"
"216.9200","9.0265","0.4162"
"216.9400","9.0273","0.4162"
"216.9600","9.0282","0.4162"
"216.9800","9.0290","0.4162"
"217.0000","9.0299","0.4162"
"217.0200","9.0308","0.4162"
"217.0400","9.0316","0.4161"
"217.0600","9.0324","0.4161"
"217.0800","9.0333","0.4161"
"217.1000","9.0341","0.4161"
"217.1200","9.0349","0.4161"
"217.1400","9.0356","0.4161"
"217.1600","9.0364","0.4160"
"217.1800","9.0372","0.4160"
"217.2000","9.0380","0.4160"
"217.2200","9.0389","0.4160"
"217.2400","9.0397","0.4160"
"217.2600","9.0406","0.4160"
"217.2800","9.0415","0.4160"
"217.3000","9.0424","0.4160"
"217.3200","9.0434","0.4160"
"217.3400","9.0443","0.4160"
"217.3600","9.0453","0.4160"
"217.3800","9.0462","0.4160"
"217.4000","9.0471","0.4160"
"217.4200","9.0480","0.4160"
"217.4400","9.0488","0.4160"
"217.4600","9.0496","0.4159"
"217.4800","9.0503","0.4159"
"217.5000","9.0511","0.4158"
"217.5200","9.0518","0.4158"
"217.5400","9.0524","0.4158"
"217.5600","9.0531","0.4157"
"217.5800","9.0538","0.4157"
"217.6000","9.0544","0.4156"
"217.6200","9.0551","0.4156"
"217.6400","9.0558","0.4156"
"217.6600","9.0565","0.4155"
"217.6800","9.0573","0.4155"
"217.7000","9.0581","0.4155"
"217.7200","9.0589","0.4155"
"217.7400","9.0597","0.4155"
"217.7600","9.0607","0.4155"
"217.7800","9.0616","0.4155"
"217.8000","9.0625","0.4155"
"217.8200","9.0635","0.4155"
"217.8400","9.0644","0.4155"
"217.8600","9.0653","0.4155"
"217.8800","9.0662","0.4155"
"217.9000","9.0671","0.4154"
"217.9200","9.0679","0.4154"
"217.9400","9.0688","0.4155"
"217.9600","9.0697","0.4154"
"217.9800","9.0706","0.4154"
"218.0000","9.0714","0.4154"
"218.0200","9.0723","0.4154"
"218.0400","9.0732","0.4154"
"218.0600","9.0741","0.4154"
"218.0800","9.0750","0.4154"
"218.1000","9.0760","0.4154"
"218.1200","9.0769","0.4154"
"218.1400","9.0777","0.4154"
"218.1600","9.0786","0.4154"
"218.1800","9.0794","0.4154"
"218.2000","9.0802","0.4153"
"218.2200","9.0810","0.4153"
"218.2400","9.0818","0.4153"
"218.2600","9.0826","0.4153"
"218.2800","9.0834","0.4153"
"218.3000","9.0842","0.4152"
"218.3200","9.0850","0.4152"
"218.3400","9.0858","0.4152"
"218.3600","9.0865","0.4152"
"218.3800","9.0873","0.4151"
"218.4000","9.0881","0.4151"
"218.4200","9.0889","0.4151"
"218.4400","9.0897","0.4151"
"218.4600","9.0906","0.4151"
"218.4800","9.0914","0.4151"
"218.5000","9.0923","0.4150"
"218.5200","9.0932","0.4150"
"218.5400","9.0942","0.4151"
"218.5600","9.0951","0.4151"
"218.5800","9.0961","0.4151"
"218.6000","9.0971","0.4151"
"218.6200","9.0980","0.4150"
"218.6400","9.0989","0.4150"
"218.6600","9.0997","0.4150"
"218.6800","9.1006","0.4150"
"218.7000","9.1013","0.4150"
"218.7200","9.1021","0.4150"
"218.7400","9.1028","0.4150"
"218.7600","9.1035","0.4149"
"218.7800","9.1042","0.4148"
"218.8000","9.1049","0.4148"
"218.8200","9.1055","0.4148"
"218.8400","9.1062","0.4147"
"218.8600","9.1068","0.4147"
"218.8800","9.1075","0.4147"
"218.9000","9.1082","0.4146"
"218.9200","9.1090","0.4146"
"218.9400","9.1098","0.4146"
"218.9600","9.1106","0.4145"
"218.9800","9.1114","0.4145"
"219.0000","9.1123","0.4146"
"219.0200","9.1132","0.4146"
"219.0400","9.1142","0.4146"
"219.0600","9.1152","0.4146"
"219.0800","9.1161","0.4146"
"219.1000","9.1170","0.4146"
"219.1200","9.1179","0.4145"
"219.1400","9.1188","0.4145"
"219.1600","9.1197","0.4145"
"219.1800","9.1205","0.4145"
"219.2000","9.1214","0.4145"
"219.2200","9.1222","0.4145"
"219.2400","9.1231","0.4145"
"219.2600","9.1239","0.4145"
"219.2800","9.1248","0.4145"
"219.3000","9.1257","0.4145"
"219.3200","9.1265","0.4144"
"219.3400","9.1274","0.4144"
"219.3600","9.1282","0.4144"
"219.3800","9.1291","0.4144"
"219.4000","9.1300","0.4144"
"219.4200","9.1309","0.4144"
"219.4400","9.1318","0.4144"
"219.4600","9.1327","0.4144"
"219.4800","9.1335","0.4144"
"219.5000","9.1344","0.4144"
"219.5200","9.1352","0.4143"
"219.5400","9.1361","0.4144"
"219.5600","9.1368","0.4143"
"219.5800","9.1376","0.4143"
"219.6000","9.1384","0.4143"
"219.6200","9.1392","0.4142"
"219.6400","9.1399","0.4142"
"219.6600","9.1407","0.4142"
"219.6800","9.1415","0.4142"
"219.7000","9.1422","0.4141"
"219.7200","9.1430","0.4141"
"219.7400","9.1439","0.4141"
"219.7600","9.1447","0.4141"
"219.7800","9.1455","0.4141"
"219.8000","9.1464","0.4141"
"219.8200","9.1473","0.4141"
"219.8400","9.1482","0.4141"
"219.8600","9.1491","0.4140"
"219.8800","9.1501","0.4140"
"219.9000","9.1510","0.4140"
"219.9200","9.1519","0.4140"
"219.9400","9.1528","0.4140"
"219.9600","9.1536","0.4140"
"219.9800","9.1544","0.4140"
"220.0000","9.1552","0.4140"
"220.0200","9.1559","0.4139"
"220.0400","9.1566","0.4139"
"220.0600","9.1574","0.4139"
"220.0800","9.1581","0.4138"
"220.1000","9.1588","0.4138"
"220.1200","9.1595","0.4138"
"220.1400","9.1602","0.4137"
"220.1600","9.1610","0.4137"
"220.1800","9.1617","0.4137"
"220.2000","9.1625","0.4137"
"220.2200","9.1634","0.4137"
"220.2400","9.1643","0.4136"
"220.2600","9.1652","0.4137"
"220.2800","9.1662","0.4136"
"220.3000","9.1671","0.4137"
"220.3200","9.1680","0.4137"
"220.3400","9.1689","0.4137"
"220.3600","9.1698","0.4137"
"220.3800","9.1707","0.4136"
"220.4000","9.1715","0.4136"
"220.4200","9.1724","0.4136"
"220.4400","9.1732","0.4136"
"220.4600","9.1741","0.4136"
"220.4800","9.1749","0.4136"
"220.5000","9.1758","0.4136"
"220.5200","9.1766","0.4135"
"220.5400","9.1775","0.4135"
"220.5600","9.1783","0.4135"
"220.5800","9.1791","0.4135"
"220.6000","9.1800","0.4135"
"220.6200","9.1808","0.4135"
"220.6400","9.1816","0.4135"
"220.6600","9.1824","0.4134"
"220.6800","9.1832","0.4134"
"220.7000","9.1840","0.4134"
"220.7200","9.1848","0.4133"
"220.7400","9.1856","0.4133"
"220.7600","9.1864","0.4133"
"220.7800","9.1872","0.4133"
"220.8000","9.1880","0.4133"
"220.8200","9.1888","0.4132"
"220.8400","9.1896","0.4132"
"220.8600","9.1903","0.4132"
"220.8800","9.1911","0.4132"
"220.9000","9.1919","0.4132"
"220.9200","9.1927","0.4131"
"220.9400","9.1935","0.4131"
"220.9600","9.1944","0.4131"
"220.9800","9.1953","0.4131"
"221.0000","9.1961","0.4131"
"221.0200","9.1970","0.4131"
"221.0400","9.1980","0.4131"
"221.0600","9.1989","0.4131"
"221.0800","9.1999","0.4131"
"221.1000","9.2009","0.4131"
"221.1200","9.2019","0.4131"
"221.1400","9.2029","0.4131"
"221.1600","9.2039","0.4132"
"221.1800","9.2048","0.4132"
"221.2000","9.2057","0.4132"
"221.2200","9.2065","0.4131"
"221.2400","9.2072","0.4131"
"221.2600","9.2080","0.4130"
"221.2800","9.2087","0.4130"
"221.3000","9.2094","0.4130"
"221.3200","9.2100","0.4130"
"221.3400","9.2107","0.4129"
"221.3600","9.2114","0.4128"
"221.3800","9.2121","0.4128"
"221.4000","9.2129","0.4128"
"221.4200","9.2137","0.4128"
"221.4400","9.2145","0.4128"
"221.4600","9.2153","0.4127"
"221.4800","9.2162","0.4127"
"221.5000","9.2172","0.4127"
"221.5200","9.2181","0.4128"
"221.5400","9.2191","0.4128"
"221.5600","9.2200","0.4128"
"221.5800","9.2210","0.4128"
"221.6000","9.2218","0.4127"
"221.6200","9.2226","0.4127"
"221.6400","9.2234","0.4127"
"221.6600","9.2242","0.4126"
"221.6800","9.2250","0.4126"
"221.7000","9.2258","0.4126"
"221.7200","9.2266","0.4126"
"221.7400","9.2274","0.4126"
"221.7600","9.2282","0.4126"
"221.7800","9.2291","0.4126"
"221.8000","9.2299","0.4125"
"221.8200","9.2308","0.4125"
"221.8400","9.2316","0.4125"
"221.8600","9.2325","0.4125"
"221.8800","9.2333","0.4125"
"221.9000","9.2342","0.4125"
"221.9200","9.2350","0.4125"
"221.9400","9.2359","0.4125"
"221.9600","9.2367","0.4124"
"221.9800","9.2376","0.4124"
"222.0000","9.2384","0.4124"
"222.0200","9.2392","0.4124"
"222.0400","9.2400","0.4124"
"222.0600","9.2408","0.4124"
"222.0800","9.2416","0.4123"
"222.1000","9.2423","0.4123"
"222.1200","9.2431","0.4123"
"222.1400","9.2439","0.4122"
"222.1600","9.2447","0.4122"
"222.1800","9.2455","0.4122"
"222.2000","9.2464","0.4122"
"222.2200","9.2472","0.4122"
"222.2400","9.2481","0.4122"
"222.2600","9.2490","0.4122"
"222.2800","9.2499","0.4122"
"222.3000","9.2509","0.4122"
"222.3200","9.2518","0.4122"
"222.3400","9.2528","0.4122"
"222.3600","9.2537","0.4122"
"222.3800","9.2547","0.4122"
"222.4000","9.2556","0.4122"
"222.4200","9.2564","0.4122"
"222.4400","9.2572","0.4121"
"222.4600","9.2580","0.4121"
"222.4800","9.2588","0.4121"
"222.5000","9.2595","0.4120"
"222.5200","9.2602","0.4120"
"222.5400","9.2608","0.4120"
"222.5600","9.2615","0.4119"
"222.5800","9.2622","0.4119"
"222.6000","9.2628","0.4118"
"222.6200","9.2635","0.4118"
"222.6400","9.2642","0.4118"
"222.6600","9.2650","0.4117"
"222.6800","9.2658","0.4117"
"222.7000","9.2666","0.4117"
"222.7200","9.2674","0.4117"
"222.7400","9.2683","0.4117"
"222.7600","9.2692","0.4117"
"222.7800","9.2701","0.4117"
"222.8000","9.2710","0.4117"
"222.8200","9.2719","0.4117"
"222.8400","9.2728","0.4117"
"222.8600","9.2737","0.4116"
"222.8800","9.2745","0.4116"
"222.9000","9.2753","0.4116"
"222.9200","9.2761","0.4116"
"222.9400","9.2769","0.4116"
"222.9600","9.2777","0.4116"
"222.9800","9.2785","0.4115"
"223.0000","9.2793","0.4115"
"223.0200","9.2802","0.4115"
"223.0400","9.2810","0.4115"
"223.0600","9.2819","0.4115"
"223.0800","9.2827","0.4115"
"223.1000","9.2836","0.4115"
"223.1200","9.2844","0.4114"
"223.1400","9.2853","0.4114"
"223.1600","9.2862","0.4114"
"223.1800","9.2870","0.4114"
"223.2000","9.2879","0.4114"
"223.2200","9.2888","0.4114"
"223.2400","9.2897","0.4114"
"223.2600","9.2906","0.4114"
"223.2800","9.2914","0.4114"
"223.3000","9.2923","0.4113"
"223.3200","9.2931","0.4113"
"223.3400","9.2939","0.4113"
"223.3600","9.2947","0.4113"
"223.3800","9.2955","0.4113"
"223.4000","9.2963","0.4113"
"223.4200","9.2971","0.4112"
"223.4400","9.2980","0.4112"
"223.4600","9.2988","0.4112"
"223.4800","9.2997","0.4112"
"223.5000","9.3007","0.4112"
"223.5200","9.3016","0.4112"
"223.5400","9.3026","0.4112"
"223.5600","9.3036","0.4112"
"223.5800","9.3046","0.4112"
"223.6000","9.3056","0.4112"
"223.6200","9.3065","0.4112"
"223.6400","9.3074","0.4112"
"223.6600","9.3083","0.4112"
"223.6800","9.3090","0.4112"
"223.7000","9.3098","0.4111"
"223.7200","9.3105","0.4111"
"223.7400","9.3112","0.4111"
"223.7600","9.3119","0.4110"
"223.7800","9.3126","0.4110"
"223.8000","9.3133","0.4109"
"223.8200","9.3140","0.4109"
"223.8400","9.3146","0.4109"
"223.8600","9.3153","0.4108"
"223.8800","9.3161","0.4108"
"223.9000","9.3168","0.4108"
"223.9200","9.3176","0.4108"
"223.9400","9.3184","0.4107"
"223.9600","9.3192","0.4107"
"223.9800","9.3201","0.4107"
"224.0000","9.3210","0.4107"
"224.0200","9.3220","0.4107"
"224.0400","9.3230","0.4107"
"224.0600","9.3239","0.4107"
"224.0800","9.3249","0.4107"
"224.1000","9.3258","0.4107"
"224.1200","9.3266","0.4107"
"224.1400","9.3275","0.4107"
"224.1600","9.3283","0.4107"
"224.1800","9.3292","0.4107"
"224.2000","9.3300","0.4106"
"224.2200","9.3308","0.4106"
"224.2400","9.3316","0.4106"
"224.2600","9.3324","0.4106"
"224.2800","9.3332","0.4106"
"224.3000","9.3341","0.4105"
"224.3200","9.3349","0.4105"
"224.3400","9.3357","0.4105"
"224.3600","9.3365","0.4105"
"224.3800","9.3374","0.4104"
"224.4000","9.3382","0.4104"
"224.4200","9.3390","0.4104"
"224.4400","9.3398","0.4104"
"224.4600","9.3407","0.4104"
"224.4800","9.3415","0.4104"
"224.5000","9.3423","0.4104"
"224.5200","9.3432","0.4103"
"224.5400","9.3440","0.4103"
"224.5600","9.3448","0.4103"
"224.5800","9.3456","0.4103"
"224.6000","9.3464","0.4103"
"224.6200","9.3472","0.4102"
"224.6400","9.3480","0.4102"
"224.6600","9.3487","0.4102"
"224.6800","9.3495","0.4102"
"224.7000","9.3503","0.4101"
"224.7200","9.3512","0.4101"
"224.7400","9.3520","0.4101"
"224.7600","9.3529","0.4101"
"224.7800","9.3538","0.4101"
"224.8000","9.3547","0.4101"
"224.8200","9.3557","0.4101"
"224.8400","9.3566","0.4101"
"224.8600","9.3576","0.4101"
"224.8800","9.3585","0.4101"
"224.9000","9.3594","0.4101"
"224.9200","9.3603","0.4101"
"224.9400","9.3611","0.4101"
"224.9600","9.3619","0.4101"
"224.9800","9.3627","0.4100"
"225.0000","9.3634","0.4100"
"225.0200","9.3641","0.4100"
"225.0400","9.3649","0.4099"
"225.0600","9.3656","0.4099"
"225.0800","9.3663","0.4099"
"225.1000","9.3670","0.4098"
"225.1200","9.3677","0.4098"
"225.1400","9.3684","0.4097"
"225.1600","9.3692","0.4097"
"225.1800","9.3699","0.4097"
"225.2000","9.3707","0.4097"
"225.2200","9.3716","0.4097"
"225.2400","9.3725","0.4097"
"225.2600","9.3735","0.4097"
"225.2800","9.3744","0.4097"
"225.3000","9.3754","0.4097"
"225.3200","9.3763","0.4097"
"225.3400","9.3772","0.4097"
"225.3600","9.3781","0.4097"
"225.3800","9.3790","0.4097"
"225.4000","9.3798","0.4096"
"225.4200","9.3807","0.4096"
"225.4400","9.3815","0.4096"
"225.4600","9.3824","0.4096"
"225.4800","9.3833","0.4096"
"225.5000","9.3842","0.4096"
"225.5200","9.3850","0.4096"
"225.5400","9.3859","0.4095"
"225.5600","9.3868","0.4095"
"225.5800","9.3876","0.4095"
"225.6000","9.3885","0.4095"
"225.6200","9.3893","0.4095"
"225.6400","9.3901","0.4095"
"225.6600","9.3909","0.4095"
"225.6800","9.3917","0.4094"
"225.7000","9.3925","0.4094"
"225.7200","9.3933","0.4094"
"225.7400","9.3941","0.4094"
"225.7600","9.3949","0.4093"
"225.7800","9.3957","0.4093"
"225.8000","9.3965","0.4093"
"225.8200","9.3972","0.4093"
"225.8400","9.3980","0.4093"
"225.8600","9.3988","0.4092"
"225.8800","9.3996","0.4092"
"225.9000","9.4004","0.4092"
"225.9200","9.4012","0.4092"
"225.9400","9.4020","0.4091"
"225.9600","9.4029","0.4091"
"225.9800","9.4038","0.4091"
"226.0000","9.4047","0.4092"
"226.0200","9.4056","0.4092"
"226.0400","9.4066","0.4091"
"226.0600","9.4075","0.4091"
"226.0800","9.4085","0.4091"
"226.1000","9.4095","0.4091"
"226.1200","9.4105","0.4092"
"226.1400","9.4115","0.4092"
"226.1600","9.4125","0.4092"
"226.1800","9.4134","0.4092"
"226.2000","9.4142","0.4092"
"226.2200","9.4150","0.4091"
"226.2400","9.4157","0.4091"
"226.2600","9.4164","0.4090"
"226.2800","9.4171","0.4090"
"226.3000","9.4177","0.4089"
"226.3200","9.4184","0.4089"
"226.3400","9.4191","0.4088"
"226.3600","9.4197","0.4088"
"226.3800","9.4204","0.4087"
"226.4000","9.4211","0.4087"
"226.4200","9.4219","0.4087"
"226.4400","9.4227","0.4087"
"226.4600","9.4235","0.4087"
"226.4800","9.4243","0.4087"
"226.5000","9.4252","0.4087"
"226.5200","9.4262","0.4086"
"226.5400","9.4271","0.4086"
"226.5600","9.4280","0.4086"
"226.5800","9.4289","0.4086"
"226.6000","9.4297","0.4086"
"226.6200","9.4305","0.4086"
"226.6400","9.4313","0.4086"
"226.6600","9.4321","0.4085"
"226.6800","9.4329","0.4085"
"226.7000","9.4337","0.4085"
"226.7200","9.4345","0.4085"
"226.7400","9.4353","0.4085"
"226.7600","9.4361","0.4084"
"226.7800","9.4369","0.4084"
"226.8000","9.4378","0.4084"
"226.8200","9.4386","0.4084"
"226.8400","9.4394","0.4083"
"226.8600","9.4403","0.4083"
"226.8800","9.4411","0.4083"
"226.9000","9.4420","0.4083"
"226.9200","9.4429","0.4083"
"226.9400","9.4437","0.4083"
"226.9600","9.4446","0.4083"
"226.9800","9.4455","0.4083"
"227.0000","9.4464","0.4083"
"227.0200","9.4473","0.4083"
"227.0400","9.4481","0.4083"
"227.0600","9.4489","0.4082"
"227.0800","9.4498","0.4082"
"227.1000","9.4506","0.4082"
"227.1200","9.4514","0.4082"
"227.1400","9.4523","0.4082"
"227.1600","9.4531","0.4082"
"227.1800","9.4540","0.4082"
"227.2000","9.4548","0.4082"
"227.2200","9.4557","0.4081"
"227.2400","9.4566","0.4081"
"227.2600","9.4574","0.4081"
"227.2800","9.4584","0.4081"
"227.3000","9.4593","0.4081"
"227.3200","9.4603","0.4081"
"227.3400","9.4612","0.4081"
"227.3600","9.4622","0.4081"
"227.3800","9.4631","0.4081"
"227.4000","9.4640","0.4080"
"227.4200","9.4648","0.4080"
"227.4400","9.4656","0.4080"
"227.4600","9.4664","0.4080"
"227.4800","9.4671","0.4080"
"227.5000","9.4678","0.4079"
"227.5200","9.4685","0.4079"
"227.5400","9.4692","0.4078"
"227.5600","9.4699","0.4078"
"227.5800","9.4705","0.4077"
"227.6000","9.4712","0.4077"
"227.6200","9.4719","0.4077"
"227.6400","9.4726","0.4076"
"227.6600","9.4734","0.4076"
"227.6800","9.4741","0.4076"
"227.7000","9.4749","0.4076"
"227.7200","9.4758","0.4075"
"227.7400","9.4766","0.4075"
"227.7600","9.4776","0.4075"
"227.7800","9.4785","0.4076"
"227.8000","9.4794","0.4075"
"227.8200","9.4804","0.4076"
"227.8400","9.4813","0.4076"
"227.8600","9.4821","0.4075"
"227.8800","9.4830","0.4075"
"227.9000","9.4838","0.4075"
"227.9200","9.4847","0.4075"
"227.9400","9.4855","0.4075"
"227.9600","9.4863","0.4075"
"227.9800","9.4872","0.4074"
"228.0000","9.4880","0.4074"
"228.0200","9.4888","0.4074"
"228.0400","9.4897","0.4074"
"228.0600","9.4906","0.4074"
"228.0800","9.4914","0.4074"
"228.1000","9.4923","0.4073"
"228.1200","9.4932","0.4073"
"228.1400","9.4940","0.4073"
"228.1600","9.4949","0.4073"
"228.1800","9.4958","0.4073"
"228.2000","9.4967","0.4073"
"228.2200","9.4975","0.4073"
"228.2400","9.4984","0.4073"
"228.2600","9.4992","0.4073"
"228.2800","9.5000","0.4072"
"228.3000","9.5008","0.4072"
"228.3200","9.5016","0.4072"
"228.3400","9.5024","0.4071"
"228.3600","9.5032","0.4071"
"228.3800","9.5039","0.4071"
"228.4000","9.5047","0.4070"
"228.4200","9.5055","0.4071"
"228.4400","9.5064","0.4071"
"228.4600","9.5072","0.4070"
"228.4800","9.5081","0.4070"
"228.5000","9.5089","0.4070"
"228.5200","9.5098","0.4069"
"228.5400","9.5108","0.4070"
"228.5600","9.5117","0.4070"
"228.5800","9.5127","0.4070"
"228.6000","9.5136","0.4070"
"228.6200","9.5146","0.4070"
"228.6400","9.5155","0.4070"
"228.6600","9.5164","0.4070"
"228.6800","9.5172","0.4070"
"228.7000","9.5181","0.4069"
"228.7200","9.5188","0.4069"
"228.7400","9.5196","0.4069"
"228.7600","9.5203","0.4068"
"228.7800","9.5210","0.4068"
"228.8000","9.5216","0.4067"
"228.8200","9.5223","0.4067"
"228.8400","9.5230","0.4067"
"228.8600","9.5237","0.4066"
"228.8800","9.5244","0.4066"
"228.9000","9.5251","0.4065"
"228.9200","9.5259","0.4065"
"228.9400","9.5267","0.4065"
"228.9600","9.5276","0.4065"
"228.9800","9.5284","0.4065"
"229.0000","9.5294","0.4065"
"229.0200","9.5303","0.4065"
"229.0400","9.5313","0.4065"
"229.0600","9.5322","0.4065"
"229.0800","9.5331","0.4065"
"229.1000","9.5340","0.4065"
"229.1200","9.5349","0.4064"
"229.1400","9.5358","0.4065"
"229.1600","9.5366","0.4065"
"229.1800","9.5375","0.4064"
"229.2000","9.5384","0.4064"
"229.2200","9.5392","0.4064"
"229.2400","9.5401","0.4064"
"229.2600","9.5409","0.4064"
"229.2800","9.5418","0.4064"
"229.3000","9.5426","0.4063"
"229.3200","9.5435","0.4063"
"229.3400","9.5443","0.4063"
"229.3600","9.5452","0.4063"
"229.3800","9.5460","0.4063"
"229.4000","9.5468","0.4063"
"229.4200","9.5477","0.4062"
"229.4400","9.5485","0.4062"
"229.4600","9.5493","0.4061"
"229.4800","9.5502","0.4061"
"229.5000","9.5510","0.4061"
"229.5200","9.5518","0.4061"
"229.5400","9.5526","0.4061"
"229.5600","9.5534","0.4061"
"229.5800","9.5542","0.4061"
"229.6000","9.5550","0.4060"
"229.6200","9.5557","0.4060"
"229.6400","9.5564","0.4059"
"229.6600","9.5572","0.4059"
"229.6800","9.5580","0.4059"
"229.7000","9.5588","0.4059"
"229.7200","9.5596","0.4059"
"229.7400","9.5604","0.4058"
"229.7600","9.5613","0.4058"
"229.7800","9.5622","0.4058"
"229.8000","9.5631","0.4058"
"229.8200","9.5640","0.4058"
"229.8400","9.5650","0.4058"
"229.8600","9.5659","0.4058"
"229.8800","9.5669","0.4058"
"229.9000","9.5678","0.4058"
"229.9200","9.5687","0.4058"
"229.9400","9.5695","0.4058"
"229.9600","9.5703","0.4058"
"229.9800","9.5711","0.4057"
"230.0000","9.5718","0.4057"
"230.0200","9.5725","0.4056"
"230.0400","9.5732","0.4056"
"230.0600","9.5739","0.4056"
"230.0800","9.5746","0.4055"
"230.1000","9.5752","0.4055"
"230.1200","9.5760","0.4055"
"230.1400","9.5767","0.4054"
"230.1600","9.5775","0.4054"
"230.1800","9.5783","0.4054"
"230.2000","9.5791","0.4054"
"230.2200","9.5800","0.4053"
"230.2400","9.5809","0.4053"
"230.2600","9.5818","0.4053"
"230.2800","9.5827","0.4053"
"230.3000","9.5837","0.4053"
"230.3200","9.5846","0.4053"
"230.3400","9.5855","0.4053"
"230.3600","9.5864","0.4053"
"230.3800","9.5872","0.4053"
"230.4000","9.5881","0.4053"
"230.4200","9.5889","0.4053"
"230.4400","9.5897","0.4052"
"230.4600","9.5905","0.4052"
"230.4800","9.5914","0.4052"
"230.5000","9.5923","0.4052"
"230.5200","9.5931","0.4052"
"230.5400","9.5940","0.4052"
"230.5600","9.5949","0.4052"
"230.5800","9.5957","0.4051"
"230.6000","9.5966","0.4051"
"230.6200","9.5974","0.4051"
"230.6400","9.5982","0.4051"
"230.6600","9.5990","0.4051"
"230.6800","9.5998","0.4050"
"230.7000","9.6006","0.4050"
"230.7200","9.6014","0.4050"
"230.7400","9.6022","0.4050"
"230.7600","9.6030","0.4050"
"230.7800","9.6038","0.4049"
"230.8000","9.6046","0.4049"
"230.8200","9.6054","0.4049"
"230.8400","9.6062","0.4048"
"230.8600","9.6069","0.4048"
"230.8800","9.6077","0.4048"
"230.9000","9.6085","0.4048"
"230.9200","9.6093","0.4047"
"230.9400","9.6102","0.4047"
"230.9600","9.6110","0.4047"
"230.9800","9.6119","0.4047"
"231.0000","9.6127","0.4047"
"231.0200","9.6137","0.4047"
"231.0400","9.6146","0.4046"
"231.0600","9.6157","0.4047"
"231.0800","9.6167","0.4048"
"231.1000","9.6177","0.4048"
"231.1200","9.6188","0.4048"
"231.1400","9.6197","0.4048"
"231.1600","9.6206","0.4047"
"231.1800","9.6215","0.4047"
"231.2000","9.6223","0.4047"
"231.2200","9.6231","0.4047"
"231.2400","9.6238","0.4047"
"231.2600","9.6245","0.4046"
"231.2800","9.6252","0.4046"
"231.3000","9.6259","0.4045"
"231.3200","9.6266","0.4044"
"231.3400","9.6273","0.4044"
"231.3600","9.6280","0.4044"
"231.3800","9.6287","0.4043"
"231.4000","9.6294","0.4043"
"231.4200","9.6301","0.4043"
"231.4400","9.6309","0.4043"
"231.4600","9.6318","0.4042"
"231.4800","9.6326","0.4043"
"231.5000","9.6336","0.4043"
"231.5200","9.6345","0.4042"
"231.5400","9.6355","0.4042"
"231.5600","9.6364","0.4042"
"231.5800","9.6373","0.4042"
"231.6000","9.6383","0.4042"
"231.6200","9.6391","0.4042"
"231.6400","9.6399","0.4042"
"231.6600","9.6407","0.4042"
"231.6800","9.6415","0.4042"
"231.7000","9.6423","0.4041"
"231.7200","9.6431","0.4041"
"231.7400","9.6439","0.4040"
"231.7600","9.6447","0.4040"
"231.7800","9.6455","0.4040"
"231.8000","9.6463","0.4040"
"231.8200","9.6471","0.4040"
"231.8400","9.6479","0.4040"
"231.8600","9.6487","0.4039"
"231.8800","9.6495","0.4039"
"231.9000","9.6504","0.4039"
"231.9200","9.6512","0.4039"
"231.9400","9.6520","0.4039"
"231.9600","9.6529","0.4039"
"231.9800","9.6537","0.4038"
"232.0000","9.6546","0.4038"
"232.0200","9.6554","0.4038"
"232.0400","9.6562","0.4038"
"232.0600","9.6571","0.4038"
"232.0800","9.6579","0.4037"
"232.1000","9.6587","0.4037"
"232.1200","9.6595","0.4037"
"232.1400","9.6603","0.4037"
"232.1600","9.6611","0.4037"
"232.1800","9.6620","0.4036"
"232.2000","9.6628","0.4036"
"232.2200","9.6637","0.4036"
"232.2400","9.6646","0.4036"
"232.2600","9.6655","0.4036"
"232.2800","9.6664","0.4036"
"232.3000","9.6673","0.4036"
"232.3200","9.6683","0.4036"
"232.3400","9.6693","0.4036"
"232.3600","9.6703","0.4036"
"232.3800","9.6712","0.4036"
"232.4000","9.6722","0.4036"
"232.4200","9.6730","0.4035"
"232.4400","9.6739","0.4035"
"232.4600","9.6747","0.4035"
"232.4800","9.6754","0.4035"
"232.5000","9.6761","0.4035"
"232.5200","9.6768","0.4034"
"232.5400","9.6775","0.4034"
"232.5600","9.6782","0.4033"
"232.5800","9.6789","0.4033"
"232.6000","9.6796","0.4032"
"232.6200","9.6803","0.4032"
"232.6400","9.6810","0.4032"
"232.6600","9.6817","0.4031"
"232.6800","9.6825","0.4031"
"232.7000","9.6833","0.4031"
"232.7200","9.6841","0.4031"
"232.7400","9.6850","0.4031"
"232.7600","9.6859","0.4031"
"232.7800","9.6868","0.4031"
"232.8000","9.6878","0.4031"
"232.8200","9.6887","0.4031"
"232.8400","9.6896","0.4031"
"232.8600","9.6905","0.4031"
"232.8800","9.6914","0.4030"
"232.9000","9.6922","0.4030"
"232.9200","9.6931","0.4030"
"232.9400","9.6940","0.4030"
"232.9600","9.6949","0.4030"
"232.9800","9.6957","0.4029"
"233.0000","9.6966","0.4030"
"233.0200","9.6974","0.4029"
"233.0400","9.6983","0.4029"
"233.0600","9.6992","0.4029"
"233.0800","9.7000","0.4029"
"233.1000","9.7009","0.4028"
"233.1200","9.7018","0.4028"
"233.1400","9.7026","0.4028"
"233.1600","9.7035","0.4028"
"233.1800","9.7043","0.4028"
"233.2000","9.7051","0.4028"
"233.2200","9.7059","0.4027"
"233.2400","9.7067","0.4027"
"233.2600","9.7076","0.4027"
"233.2800","9.7084","0.4027"
"233.3000","9.7092","0.4027"
"233.3200","9.7100","0.4026"
"233.3400","9.7108","0.4026"
"233.3600","9.7116","0.4026"
"233.3800","9.7124","0.4026"
"233.4000","9.7132","0.4025"
"233.4200","9.7140","0.4025"
"233.4400","9.7148","0.4025"
"233.4600","9.7157","0.4025"
"233.4800","9.7165","0.4025"
"233.5000","9.7175","0.4025"
"233.5200","9.7184","0.4025"
"233.5400","9.7193","0.4025"
"233.5600","9.7203","0.4025"
"233.5800","9.7212","0.4025"
"233.6000","9.7222","0.4024"
"233.6200","9.7231","0.4024"
"233.6400","9.7240","0.4024"
"233.6600","9.7249","0.4024"
"233.6800","9.7257","0.4024"
"233.7000","9.7265","0.4024"
"233.7200","9.7272","0.4023"
"233.7400","9.7279","0.4023"
"233.7600","9.7286","0.4023"
"233.7800","9.7292","0.4022"
"233.8000","9.7299","0.4021"
"233.8200","9.7306","0.4021"
"233.8400","9.7313","0.4021"
"233.8600","9.7320","0.4021"
"233.8800","9.7327","0.4020"
"233.9000","9.7334","0.4020"
"233.9200","9.7342","0.4019"
"233.9400","9.7350","0.4019"
"233.9600","9.7358","0.4019"
"233.9800","9.7366","0.4019"
"234.0000","9.7375","0.4019"
"234.0200","9.7385","0.4019"
"234.0400","9.7394","0.4019"
"234.0600","9.7404","0.4019"
"234.0800","9.7413","0.4019"
"234.1000","9.7422","0.4019"
"234.1200","9.7430","0.4018"
"234.1400","9.7439","0.4018"
"234.1600","9.7447","0.4018"
"234.1800","9.7455","0.4018"
"234.2000","9.7464","0.4018"
"234.2200","9.7472","0.4017"
"234.2400","9.7480","0.4017"
"234.2600","9.7489","0.4017"
"234.2800","9.7497","0.4017"
"234.3000","9.7506","0.4017"
"234.3200","9.7514","0.4017"
"234.3400","9.7523","0.4017"
"234.3600","9.7531","0.4016"
"234.3800","9.7540","0.4016"
"234.4000","9.7548","0.4016"
"234.4200","9.7557","0.4016"
"234.4400","9.7565","0.4015"
"234.4600","9.7574","0.4015"
"234.4800","9.7582","0.4015"
"234.5000","9.7591","0.4015"
"234.5200","9.7599","0.4015"
"234.5400","9.7608","0.4015"
"234.5600","9.7616","0.4015"
"234.5800","9.7624","0.4014"
"234.6000","9.7631","0.4014"
"234.6200","9.7639","0.4013"
"234.6400","9.7646","0.4013"
"234.6600","9.7654","0.4013"
"234.6800","9.7662","0.4012"
"234.7000","9.7669","0.4012"
"234.7200","9.7678","0.4012"
"234.7400","9.7686","0.4012"
"234.7600","9.7695","0.4012"
"234.7800","9.7703","0.4011"
"234.8000","9.7712","0.4011"
"234.8200","9.7722","0.4011"
"234.8400","9.7731","0.4011"
"234.8600","9.7741","0.4012"
"234.8800","9.7750","0.4012"
"234.9000","9.7759","0.4012"
"234.9200","9.7768","0.4011"
"234.9400","9.7777","0.4011"
"234.9600","9.7785","0.4011"
"234.9800","9.7793","0.4010"
"235.0000","9.7800","0.4010"
"235.0200","9.7807","0.4010"
"235.0400","9.7814","0.4010"
"235.0600","9.7822","0.4009"
"235.0800","9.7829","0.4009"
"235.1000","9.7836","0.4008"
"235.1200","9.7843","0.4008"
"235.1400","9.7850","0.4008"
"235.1600","9.7858","0.4007"
"235.1800","9.7866","0.4007"
"235.2000","9.7874","0.4007"
"235.2200","9.7883","0.4007"
"235.2400","9.7892","0.4007"
"235.2600","9.7902","0.4007"
"235.2800","9.7912","0.4007"
"235.3000","9.7921","0.4007"
"235.3200","9.7931","0.4007"
"235.3400","9.7941","0.4007"
"235.3600","9.7950","0.4007"
"235.3800","9.7959","0.4007"
"235.4000","9.7968","0.4007"
"235.4200","9.7976","0.4006"
"235.4400","9.7985","0.4006"
"235.4600","9.7993","0.4006"
"235.4800","9.8002","0.4006"
"235.5000","9.8010","0.4006"
"235.5200","9.8018","0.4005"
"235.5400","9.8027","0.4005"
"235.5600","9.8035","0.4005"
"235.5800","9.8044","0.4005"
"235.6000","9.8052","0.4005"
"235.6200","9.8060","0.4004"
"235.6400","9.8069","0.4004"
"235.6600","9.8077","0.4004"
"235.6800","9.8085","0.4004"
"235.7000","9.8093","0.4003"
"235.7200","9.8101","0.4003"
"235.7400","9.8108","0.4003"
"235.7600","9.8116","0.4003"
"235.7800","9.8124","0.4003"
"235.8000","9.8132","0.4002"
"235.8200","9.8140","0.4002"
"235.8400","9.8148","0.4002"
"235.8600","9.8156","0.4001"
"235.8800","9.8163","0.4001"
"235.9000","9.8171","0.4001"
"235.9200","9.8179","0.4001"
"235.9400","9.8188","0.4000"
"235.9600","9.8196","0.4000"
"235.9800","9.8205","0.4000"
"236.0000","9.8214","0.4000"
"236.0200","9.8223","0.4000"
"236.0400","9.8233","0.4000"
"236.0600","9.8242","0.4000"
"236.0800","9.8252","0.4000"
"236.1000","9.8262","0.4000"
"236.1200","9.8272","0.4000"
"236.1400","9.8282","0.4000"
"236.1600","9.8291","0.4000"
"236.1800","9.8300","0.4000"
"236.2000","9.8308","0.4000"
"236.2200","9.8316","0.3999"
"236.2400","9.8323","0.3999"
"236.2600","9.8330","0.3999"
"236.2800","9.8337","0.3998"
"236.3000","9.8343","0.3997"
"236.3200","9.8350","0.3997"
"236.3400","9.8357","0.3997"
"236.3600","9.8364","0.3996"
"236.3800","9.8371","0.3996"
"236.4000","9.8378","0.3995"
"236.4200","9.8385","0.3995"
"236.4400","9.8393","0.3995"
"236.4600","9.8401","0.3995"
"236.4800","9.8410","0.3995"
"236.5000","9.8419","0.3995"
"236.5200","9.8429","0.3995"
"236.5400","9.8438","0.3995"
"236.5600","9.8448","0.3995"
"236.5800","9.8457","0.3994"
"236.6000","9.8466","0.3994"
"236.6200","9.8474","0.3994"
"236.6400","9.8483","0.3994"
"236.6600","9.8490","0.3993"
"236.6800","9.8498","0.3993"
"236.7000","9.8506","0.3993"
"236.7200","9.8514","0.3993"
"236.7400","9.8523","0.3993"
"236.7600","9.8531","0.3992"
"236.7800","9.8539","0.3992"
"236.8000","9.8547","0.3992"
"236.8200","9.8556","0.3992"
"236.8400","9.8564","0.3991"
"236.8600","9.8572","0.3991"
"236.8800","9.8580","0.3991"
"236.9000","9.8589","0.3991"
"236.9200","9.8597","0.3991"
"236.9400","9.8605","0.3991"
"236.9600","9.8614","0.3990"
"236.9800","9.8622","0.3990"
"237.0000","9.8631","0.3989"
"237.0200","9.8639","0.3989"
"237.0400","9.8648","0.3990"
"237.0600","9.8656","0.3989"
"237.0800","9.8664","0.3989"
"237.1000","9.8672","0.3989"
"237.1200","9.8681","0.3988"
"237.1400","9.8689","0.3988"
"237.1600","9.8697","0.3988"
"237.1800","9.8705","0.3988"
"237.2000","9.8714","0.3988"
"237.2200","9.8722","0.3988"
"237.2400","9.8731","0.3987"
"237.2600","9.8740","0.3987"
"237.2800","9.8750","0.3987"
"237.3000","9.8759","0.3987"
"237.3200","9.8769","0.3987"
"237.3400","9.8779","0.3987"
"237.3600","9.8789","0.3987"
"237.3800","9.8798","0.3987"
"237.4000","9.8807","0.3987"
"237.4200","9.8815","0.3987"
"237.4400","9.8824","0.3987"
"237.4600","9.8832","0.3986"
"237.4800","9.8839","0.3986"
"237.5000","9.8846","0.3985"
"237.5200","9.8853","0.3985"
"237.5400","9.8860","0.3985"
"237.5600","9.8866","0.3984"
"237.5800","9.8872","0.3984"
"237.6000","9.8879","0.3983"
"237.6200","9.8885","0.3983"
"237.6400","9.8892","0.3982"
"237.6600","9.8899","0.3982"
"237.6800","9.8907","0.3982"
"237.7000","9.8915","0.3981"
"237.7200","9.8923","0.3981"
"237.7400","9.8932","0.3981"
"237.7600","9.8941","0.3981"
"237.7800","9.8950","0.3981"
"237.8000","9.8960","0.3981"
"237.8200","9.8969","0.3981"
"237.8400","9.8978","0.3981"
"237.8600","9.8987","0.3981"
"237.8800","9.8996","0.3981"
"237.9000","9.9004","0.3981"
"237.9200","9.9013","0.3980"
"237.9400","9.9021","0.3980"
"237.9600","9.9029","0.3980"
"237.9800","9.9038","0.3980"
"238.0000","9.9046","0.3979"
"238.0200","9.9055","0.3979"
"238.0400","9.9063","0.3979"
"238.0600","9.9072","0.3979"
"238.0800","9.9080","0.3979"
"238.1000","9.9089","0.3979"
"238.1200","9.9097","0.3978"
"238.1400","9.9106","0.3978"
"238.1600","9.9115","0.3978"
"238.1800","9.9123","0.3978"
"238.2000","9.9132","0.3978"
"238.2200","9.9140","0.3977"
"238.2400","9.9149","0.3978"
"238.2600","9.9157","0.3978"
"238.2800","9.9166","0.3977"
"238.3000","9.9174","0.3977"
"238.3200","9.9182","0.3976"
"238.3400","9.9190","0.3976"
"238.3600","9.9198","0.3976"
"238.3800","9.9206","0.3976"
"238.4000","9.9214","0.3976"
"238.4200","9.9222","0.3975"
"238.4400","9.9230","0.3975"
"238.4600","9.9239","0.3975"
"238.4800","9.9248","0.3975"
"238.5000","9.9257","0.3975"
"238.5200","9.9266","0.3974"
"238.5400","9.9275","0.3974"
"238.5600","9.9285","0.3974"
"238.5800","9.9295","0.3974"
"238.6000","9.9305","0.3974"
"238.6200","9.9314","0.3974"
"238.6400","9.9323","0.3974"
"238.6600","9.9332","0.3974"
"238.6800","9.9340","0.3974"
"238.7000","9.9348","0.3974"
"238.7200","9.9355","0.3973"
"238.7400","9.9362","0.3973"
"238.7600","9.9369","0.3972"
"238.7800","9.9376","0.3972"
"238.8000","9.9382","0.3971"
"238.8200","9.9389","0.3971"
"238.8400","9.9396","0.3970"
"238.8600","9.9403","0.3970"
"238.8800","9.9410","0.3969"
"238.9000","9.9417","0.3969"
"238.9200","9.9424","0.3969"
"238.9400","9.9432","0.3969"
"238.9600","9.9440","0.3968"
"238.9800","9.9448","0.3968"
"239.0000","9.9457","0.3968"
"239.0200","9.9466","0.3968"
"239.0400","9.9476","0.3968"
"239.0600","9.9485","0.3968"
"239.0800","9.9494","0.3968"
"239.1000","9.9504","0.3968"
"239.1200","9.9512","0.3967"
"239.1400","9.9521","0.3967"
"239.1600","9.9530","0.3967"
"239.1800","9.9538","0.3967"
"239.2000","9.9547","0.3967"
"239.2200","9.9555","0.3967"
"239.2400","9.9564","0.3967"
"239.2600","9.9572","0.3966"
"239.2800","9.9581","0.3966"
"239.3000","9.9590","0.3966"
"239.3200","9.9598","0.3966"
"239.3400","9.9607","0.3966"
"239.3600","9.9615","0.3966"
"239.3800","9.9623","0.3965"
"239.4000","9.9632","0.3965"
"239.4200","9.9640","0.3965"
"239.4400","9.9649","0.3964"
"239.4600","9.9658","0.3964"
"239.4800","9.9666","0.3964"
"239.5000","9.9675","0.3964"
"239.5200","9.9683","0.3964"
"239.5400","9.9692","0.3964"
"239.5600","9.9700","0.3963"
"239.5800","9.9708","0.3963"
"239.6000","9.9715","0.3963"
"239.6200","9.9723","0.3962"
"239.6400","9.9730","0.3962"
"239.6600","9.9738","0.3961"
"239.6800","9.9746","0.3961"
"239.7000","9.9754","0.3961"
"239.7200","9.9762","0.3961"
"239.7400","9.9770","0.3961"
"239.7600","9.9779","0.3961"
"239.7800","9.9788","0.3960"
"239.8000","9.9797","0.3960"
"239.8200","9.9806","0.3960"
"239.8400","9.9815","0.3960"
"239.8600","9.9825","0.3960"
"239.8800","9.9834","0.3960"
"239.9000","9.9843","0.3960"
"239.9200","9.9852","0.3960"
"239.9400","9.9860","0.3960"
"239.9600","9.9869","0.3959"
"239.9800","9.9876","0.3959"
"240.0000","9.9884","0.3959"
"240.0200","9.9891","0.3958"
"240.0400","9.9898","0.3958"
"240.0600","9.9905","0.3957"
"240.0800","9.9912","0.3957"
"240.1000","9.9919","0.3957"
"240.1200","9.9927","0.3956"
"240.1400","9.9934","0.3956"
"240.1600","9.9942","0.3955"
"240.1800","9.9950","0.3955"
"240.2000","9.9958","0.3955"
"240.2200","9.9967","0.3955"
"240.2400","9.9976","0.3955"
"240.2600","9.9986","0.3955"
"240.2800","9.9995","0.3955"
"240.3000","10.0005","0.3955"
"240.3200","10.0015","0.3955"
"240.3400","10.0024","0.3955"
"240.3600","10.0033","0.3955"
"240.3800","10.0042","0.3954"
"240.4000","10.0051","0.3955"
"240.4200","10.0060","0.3954"
"240.4400","10.0068","0.3954"
"240.4600","10.0077","0.3954"
"240.4800","10.0085","0.3954"
"240.5000","10.0094","0.3953"
"240.5200","10.0103","0.3953"
"240.5400","10.0112","0.3953"
"240.5600","10.0120","0.3954"
"240.5800","10.0129","0.3953"
"240.6000","10.0137","0.3953"
"240.6200","10.0145","0.3952"
"240.6400","10.0152","0.3952"
"240.6600","10.0160","0.3952"
"240.6800","10.0168","0.3951"
"240.7000","10.0176","0.3951"
"240.7200","10.0184","0.3951"
"240.7400","10.0192","0.3950"
"240.7600","10.0199","0.3951"
"240.7800","10.0207","0.3950"
"240.8000","10.0215","0.3950"
"240.8200","10.0223","0.3950"
"240.8400","10.0231","0.3949"
"240.8600","10.0239","0.3949"
"240.8800","10.0246","0.3948"
"240.9000","10.0254","0.3948"
"240.9200","10.0262","0.3949"
"240.9400","10.0270","0.3948"
"240.9600","10.0279","0.3948"
"240.9800","10.0287","0.3948"
"241.0000","10.0296","0.3947"
"241.0200","10.0305","0.3947"
"241.0400","10.0315","0.3947"
"241.0600","10.0324","0.3947"
"241.0800","10.0334","0.3948"
"241.1000","10.0344","0.3948"
"241.1200","10.0354","0.3948"
"241.1400","10.0364","0.3947"
"241.1600","10.0373","0.3947"
"241.1800","10.0382","0.3947"
"241.2000","10.0390","0.3947"
"241.2200","10.0398","0.3946"
"241.2400","10.0405","0.3946"
"241.2600","10.0412","0.3946"
"241.2800","10.0418","0.3945"
"241.3000","10.0425","0.3945"
"241.3200","10.0432","0.3944"
"241.3400","10.0439","0.3944"
"241.3600","10.0446","0.3943"
"241.3800","10.0453","0.3943"
"241.4000","10.0460","0.3942"
"241.4200","10.0468","0.3942"
"241.4400","10.0476","0.3942"
"241.4600","10.0484","0.3942"
"241.4800","10.0493","0.3942"
"241.5000","10.0502","0.3941"
"241.5200","10.0511","0.3941"
"241.5400","10.0521","0.3941"
"241.5600","10.0530","0.3941"
"241.5800","10.0539","0.3941"
"241.6000","10.0547","0.3941"
"241.6200","10.0555","0.3941"
"241.6400","10.0563","0.3941"
"241.6600","10.0571","0.3940"
"241.6800","10.0579","0.3940"
"241.7000","10.0587","0.3940"
"241.7200","10.0595","0.3939"
"241.7400","10.0603","0.3939"
"241.7600","10.0611","0.3939"
"241.7800","10.0619","0.3939"
"241.8000","10.0628","0.3939"
"241.8200","10.0636","0.3938"
"241.8400","10.0644","0.3938"
"241.8600","10.0653","0.3938"
"241.8800","10.0661","0.3938"
"241.9000","10.0670","0.3938"
"241.9200","10.0678","0.3937"
"241.9400","10.0686","0.3937"
"241.9600","10.0695","0.3937"
"241.9800","10.0703","0.3937"
"242.0000","10.0712","0.3937"
"242.0200","10.0720","0.3937"
"242.0400","10.0729","0.3936"
"242.0600","10.0737","0.3936"
"242.0800","10.0745","0.3936"
"242.1000","10.0753","0.3935"
"242.1200","10.0761","0.3935"
"242.1400","10.0769","0.3935"
"242.1600","10.0778","0.3935"
"242.1800","10.0786","0.3935"
"242.2000","10.0795","0.3934"
"242.2200","10.0803","0.3934"
"242.2400","10.0812","0.3934"
"242.2600","10.0822","0.3934"
"242.2800","10.0831","0.3934"
"242.3000","10.0841","0.3934"
"242.3200","10.0851","0.3935"
"242.3400","10.0861","0.3934"
"242.3600","10.0871","0.3934"
"242.3800","10.0881","0.3934"
"242.4000","10.0890","0.3934"
"242.4200","10.0899","0.3934"
"242.4400","10.0908","0.3934"
"242.4600","10.0916","0.3934"
"242.4800","10.0923","0.3933"
"242.5000","10.0930","0.3933"
"242.5200","10.0937","0.3932"
"242.5400","10.0944","0.3931"
"242.5600","10.0951","0.3931"
"242.5800","10.0957","0.3930"
"242.6000","10.0964","0.3930"
"242.6200","10.0971","0.3930"
"242.6400","10.0978","0.3929"
"242.6600","10.0985","0.3929"
"242.6800","10.0992","0.3929"
"242.7000","10.1000","0.3929"
"242.7200","10.1008","0.3928"
"242.7400","10.1017","0.3928"
"242.7600","10.1026","0.3928"
"242.7800","10.1036","0.3928"
"242.8000","10.1045","0.3928"
"242.8200","10.1055","0.3928"
"242.8400","10.1064","0.3928"
"242.8600","10.1073","0.3928"
"242.8800","10.1082","0.3928"
"242.9000","10.1091","0.3928"
"242.9200","10.1100","0.3927"
"242.9400","10.1109","0.3927"
"242.9600","10.1117","0.3927"
"242.9800","10.1126","0.3927"
"243.0000","10.1134","0.3927"
"243.0200","10.1143","0.3927"
"243.0400","10.1151","0.3926"
"243.0600","10.1160","0.3926"
"243.0800","10.1168","0.3926"
"243.1000","10.1177","0.3926"
"243.1200","10.1185","0.3925"
"243.1400","10.1193","0.3925"
"243.1600","10.1202","0.3925"
"243.1800","10.1210","0.3925"
"243.2000","10.1219","0.3925"
"243.2200","10.1227","0.3924"
"243.2400","10.1235","0.3924"
"243.2600","10.1243","0.3924"
"243.2800","10.1251","0.3924"
"243.3000","10.1259","0.3923"
"243.3200","10.1267","0.3923"
"243.3400","10.1275","0.3922"
"243.3600","10.1283","0.3922"
"243.3800","10.1290","0.3922"
"243.4000","10.1298","0.3922"
"243.4200","10.1306","0.3922"
"243.4400","10.1315","0.3922"
"243.4600","10.1323","0.3921"
"243.4800","10.1332","0.3921"
"243.5000","10.1341","0.3921"
"243.5200","10.1350","0.3921"
"243.5400","10.1359","0.3921"
"243.5600","10.1369","0.3920"
"243.5800","10.1378","0.3921"
"243.6000","10.1387","0.3920"
"243.6200","10.1396","0.3920"
"243.6400","10.1404","0.3920"
"243.6600","10.1413","0.3920"
"243.6800","10.1421","0.3920"
"243.7000","10.1429","0.3919"
"243.7200","10.1437","0.3919"
"243.7400","10.1444","0.3918"
"243.7600","10.1451","0.3918"
"243.7800","10.1458","0.3918"
"243.8000","10.1465","0.3917"
"243.8200","10.1472","0.3917"
"243.8400","10.1479","0.3917"
"243.8600","10.1486","0.3916"
"243.8800","10.1493","0.3916"
"243.9000","10.1501","0.3915"
"243.9200","10.1508","0.3915"
"243.9400","10.1516","0.3915"
"243.9600","10.1524","0.3915"
"243.9800","10.1533","0.3915"
"244.0000","10.1542","0.3915"
"244.0200","10.1552","0.3915"
"244.0400","10.1561","0.3914"
"244.0600","10.1570","0.3914"
"244.0800","10.1579","0.3914"
"244.1000","10.1588","0.3914"
"244.1200","10.1596","0.3914"
"244.1400","10.1605","0.3913"
"244.1600","10.1613","0.3913"
"244.1800","10.1621","0.3913"
"244.2000","10.1630","0.3913"
"244.2200","10.1639","0.3913"
"244.2400","10.1647","0.3912"
"244.2600","10.1656","0.3912"
"244.2800","10.1665","0.3912"
"244.3000","10.1673","0.3912"
"244.3200","10.1682","0.3912"
"244.3400","10.1691","0.3912"
"244.3600","10.1700","0.3912"
"244.3800","10.1708","0.3912"
"244.4000","10.1717","0.3911"
"244.4200","10.1725","0.3911"
"244.4400","10.1734","0.3911"
"244.4600","10.1742","0.3910"
"244.4800","10.1750","0.3910"
"244.5000","10.1759","0.3910"
"244.5200","10.1767","0.3910"
"244.5400","10.1775","0.3910"
"244.5600","10.1783","0.3909"
"244.5800","10.1791","0.3909"
"244.6000","10.1799","0.3908"
"244.6200","10.1806","0.3908"
"244.6400","10.1814","0.3908"
"244.6600","10.1821","0.3907"
"244.6800","10.1829","0.3907"
"244.7000","10.1838","0.3907"
"244.7200","10.1846","0.3907"
"244.7400","10.1855","0.3907"
"244.7600","10.1864","0.3907"
"244.7800","10.1873","0.3907"
"244.8000","10.1883","0.3906"
"244.8200","10.1892","0.3906"
"244.8400","10.1902","0.3907"
"244.8600","10.1911","0.3907"
"244.8800","10.1921","0.3907"
"244.9000","10.1930","0.3907"
"244.9200","10.1939","0.3906"
"244.9400","10.1947","0.3906"
"244.9600","10.1955","0.3905"
"244.9800","10.1962","0.3905"
"245.0000","10.1969","0.3905"
"245.0200","10.1976","0.3904"
"245.0400","10.1983","0.3904"
"245.0600","10.1990","0.3903"
"245.0800","10.1996","0.3903"
"245.1000","10.2003","0.3902"
"245.1200","10.2010","0.3902"
"245.1400","10.2018","0.3902"
"245.1600","10.2025","0.3901"
"245.1800","10.2034","0.3901"
"245.2000","10.2042","0.3901"
"245.2200","10.2051","0.3901"
"245.2400","10.2060","0.3901"
"245.2600","10.2069","0.3901"
"245.2800","10.2079","0.3901"
"245.3000","10.2089","0.3901"
"245.3200","10.2098","0.3901"
"245.3400","10.2107","0.3900"
"245.3600","10.2116","0.3900"
"245.3800","10.2124","0.3900"
"245.4000","10.2132","0.3900"
"245.4200","10.2141","0.3900"
"245.4400","10.2149","0.3899"
"245.4600","10.2157","0.3899"
"245.4800","10.2165","0.3899"
"245.5000","10.2173","0.3899"
"245.5200","10.2182","0.3898"
"245.5400","10.2190","0.3898"
"245.5600","10.2199","0.3898"
"245.5800","10.2207","0.3898"
"245.6000","10.2216","0.3898"
"245.6200","10.2224","0.3897"
"245.6400","10.2232","0.3897"
"245.6600","10.2241","0.3897"
"245.6800","10.2249","0.3897"
"245.7000","10.2257","0.3897"
"245.7200","10.2265","0.3896"
"245.7400","10.2273","0.3896"
"245.7600","10.2281","0.3895"
"245.7800","10.2289","0.3895"
"245.8000","10.2297","0.3895"
"245.8200","10.2305","0.3895"
"245.8400","10.2313","0.3894"
"245.8600","10.2321","0.3894"
"245.8800","10.2328","0.3894"
"245.9000","10.2336","0.3893"
"245.9200","10.2344","0.3893"
"245.9400","10.2352","0.3893"
"245.9600","10.2360","0.3893"
"245.9800","10.2369","0.3892"
"246.0000","10.2378","0.3892"
"246.0200","10.2386","0.3892"
"246.0400","10.2395","0.3892"
"246.0600","10.2405","0.3892"
"246.0800","10.2414","0.3892"
"246.1000","10.2424","0.3892"
"246.1200","10.2434","0.3892"
"246.1400","10.2444","0.3892"
"246.1600","10.2453","0.3892"
"246.1800","10.2462","0.3892"
"246.2000","10.2471","0.3892"
"246.2200","10.2479","0.3891"
"246.2400","10.2487","0.3891"
"246.2600","10.2495","0.3890"
"246.2800","10.2502","0.3890"
"246.3000","10.2509","0.3890"
"246.3200","10.2516","0.3889"
"246.3400","10.2522","0.3889"
"246.3600","10.2529","0.3888"
"246.3800","10.2536","0.3888"
"246.4000","10.2543","0.3887"
"246.4200","10.2551","0.3887"
"246.4400","10.2558","0.3887"
"246.4600","10.2567","0.3887"
"246.4800","10.2575","0.3886"
"246.5000","10.2584","0.3886"
"246.5200","10.2594","0.3886"
"246.5400","10.2603","0.3886"
"246.5600","10.2612","0.3886"
"246.5800","10.2621","0.3886"
"246.6000","10.2630","0.3886"
"246.6200","10.2638","0.3885"
"246.6400","10.2646","0.3885"
"246.6600","10.2655","0.3885"
"246.6800","10.2663","0.3885"
"246.7000","10.2671","0.3885"
"246.7200","10.2679","0.3884"
"246.7400","10.2687","0.3884"
"246.7600","10.2696","0.3884"
"246.7800","10.2704","0.3883"
"246.8000","10.2712","0.3883"
"246.8200","10.2721","0.3883"
"246.8400","10.2729","0.3883"
"246.8600","10.2737","0.3882"
"246.8800","10.2746","0.3882"
"246.9000","10.2754","0.3882"
"246.9200","10.2763","0.3882"
"246.9400","10.2771","0.3882"
"246.9600","10.2780","0.3882"
"246.9800","10.2788","0.3881"
"247.0000","10.2797","0.3881"
"247.0200","10.2806","0.3881"
"247.0400","10.2814","0.3881"
"247.0600","10.2823","0.3880"
"247.0800","10.2831","0.3880"
"247.1000","10.2839","0.3880"
"247.1200","10.2847","0.3880"
"247.1400","10.2855","0.3879"
"247.1600","10.2863","0.3879"
"247.1800","10.2872","0.3879"
"247.2000","10.2881","0.3879"
"247.2200","10.2889","0.3879"
"247.2400","10.2898","0.3878"
"247.2600","10.2907","0.3878"
"247.2800","10.2916","0.3878"
"247.3000","10.2926","0.3878"
"247.3200","10.2935","0.3878"
"247.3400","10.2945","0.3878"
"247.3600","10.2954","0.3878"
"247.3800","10.2964","0.3878"
"247.4000","10.2973","0.3878"
"247.4200","10.2982","0.3877"
"247.4400","10.2990","0.3877"
"247.4600","10.2998","0.3877"
"247.4800","10.3006","0.3876"
"247.5000","10.3013","0.3876"
"247.5200","10.3020","0.3876"
"247.5400","10.3027","0.3875"
"247.5600","10.3034","0.3875"
"247.5800","10.3041","0.3874"
"247.6000","10.3047","0.3874"
"247.6200","10.3054","0.3873"
"247.6400","10.3062","0.3873"
"247.6600","10.3069","0.3873"
"247.6800","10.3077","0.3872"
"247.7000","10.3085","0.3872"
"247.7200","10.3093","0.3872"
"247.7400","10.3102","0.3872"
"247.7600","10.3111","0.3872"
"247.7800","10.3120","0.3871"
"247.8000","10.3129","0.3871"
"247.8200","10.3138","0.3871"
"247.8400","10.3147","0.3871"
"247.8600","10.3156","0.3871"
"247.8800","10.3164","0.3871"
"247.9000","10.3173","0.3871"
"247.9200","10.3182","0.3871"
"247.9400","10.3190","0.3870"
"247.9600","10.3199","0.3870"
"247.9800","10.3207","0.3870"
"248.0000","10.3216","0.3870"
"248.0200","10.3224","0.3869"
"248.0400","10.3233","0.3869"
"248.0600","10.3242","0.3869"
"248.0800","10.3251","0.3869"
"248.1000","10.3259","0.3869"
"248.1200","10.3268","0.3869"
"248.1400","10.3276","0.3868"
"248.1600","10.3285","0.3868"
"248.1800","10.3293","0.3868"
"248.2000","10.3301","0.3867"
"248.2200","10.3309","0.3867"
"248.2400","10.3316","0.3867"
"248.2600","10.3324","0.3866"
"248.2800","10.3332","0.3866"
"248.3000","10.3340","0.3866"
"248.3200","10.3348","0.3866"
"248.3400","10.3356","0.3865"
"248.3600","10.3364","0.3865"
"248.3800","10.3372","0.3865"
"248.4000","10.3380","0.3865"
"248.4200","10.3388","0.3864"
"248.4400","10.3396","0.3864"
"248.4600","10.3405","0.3864"
"248.4800","10.3413","0.3863"
"248.5000","10.3422","0.3863"
"248.5200","10.3431","0.3863"
"248.5400","10.3441","0.3863"
"248.5600","10.3450","0.3863"
"248.5800","10.3460","0.3863"
"248.6000","10.3469","0.3863"
"248.6200","10.3478","0.3863"
"248.6400","10.3487","0.3863"
"248.6600","10.3495","0.3863"
"248.6800","10.3504","0.3862"
"248.7000","10.3512","0.3862"
"248.7200","10.3520","0.3862"
"248.7400","10.3527","0.3861"
"248.7600","10.3534","0.3861"
"248.7800","10.3541","0.3860"
"248.8000","10.3548","0.3860"
"248.8200","10.3555","0.3859"
"248.8400","10.3562","0.3859"
"248.8600","10.3568","0.3859"
"248.8800","10.3576","0.3858"
"248.9000","10.3583","0.3858"
"248.9200","10.3590","0.3857"
"248.9400","10.3598","0.3857"
"248.9600","10.3607","0.3857"
"248.9800","10.3615","0.3856"
"249.0000","10.3624","0.3856"
"249.0200","10.3633","0.3856"
"249.0400","10.3643","0.3856"
"249.0600","10.3652","0.3857"
"249.0800","10.3662","0.3856"
"249.1000","10.3670","0.3856"
"249.1200","10.3679","0.3856"
"249.1400","10.3688","0.3855"
"249.1600","10.3696","0.3855"
"249.1800","10.3704","0.3855"
"249.2000","10.3713","0.3855"
"249.2200","10.3721","0.3855"
"249.2400","10.3730","0.3855"
"249.2600","10.3738","0.3854"
"249.2800","10.3747","0.3854"
"249.3000","10.3756","0.3854"
"249.3200","10.3764","0.3854"
"249.3400","10.3773","0.3854"
"249.3600","10.3781","0.3853"
"249.3800","10.3790","0.3853"
"249.4000","10.3798","0.3853"
"249.4200","10.3807","0.3852"
"249.4400","10.3816","0.3852"
"249.4600","10.3824","0.3852"
"249.4800","10.3833","0.3852"
"249.5000","10.3841","0.3852"
"249.5200","10.3849","0.3852"
"249.5400","10.3857","0.3851"
"249.5600","10.3865","0.3851"
"249.5800","10.3873","0.3850"
"249.6000","10.3880","0.3850"
"249.6200","10.3887","0.3850"
"249.6400","10.3895","0.3849"
"249.6600","10.3903","0.3849"
"249.6800","10.3911","0.3849"
"249.7000","10.3919","0.3848"
"249.7200","10.3927","0.3848"
"249.7400","10.3935","0.3848"
"249.7600","10.3944","0.3848"
"249.7800","10.3953","0.3848"
"249.8000","10.3962","0.3848"
"249.8200","10.3972","0.3848"
"249.8400","10.3982","0.3848"
"249.8600","10.3991","0.3847"
"249.8800","10.4001","0.3847"
"249.9000","10.4011","0.3848"
"249.9200","10.4020","0.3848"
"249.9400","10.4029","0.3847"
"249.9600","10.4037","0.3847"
"249.9800","10.4045","0.3847"
"250.0000","10.4053","0.3846"
"250.0200","10.4060","0.3846"
"250.0400","10.4067","0.3845"
"250.0600","10.4073","0.3845"
"250.0800","10.4080","0.3845"
"250.1000","10.4087","0.3844"
"250.1200","10.4094","0.3843"
"250.1400","10.4101","0.3843"
"250.1600","10.4109","0.3843"
"250.1800","10.4117","0.3843"
"250.2000","10.4126","0.3843"
"250.2200","10.4135","0.3843"
"250.2400","10.4145","0.3842"
"250.2600","10.4155","0.3842"
"250.2800","10.4165","0.3842"
"250.3000","10.4175","0.3842"
"250.3200","10.4185","0.3843"
"250.3400","10.4194","0.3843"
"250.3600","10.4204","0.3843"
"250.3800","10.4213","0.3842"
"250.4000","10.4221","0.3842"
"250.4200","10.4230","0.3842"
"250.4400","10.4238","0.3841"
"250.4600","10.4247","0.3841"
"250.4800","10.4255","0.3841"
"250.5000","10.4263","0.3841"
"250.5200","10.4271","0.3840"
"250.5400","10.4280","0.3840"
"250.5600","10.4288","0.3840"
"250.5800","10.4296","0.3840"
"250.6000","10.4304","0.3839"
"250.6200","10.4311","0.3839"
"250.6400","10.4319","0.3839"
"250.6600","10.4327","0.3838"
"250.6800","10.4335","0.3838"
"250.7000","10.4343","0.3837"
"250.7200","10.4350","0.3837"
"250.7400","10.4358","0.3837"
"250.7600","10.4366","0.3837"
"250.7800","10.4374","0.3836"
"250.8000","10.4382","0.3836"
"250.8200","10.4390","0.3836"
"250.8400","10.4397","0.3835"
"250.8600","10.4405","0.3835"
"250.8800","10.4413","0.3835"
"250.9000","10.4421","0.3835"
"250.9200","10.4428","0.3834"
"250.9400","10.4436","0.3834"
"250.9600","10.4445","0.3833"
"250.9800","10.4453","0.3833"
"251.0000","10.4462","0.3833"
"251.0200","10.4471","0.3833"
"251.0400","10.4480","0.3833"
"251.0600","10.4490","0.3833"
"251.0800","10.4499","0.3833"
"251.1000","10.4509","0.3833"
"251.1200","10.4519","0.3833"
"251.1400","10.4529","0.3833"
"251.1600","10.4538","0.3833"
"251.1800","10.4547","0.3833"
"251.2000","10.4556","0.3832"
"251.2200","10.4563","0.3832"
"251.2400","10.4571","0.3832"
"251.2600","10.4578","0.3831"
"251.2800","10.4585","0.3831"
"251.3000","10.4591","0.3830"
"251.3200","10.4598","0.3830"
"251.3400","10.4605","0.3829"
"251.3600","10.4612","0.3829"
"251.3800","10.4619","0.3828"
"251.4000","10.4626","0.3828"
"251.4200","10.4634","0.3828"
"251.4400","10.4642","0.3827"
"251.4600","10.4650","0.3827"
"251.4800","10.4659","0.3827"
"251.5000","10.4669","0.3827"
"251.5200","10.4678","0.3827"
"251.5400","10.4688","0.3827"
"251.5600","10.4697","0.3827"
"251.5800","10.4706","0.3827"
"251.6000","10.4714","0.3826"
"251.6200","10.4723","0.3826"
"251.6400","10.4731","0.3826"
"251.6600","10.4739","0.3825"
"251.6800","10.4747","0.3825"
"251.7000","10.4755","0.3825"
"251.7200","10.4763","0.3825"
"251.7400","10.4772","0.3825"
"251.7600","10.4780","0.3824"
"251.7800","10.4788","0.3824"
"251.8000","10.4797","0.3824"
"251.8200","10.4805","0.3823"
"251.8400","10.4814","0.3823"
"251.8600","10.4822","0.3823"
"251.8800","10.4831","0.3823"
"251.9000","10.4839","0.3823"
"251.9200","10.4847","0.3822"
"251.9400","10.4856","0.3822"
"251.9600","10.4864","0.3822"
"251.9800","10.4873","0.3822"
"252.0000","10.4881","0.3822"
"252.0200","10.4890","0.3821"
"252.0400","10.4898","0.3821"
"252.0600","10.4906","0.3821"
"252.0800","10.4914","0.3821"
"252.1000","10.4922","0.3820"
"252.1200","10.4930","0.3820"
"252.1400","10.4938","0.3820"
"252.1600","10.4947","0.3819"
"252.1800","10.4955","0.3819"
"252.2000","10.4964","0.3819"
"252.2200","10.4973","0.3819"
"252.2400","10.4982","0.3819"
"252.2600","10.4991","0.3819"
"252.2800","10.5001","0.3819"
"252.3000","10.5011","0.3819"
"252.3200","10.5021","0.3819"
"252.3400","10.5031","0.3819"
"252.3600","10.5041","0.3819"
"252.3800","10.5051","0.3818"
"252.4000","10.5060","0.3818"
"252.4200","10.5069","0.3818"
"252.4400","10.5077","0.3818"
"252.4600","10.5085","0.3818"
"252.4800","10.5092","0.3817"
"252.5000","10.5098","0.3817"
"252.5200","10.5105","0.3816"
"252.5400","10.5111","0.3815"
"252.5600","10.5118","0.3815"
"252.5800","10.5124","0.3814"
"252.6000","10.5131","0.3814"
"252.6200","10.5138","0.3813"
"252.6400","10.5145","0.3813"
"252.6600","10.5152","0.3812"
"252.6800","10.5160","0.3812"
"252.7000","10.5168","0.3812"
"252.7200","10.5177","0.3812"
"252.7400","10.5186","0.3812"
"252.7600","10.5195","0.3812"
"252.7800","10.5204","0.3811"
"252.8000","10.5214","0.3812"
"252.8200","10.5223","0.3811"
"252.8400","10.5232","0.3811"
"252.8600","10.5240","0.3811"
"252.8800","10.5248","0.3811"
"252.9000","10.5256","0.3810"
"252.9200","10.5264","0.3810"
"252.9400","10.5273","0.3810"
"252.9600","10.5281","0.3810"
"252.9800","10.5289","0.3810"
"253.0000","10.5297","0.3809"
"253.0200","10.5306","0.3809"
"253.0400","10.5314","0.3809"
"253.0600","10.5323","0.3809"
"253.0800","10.5331","0.3808"
"253.1000","10.5340","0.3808"
"253.1200","10.5348","0.3808"
"253.1400","10.5357","0.3808"
"253.1600","10.5365","0.3808"
"253.1800","10.5374","0.3807"
"253.2000","10.5382","0.3807"
"253.2200","10.5391","0.3807"
"253.2400","10.5399","0.3807"
"253.2600","10.5407","0.3806"
"253.2800","10.5415","0.3806"
"253.3000","10.5423","0.3806"
"253.3200","10.5431","0.3805"
"253.3400","10.5439","0.3805"
"253.3600","10.5446","0.3805"
"253.3800","10.5454","0.3804"
"253.4000","10.5462","0.3804"
"253.4200","10.5470","0.3804"
"253.4400","10.5477","0.3803"
"253.4600","10.5485","0.3803"
"253.4800","10.5494","0.3803"
"253.5000","10.5502","0.3803"
"253.5200","10.5511","0.3802"
"253.5400","10.5520","0.3802"
"253.5600","10.5530","0.3802"
"253.5800","10.5539","0.3802"
"253.6000","10.5549","0.3802"
"253.6200","10.5558","0.3802"
"253.6400","10.5567","0.3802"
"253.6600","10.5576","0.3802"
"253.6800","10.5584","0.3801"
"253.7000","10.5593","0.3801"
"253.7200","10.5600","0.3801"
"253.7400","10.5608","0.3800"
"253.7600","10.5615","0.3800"
"253.7800","10.5622","0.3800"
"253.8000","10.5629","0.3800"
"253.8200","10.5636","0.3799"
"253.8400","10.5643","0.3799"
"253.8600","10.5651","0.3798"
"253.8800","10.5658","0.3798"
"253.9000","10.5665","0.3797"
"253.9200","10.5673","0.3797"
"253.9400","10.5681","0.3796"
"253.9600","10.5689","0.3796"
"253.9800","10.5698","0.3796"
"254.0000","10.5707","0.3796"
"254.0200","10.5717","0.3796"
"254.0400","10.5727","0.3796"
"254.0600","10.5736","0.3796"
"254.0800","10.5746","0.3796"
"254.1000","10.5755","0.3796"
"254.1200","10.5764","0.3796"
"254.1400","10.5772","0.3796"
"254.1600","10.5781","0.3796"
"254.1800","10.5789","0.3795"
"254.2000","10.5797","0.3795"
"254.2200","10.5806","0.3794"
"254.2400","10.5814","0.3794"
"254.2600","10.5823","0.3794"
"254.2800","10.5832","0.3794"
"254.3000","10.5841","0.3794"
"254.3200","10.5849","0.3794"
"254.3400","10.5858","0.3794"
"254.3600","10.5866","0.3793"
"254.3800","10.5875","0.3793"
"254.4000","10.5883","0.3793"
"254.4200","10.5892","0.3793"
"254.4400","10.5901","0.3793"
"254.4600","10.5910","0.3792"
"254.4800","10.5918","0.3792"
"254.5000","10.5927","0.3792"
"254.5200","10.5935","0.3791"
"254.5400","10.5943","0.3791"
"254.5600","10.5951","0.3791"
"254.5800","10.5959","0.3790"
"254.6000","10.5966","0.3790"
"254.6200","10.5973","0.3790"
"254.6400","10.5981","0.3789"
"254.6600","10.5988","0.3789"
"254.6800","10.5996","0.3789"
"254.7000","10.6003","0.3788"
"254.7200","10.6012","0.3788"
"254.7400","10.6020","0.3788"
"254.7600","10.6029","0.3787"
"254.7800","10.6038","0.3787"
"254.8000","10.6047","0.3787"
"254.8200","10.6057","0.3788"
"254.8400","10.6067","0.3788"
"254.8600","10.6076","0.3788"
"254.8800","10.6086","0.3787"
"254.9000","10.6095","0.3788"
"254.9200","10.6104","0.3787"
"254.9400","10.6113","0.3787"
"254.9600","10.6121","0.3787"
"254.9800","10.6128","0.3786"
"255.0000","10.6136","0.3786"
"255.0200","10.6143","0.3786"
"255.0400","10.6150","0.3785"
"255.0600","10.6157","0.3784"
"255.0800","10.6164","0.3784"
"255.1000","10.6171","0.3784"
"255.1200","10.6178","0.3783"
"255.1400","10.6186","0.3783"
"255.1600","10.6193","0.3783"
"255.1800","10.6201","0.3783"
"255.2000","10.6210","0.3782"
"255.2200","10.6219","0.3782"
"255.2400","10.6228","0.3782"
"255.2600","10.6238","0.3782"
"255.2800","10.6248","0.3782"
"255.3000","10.6258","0.3782"
"255.3200","10.6267","0.3782"
"255.3400","10.6276","0.3782"
"255.3600","10.6284","0.3782"
"255.3800","10.6293","0.3781"
"255.4000","10.6301","0.3781"
"255.4200","10.6310","0.3780"
"255.4400","10.6318","0.3780"
"255.4600","10.6326","0.3780"
"255.4800","10.6334","0.3780"
"255.5000","10.6343","0.3780"
"255.5200","10.6351","0.3780"
"255.5400","10.6360","0.3780"
"255.5600","10.6368","0.3779"
"255.5800","10.6377","0.3779"
"255.6000","10.6385","0.3778"
"255.6200","10.6393","0.3778"
"255.6400","10.6400","0.3778"
"255.6600","10.6408","0.3777"
"255.6800","10.6416","0.3777"
"255.7000","10.6423","0.3777"
"255.7200","10.6431","0.3777"
"255.7400","10.6439","0.3776"
"255.7600","10.6447","0.3776"
"255.7800","10.6455","0.3775"
"255.8000","10.6463","0.3775"
"255.8200","10.6471","0.3775"
"255.8400","10.6479","0.3775"
"255.8600","10.6487","0.3775"
"255.8800","10.6495","0.3774"
"255.9000","10.6503","0.3774"
"255.9200","10.6512","0.3774"
"255.9400","10.6520","0.3773"
"255.9600","10.6529","0.3773"
"255.9800","10.6538","0.3773"
"256.0000","10.6547","0.3773"
"256.0200","10.6556","0.3773"
"256.0400","10.6565","0.3773"
"256.0600","10.6575","0.3773"
"256.0800","10.6584","0.3773"
"256.1000","10.6594","0.3773"
"256.1200","10.6604","0.3773"
"256.1400","10.6613","0.3773"
"256.1600","10.6622","0.3772"
"256.1800","10.6631","0.3772"
"256.2000","10.6639","0.3772"
"256.2200","10.6647","0.3772"
"256.2400","10.6654","0.3772"
"256.2600","10.6661","0.3771"
"256.2800","10.6668","0.3770"
"256.3000","10.6674","0.3770"
"256.3200","10.6681","0.3769"
"256.3400","10.6688","0.3769"
"256.3600","10.6695","0.3769"
"256.3800","10.6702","0.3768"
"256.4000","10.6710","0.3768"
"256.4200","10.6718","0.3767"
"256.4400","10.6726","0.3767"
"256.4600","10.6734","0.3767"
"256.4800","10.6743","0.3767"
"256.5000","10.6752","0.3767"
"256.5200","10.6761","0.3767"
"256.5400","10.6771","0.3767"
"256.5600","10.6780","0.3767"
"256.5800","10.6788","0.3766"
"256.6000","10.6797","0.3766"
"256.6200","10.6804","0.3766"
"256.6400","10.6812","0.3765"
"256.6600","10.6820","0.3765"
"256.6800","10.6828","0.3765"
"256.7000","10.6835","0.3765"
"256.7200","10.6843","0.3764"
"256.7400","10.6851","0.3764"
"256.7600","10.6860","0.3764"
"256.7800","10.6868","0.3763"
"256.8000","10.6876","0.3763"
"256.8200","10.6885","0.3763"
"256.8400","10.6893","0.3763"
"256.8600","10.6902","0.3763"
"256.8800","10.6910","0.3763"
"256.9000","10.6919","0.3763"
"256.9200","10.6928","0.3762"
"256.9400","10.6937","0.3762"
"256.9600","10.6946","0.3762"
"256.9800","10.6955","0.3762"
"257.0000","10.6963","0.3762"
"257.0200","10.6972","0.3762"
"257.0400","10.6980","0.3761"
"257.0600","10.6989","0.3761"
"257.0800","10.6997","0.3761"
"257.1000","10.7005","0.3761"
"257.1200","10.7014","0.3760"
"257.1400","10.7022","0.3760"
"257.1600","10.7030","0.3760"
"257.1800","10.7039","0.3760"
"257.2000","10.7048","0.3760"
"257.2200","10.7056","0.3760"
"257.2400","10.7065","0.3759"
"257.2600","10.7074","0.3759"
"257.2800","10.7084","0.3759"
"257.3000","10.7094","0.3759"
"257.3200","10.7103","0.3759"
"257.3400","10.7113","0.3759"
"257.3600","10.7122","0.3759"
"257.3800","10.7132","0.3759"
"257.4000","10.7141","0.3759"
"257.4200","10.7149","0.3758"
"257.4400","10.7158","0.3758"
"257.4600","10.7166","0.3758"
"257.4800","10.7173","0.3757"
"257.5000","10.7180","0.3757"
"257.5200","10.7187","0.3757"
"257.5400","10.7194","0.3756"
"257.5600","10.7201","0.3756"
"257.5800","10.7208","0.3755"
"257.6000","10.7215","0.3755"
"257.6200","10.7221","0.3754"
"257.6400","10.7228","0.3754"
"257.6600","10.7236","0.3753"
"257.6800","10.7244","0.3753"
"257.7000","10.7252","0.3753"
"257.7200","10.7260","0.3753"
"257.7400","10.7269","0.3752"
"257.7600","10.7278","0.3753"
"257.7800","10.7288","0.3753"
"257.8000","10.7297","0.3753"
"257.8200","10.7306","0.3752"
"257.8400","10.7315","0.3752"
"257.8600","10.7324","0.3752"
"257.8800","10.7332","0.3752"
"257.9000","10.7341","0.3752"
"257.9200","10.7349","0.3752"
"257.9400","10.7358","0.3751"
"257.9600","10.7366","0.3751"
"257.9800","10.7375","0.3751"
"258.0000","10.7383","0.3751"
"258.0200","10.7391","0.3751"
"258.0400","10.7399","0.3750"
"258.0600","10.7408","0.3750"
"258.0800","10.7416","0.3750"
"258.1000","10.7425","0.3750"
"258.1200","10.7433","0.3749"
"258.1400","10.7441","0.3749"
"258.1600","10.7449","0.3749"
"258.1800","10.7458","0.3749"
"258.2000","10.7466","0.3748"
"258.2200","10.7474","0.3748"
"258.2400","10.7483","0.3748"
"258.2600","10.7491","0.3748"
"258.2800","10.7499","0.3747"
"258.3000","10.7507","0.3747"
"258.3200","10.7515","0.3747"
"258.3400","10.7523","0.3747"
"258.3600","10.7531","0.3747"
"258.3800","10.7539","0.3746"
"258.4000","10.7547","0.3746"
"258.4200","10.7555","0.3746"
"258.4400","10.7563","0.3745"
"258.4600","10.7572","0.3745"
"258.4800","10.7580","0.3745"
"258.5000","10.7589","0.3745"
"258.5200","10.7599","0.3745"
"258.5400","10.7608","0.3744"
"258.5600","10.7617","0.3745"
"258.5800","10.7626","0.3745"
"258.6000","10.7635","0.3745"
"258.6200","10.7644","0.3744"
"258.6400","10.7653","0.3744"
"258.6600","10.7662","0.3744"
"258.6800","10.7670","0.3744"
"258.7000","10.7678","0.3743"
"258.7200","10.7685","0.3743"
"258.7400","10.7693","0.3743"
"258.7600","10.7700","0.3742"
"258.7800","10.7707","0.3742"
"258.8000","10.7714","0.3741"
"258.8200","10.7720","0.3741"
"258.8400","10.7727","0.3740"
"258.8600","10.7734","0.3740"
"258.8800","10.7741","0.3739"
"258.9000","10.7749","0.3739"
"258.9200","10.7756","0.3739"
"258.9400","10.7764","0.3739"
"258.9600","10.7773","0.3739"
"258.9800","10.7781","0.3739"
"259.0000","10.7791","0.3738"
"259.0200","10.7800","0.3738"
"259.0400","10.7810","0.3738"
"259.0600","10.7820","0.3738"
"259.0800","10.7829","0.3738"
"259.1000","10.7838","0.3738"
"259.1200","10.7847","0.3738"
"259.1400","10.7856","0.3738"
"259.1600","10.7865","0.3738"
"259.1800","10.7873","0.3738"
"259.2000","10.7882","0.3737"
"259.2200","10.7890","0.3737"
"259.2400","10.7899","0.3737"
"259.2600","10.7908","0.3737"
"259.2800","10.7917","0.3737"
"259.3000","10.7926","0.3737"
"259.3200","10.7934","0.3737"
"259.3400","10.7943","0.3736"
"259.3600","10.7952","0.3736"
"259.3800","10.7961","0.3736"
"259.4000","10.7969","0.3735"
"259.4200","10.7978","0.3735"
"259.4400","10.7987","0.3735"
"259.4600","10.7995","0.3736"
"259.4800","10.8004","0.3735"
"259.5000","10.8012","0.3735"
"259.5200","10.8020","0.3735"
"259.5400","10.8028","0.3734"
"259.5600","10.8036","0.3734"
"259.5800","10.8044","0.3733"
"259.6000","10.8051","0.3733"
"259.6200","10.8058","0.3733"
"259.6400","10.8066","0.3732"
"259.6600","10.8073","0.3732"
"259.6800","10.8081","0.3732"
"259.7000","10.8089","0.3731"
"259.7200","10.8097","0.3731"
"259.7400","10.8106","0.3731"
"259.7600","10.8115","0.3731"
"259.7800","10.8124","0.3731"
"259.8000","10.8134","0.3731"
"259.8200","10.8143","0.3731"
"259.8400","10.8153","0.3731"
"259.8600","10.8162","0.3731"
"259.8800","10.8172","0.3731"
"259.9000","10.8181","0.3731"
"259.9200","10.8189","0.3731"
"259.9400","10.8197","0.3730"
"259.9600","10.8205","0.3730"
"259.9800","10.8212","0.3729"
"260.0000","10.8219","0.3729"
"260.0200","10.8226","0.3729"
"260.0400","10.8233","0.3728"
"260.0600","10.8239","0.3728"
"260.0800","10.8246","0.3727"
"260.1000","10.8253","0.3726"
"260.1200","10.8260","0.3726"
"260.1400","10.8267","0.3726"
"260.1600","10.8275","0.3726"
"260.1800","10.8283","0.3725"
"260.2000","10.8291","0.3725"
"260.2200","10.8300","0.3725"
"260.2400","10.8309","0.3725"
"260.2600","10.8319","0.3725"
"260.2800","10.8329","0.3725"
"260.3000","10.8339","0.3725"
"260.3200","10.8348","0.3725"
"260.3400","10.8357","0.3725"
"260.3600","10.8365","0.3725"
"260.3800","10.8374","0.3724"
"260.4000","10.8383","0.3724"
"260.4200","10.8391","0.3724"
"260.4400","10.8399","0.3724"
"260.4600","10.8408","0.3724"
"260.4800","10.8416","0.3723"
"260.5000","10.8424","0.3723"
"260.5200","10.8432","0.3723"
"260.5400","10.8440","0.3722"
"260.5600","10.8448","0.3722"
"260.5800","10.8456","0.3722"
"260.6000","10.8464","0.3722"
"260.6200","10.8472","0.3721"
"260.6400","10.8480","0.3721"
"260.6600","10.8488","0.3721"
"260.6800","10.8496","0.3720"
"260.7000","10.8504","0.3720"
"260.7200","10.8512","0.3720"
"260.7400","10.8520","0.3720"
"260.7600","10.8529","0.3720"
"260.7800","10.8537","0.3719"
"260.8000","10.8545","0.3719"
"260.8200","10.8553","0.3718"
"260.8400","10.8561","0.3718"
"260.8600","10.8569","0.3718"
"260.8800","10.8577","0.3718"
"260.9000","10.8585","0.3718"
"260.9200","10.8593","0.3717"
"260.9400","10.8601","0.3717"
"260.9600","10.8610","0.3717"
"260.9800","10.8618","0.3717"
"261.0000","10.8627","0.3717"
"261.0200","10.8636","0.3717"
"261.0400","10.8645","0.3717"
"261.0600","10.8655","0.3717"
"261.0800","10.8664","0.3717"
"261.1000","10.8674","0.3717"
"261.1200","10.8684","0.3716"
"261.1400","10.8693","0.3717"
"261.1600","10.8702","0.3716"
"261.1800","10.8711","0.3716"
"261.2000","10.8720","0.3716"
"261.2200","10.8728","0.3715"
"261.2400","10.8735","0.3715"
"261.2600","10.8742","0.3715"
"261.2800","10.8749","0.3714"
"261.3000","10.8756","0.3714"
"261.3200","10.8763","0.3714"
"261.3400","10.8770","0.3713"
"261.3600","10.8777","0.3712"
"261.3800","10.8784","0.3712"
"261.4000","10.8791","0.3712"
"261.4200","10.8799","0.3711"
"261.4400","10.8806","0.3711"
"261.4600","10.8815","0.3711"
"261.4800","10.8823","0.3711"
"261.5000","10.8833","0.3711"
"261.5200","10.8842","0.3711"
"261.5400","10.8852","0.3711"
"261.5600","10.8862","0.3711"
"261.5800","10.8871","0.3711"
"261.6000","10.8880","0.3711"
"261.6200","10.8889","0.3711"
"261.6400","10.8898","0.3710"
"261.6600","10.8906","0.3710"
"261.6800","10.8914","0.3710"
"261.7000","10.8923","0.3710"
"261.7200","10.8931","0.3710"
"261.7400","10.8939","0.3710"
"261.7600","10.8948","0.3709"
"261.7800","10.8956","0.3709"
"261.8000","10.8964","0.3708"
"261.8200","10.8972","0.3709"
"261.8400","10.8981","0.3708"
"261.8600","10.8989","0.3708"
"261.8800","10.8998","0.3708"
"261.9000","10.9006","0.3708"
"261.9200","10.9015","0.3708"
"261.9400","10.9024","0.3707"
"261.9600","10.9033","0.3707"
"261.9800","10.9042","0.3707"
"262.0000","10.9051","0.3707"
"262.0200","10.9059","0.3707"
"262.0400","10.9068","0.3707"
"262.0600","10.9076","0.3706"
"262.0800","10.9084","0.3706"
"262.1000","10.9092","0.3706"
"262.1200","10.9100","0.3705"
"262.1400","10.9108","0.3705"
"262.1600","10.9116","0.3705"
"262.1800","10.9124","0.3705"
"262.2000","10.9132","0.3704"
"262.2200","10.9141","0.3704"
"262.2400","10.9150","0.3704"
"262.2600","10.9159","0.3704"
"262.2800","10.9169","0.3704"
"262.3000","10.9178","0.3704"
"262.3200","10.9188","0.3704"
"262.3400","10.9197","0.3704"
"262.3600","10.9207","0.3704"
"262.3800","10.9216","0.3704"
"262.4000","10.9225","0.3704"
"262.4200","10.9233","0.3704"
"262.4400","10.9241","0.3703"
"262.4600","10.9249","0.3703"
"262.4800","10.9256","0.3702"
"262.5000","10.9263","0.3702"
"262.5200","10.9270","0.3701"
"262.5400","10.9276","0.3701"
"262.5600","10.9283","0.3700"
"262.5800","10.9289","0.3700"
"262.6000","10.9296","0.3699"
"262.6200","10.9303","0.3699"
"262.6400","10.9310","0.3698"
"262.6600","10.9317","0.3698"
"262.6800","10.9324","0.3698"
"262.7000","10.9332","0.3698"
"262.7200","10.9341","0.3697"
"262.7400","10.9349","0.3697"
"262.7600","10.9359","0.3697"
"262.7800","10.9368","0.3697"
"262.8000","10.9377","0.3697"
"262.8200","10.9386","0.3697"
"262.8400","10.9395","0.3697"
"262.8600","10.9404","0.3697"
"262.8800","10.9413","0.3696"
"262.9000","10.9421","0.3697"
"262.9200","10.9430","0.3696"
"262.9400","10.9438","0.3696"
"262.9600","10.9447","0.3696"
"262.9800","10.9455","0.3696"
"263.0000","10.9464","0.3695"
"263.0200","10.9473","0.3695"
"263.0400","10.9482","0.3695"
"263.0600","10.9490","0.3695"
"263.0800","10.9499","0.3695"
"263.1000","10.9508","0.3695"
"263.1200","10.9517","0.3695"
"263.1400","10.9526","0.3694"
"263.1600","10.9534","0.3694"
"263.1800","10.9542","0.3694"
"263.2000","10.9550","0.3693"
"263.2200","10.9559","0.3693"
"263.2400","10.9567","0.3693"
"263.2600","10.9575","0.3693"
"263.2800","10.9583","0.3693"
"263.3000","10.9591","0.3692"
"263.3200","10.9599","0.3692"
"263.3400","10.9607","0.3692"
"263.3600","10.9615","0.3691"
"263.3800","10.9623","0.3691"
"263.4000","10.9631","0.3691"
"263.4200","10.9639","0.3690"
"263.4400","10.9647","0.3690"
"263.4600","10.9655","0.3690"
"263.4800","10.9664","0.3690"
"263.5000","10.9673","0.3690"
"263.5200","10.9682","0.3690"
"263.5400","10.9691","0.3690"
"263.5600","10.9700","0.3690"
"263.5800","10.9709","0.3690"
"263.6000","10.9719","0.3689"
"263.6200","10.9728","0.3689"
"263.6400","10.9737","0.3689"
"263.6600","10.9746","0.3689"
"263.6800","10.9754","0.3689"
"263.7000","10.9762","0.3688"
"263.7200","10.9770","0.3688"
"263.7400","10.9777","0.3688"
"263.7600","10.9784","0.3687"
"263.7800","10.9791","0.3687"
"263.8000","10.9798","0.3686"
"263.8200","10.9805","0.3686"
"263.8400","10.9811","0.3685"
"263.8600","10.9818","0.3685"
"263.8800","10.9825","0.3684"
"263.9000","10.9832","0.3684"
"263.9200","10.9840","0.3684"
"263.9400","10.9848","0.3684"
"263.9600","10.9856","0.3683"
"263.9800","10.9864","0.3683"
"264.0000","10.9873","0.3683"
"264.0200","10.9883","0.3683"
"264.0400","10.9892","0.3683"
"264.0600","10.9902","0.3683"
"264.0800","10.9911","0.3683"
"264.1000","10.9921","0.3683"
"264.1200","10.9930","0.3683"
"264.1400","10.9939","0.3683"
"264.1600","10.9947","0.3682"
"264.1800","10.9956","0.3682"
"264.2000","10.9964","0.3682"
"264.2200","10.9973","0.3682"
"264.2400","10.9981","0.3682"
"264.2600","10.9990","0.3681"
"264.2800","10.9998","0.3681"
"264.3000","11.0007","0.3681"
"264.3200","11.0015","0.3681"
"264.3400","11.0024","0.3681"
"264.3600","11.0032","0.3681"
"264.3800","11.0040","0.3680"
"264.4000","11.0049","0.3680"
"264.4200","11.0057","0.3680"
"264.4400","11.0066","0.3679"
"264.4600","11.0075","0.3679"
"264.4800","11.0084","0.3679"
"264.5000","11.0092","0.3679"
"264.5200","11.0101","0.3679"
"264.5400","11.0109","0.3678"
"264.5600","11.0118","0.3678"
"264.5800","11.0126","0.3678"
"264.6000","11.0133","0.3678"
"264.6200","11.0141","0.3677"
"264.6400","11.0149","0.3677"
"264.6600","11.0157","0.3677"
"264.6800","11.0164","0.3676"
"264.7000","11.0172","0.3676"
"264.7200","11.0181","0.3676"
"264.7400","11.0189","0.3676"
"264.7600","11.0198","0.3675"
"264.7800","11.0207","0.3675"
"264.8000","11.0216","0.3675"
"264.8200","11.0225","0.3675"
"264.8400","11.0235","0.3675"
"264.8600","11.0244","0.3675"
"264.8800","11.0253","0.3675"
"264.9000","11.0263","0.3675"
"264.9200","11.0271","0.3675"
"264.9400","11.0280","0.3674"
"264.9600","11.0288","0.3674"
"264.9800","11.0295","0.3674"
"265.0000","11.0303","0.3673"
"265.0200","11.0310","0.3673"
"265.0400","11.0317","0.3673"
"265.0600","11.0324","0.3672"
"265.0800","11.0331","0.3671"
"265.1000","11.0338","0.3671"
"265.1200","11.0345","0.3670"
"265.1400","11.0352","0.3670"
"265.1600","11.0359","0.3670"
"265.1800","11.0367","0.3670"
"265.2000","11.0375","0.3669"
"265.2200","11.0384","0.3669"
"265.2400","11.0393","0.3669"
"265.2600","11.0402","0.3669"
"265.2800","11.0412","0.3669"
"265.3000","11.0422","0.3669"
"265.3200","11.0432","0.3669"
"265.3400","11.0441","0.3669"
"265.3600","11.0450","0.3669"
"265.3800","11.0459","0.3669"
"265.4000","11.0468","0.3668"
"265.4200","11.0476","0.3668"
"265.4400","11.0484","0.3668"
"265.4600","11.0493","0.3667"
"265.4800","11.0501","0.3667"
"265.5000","11.0509","0.3667"
"265.5200","11.0517","0.3667"
"265.5400","11.0525","0.3666"
"265.5600","11.0534","0.3666"
"265.5800","11.0542","0.3666"
"265.6000","11.0550","0.3666"
"265.6200","11.0558","0.3665"
"265.6400","11.0566","0.3665"
"265.6600","11.0574","0.3665"
"265.6800","11.0582","0.3664"
"265.7000","11.0590","0.3664"
"265.7200","11.0598","0.3664"
"265.7400","11.0606","0.3664"
"265.7600","11.0614","0.3663"
"265.7800","11.0622","0.3663"
"265.8000","11.0630","0.3663"
"265.8200","11.0638","0.3662"
"265.8400","11.0646","0.3662"
"265.8600","11.0654","0.3662"
"265.8800","11.0662","0.3662"
"265.9000","11.0670","0.3661"
"265.9200","11.0678","0.3661"
"265.9400","11.0686","0.3660"
"265.9600","11.0695","0.3660"
"265.9800","11.0703","0.3660"
"266.0000","11.0712","0.3660"
"266.0200","11.0721","0.3660"
"266.0400","11.0731","0.3660"
"266.0600","11.0740","0.3660"
"266.0800","11.0750","0.3660"
"266.1000","11.0760","0.3660"
"266.1200","11.0769","0.3660"
"266.1400","11.0779","0.3660"
"266.1600","11.0788","0.3659"
"266.1800","11.0797","0.3659"
"266.2000","11.0805","0.3659"
"266.2200","11.0813","0.3658"
"266.2400","11.0821","0.3658"
"266.2600","11.0828","0.3658"
"266.2800","11.0835","0.3657"
"266.3000","11.0841","0.3656"
"266.3200","11.0848","0.3656"
"266.3400","11.0855","0.3655"
"266.3600","11.0862","0.3655"
"266.3800","11.0869","0.3654"
"266.4000","11.0876","0.3654"
"266.4200","11.0884","0.3654"
"266.4400","11.0892","0.3653"
"266.4600","11.0900","0.3653"
"266.4800","11.0909","0.3653"
"266.5000","11.0918","0.3653"
"266.5200","11.0927","0.3653"
"266.5400","11.0937","0.3652"
"266.5600","11.0946","0.3652"
"266.5800","11.0955","0.3652"
"266.6000","11.0964","0.3652"
"266.6200","11.0972","0.3652"
"266.6400","11.0980","0.3652"
"266.6600","11.0989","0.3651"
"266.6800","11.0997","0.3651"
"266.7000","11.1005","0.3651"
"266.7200","11.1014","0.3651"
"266.7400","11.1022","0.3650"
"266.7600","11.1031","0.3650"
"266.7800","11.1040","0.3650"
"266.8000","11.1048","0.3650"
"266.8200","11.1057","0.3649"
"266.8400","11.1066","0.3649"
"266.8600","11.1075","0.3649"
"266.8800","11.1084","0.3649"
"266.9000","11.1092","0.3649"
"266.9200","11.1101","0.3648"
"266.9400","11.1110","0.3648"
"266.9600","11.1118","0.3648"
"266.9800","11.1127","0.3648"
"267.0000","11.1135","0.3647"
"267.0200","11.1144","0.3647"
"267.0400","11.1152","0.3647"
"267.0600","11.1160","0.3646"
"267.0800","11.1169","0.3646"
"267.1000","11.1176","0.3646"
"267.1200","11.1184","0.3646"
"267.1400","11.1192","0.3645"
"267.1600","11.1200","0.3645"
"267.1800","11.1208","0.3644"
"267.2000","11.1217","0.3644"
"267.2200","11.1225","0.3644"
"267.2400","11.1234","0.3644"
"267.2600","11.1243","0.3644"
"267.2800","11.1253","0.3643"
"267.3000","11.1262","0.3643"
"267.3200","11.1272","0.3643"
"267.3400","11.1282","0.3643"
"267.3600","11.1291","0.3643"
"267.3800","11.1300","0.3643"
"267.4000","11.1309","0.3642"
"267.4200","11.1318","0.3642"
"267.4400","11.1326","0.3642"
"267.4600","11.1333","0.3641"
"267.4800","11.1341","0.3641"
"267.5000","11.1348","0.3640"
"267.5200","11.1354","0.3640"
"267.5400","11.1361","0.3639"
"267.5600","11.1368","0.3638"
"267.5800","11.1374","0.3638"
"267.6000","11.1380","0.3637"
"267.6200","11.1387","0.3636"
"267.6400","11.1394","0.3636"
"267.6600","11.1401","0.3635"
"267.6800","11.1409","0.3635"
"267.7000","11.1416","0.3635"
"267.7200","11.1425","0.3634"
"267.7400","11.1434","0.3634"
"267.7600","11.1443","0.3634"
"267.7800","11.1452","0.3634"
"267.8000","11.1461","0.3634"
"267.8200","11.1470","0.3633"
"267.8400","11.1479","0.3633"
"267.8600","11.1487","0.3633"
"267.8800","11.1495","0.3632"
"267.9000","11.1504","0.3632"
"267.9200","11.1512","0.3632"
"267.9400","11.1520","0.3631"
"267.9600","11.1528","0.3631"
"267.9800","11.1536","0.3630"
"268.0000","11.1544","0.3630"
"268.0200","11.1552","0.3630"
"268.0400","11.1561","0.3629"
"268.0600","11.1569","0.3629"
"268.0800","11.1577","0.3629"
"268.1000","11.1586","0.3628"
"268.1200","11.1595","0.3628"
"268.1400","11.1603","0.3628"
"268.1600","11.1612","0.3627"
"268.1800","11.1621","0.3627"
"268.2000","11.1629","0.3627"
"268.2200","11.1637","0.3626"
"268.2400","11.1646","0.3626"
"268.2600","11.1654","0.3625"
"268.2800","11.1662","0.3625"
"268.3000","11.1670","0.3625"
"268.3200","11.1679","0.3624"
"268.3400","11.1687","0.3624"
"268.3600","11.1694","0.3623"
"268.3800","11.1702","0.3623"
"268.4000","11.1710","0.3622"
"268.4200","11.1718","0.3622"
"268.4400","11.1726","0.3621"
"268.4600","11.1735","0.3621"
"268.4800","11.1743","0.3621"
"268.5000","11.1752","0.3620"
"268.5200","11.1761","0.3620"
"268.5400","11.1770","0.3619"
"268.5600","11.1780","0.3619"
"268.5800","11.1789","0.3619"
"268.6000","11.1799","0.3619"
"268.6200","11.1808","0.3618"
"268.6400","11.1817","0.3618"
"268.6600","11.1826","0.3618"
"268.6800","11.1835","0.3617"
"268.7000","11.1843","0.3617"
"268.7200","11.1852","0.3616"
"268.7400","11.1859","0.3615"
"268.7600","11.1867","0.3615"
"268.7800","11.1874","0.3614"
"268.8000","11.1881","0.3614"
"268.8200","11.1888","0.3613"
"268.8400","11.1895","0.3612"
"268.8600","11.1902","0.3612"
"268.8800","11.1909","0.3611"
"268.9000","11.1917","0.3610"
"268.9200","11.1925","0.3610"
"268.9400","11.1933","0.3609"
"268.9600","11.1941","0.3609"
"268.9800","11.1950","0.3608"
"269.0000","11.1959","0.3608"
"269.0200","11.1969","0.3608"
"269.0400","11.1979","0.3608"
"269.0600","11.1988","0.3607"
"269.0800","11.1998","0.3607"
"269.1000","11.2007","0.3606"
"269.1200","11.2016","0.3605"
"269.1400","11.2025","0.3605"
"269.1600","11.2033","0.3604"
"269.1800","11.2042","0.3604"
"269.2000","11.2050","0.3604"
"269.2200","11.2059","0.3603"
"269.2400","11.2067","0.3602"
"269.2600","11.2076","0.3602"
"269.2800","11.2084","0.3601"
"269.3000","11.2093","0.3600"
"269.3200","11.2101","0.3600"
"269.3400","11.2110","0.3599"
"269.3600","11.2118","0.3598"
"269.3800","11.2127","0.3597"
"269.4000","11.2135","0.3597"
"269.4200","11.2144","0.3596"
"269.4400","11.2152","0.3596"
"269.4600","11.2161","0.3595"
"269.4800","11.2169","0.3594"
"269.5000","11.2178","0.3594"
"269.5200","11.2186","0.3592"
"269.5400","11.2194","0.3592"
"269.5600","11.2202","0.3591"
"269.5800","11.2210","0.3590"
"269.6000","11.2218","0.3589"
"269.6200","11.2225","0.3588"
"269.6400","11.2233","0.3587"
"269.6600","11.2240","0.3586"
"269.6800","11.2248","0.3585"
"269.7000","11.2256","0.3584"
"269.7200","11.2264","0.3583"
"269.7400","11.2273","0.3583"
"269.7600","11.2282","0.3582"
"269.7800","11.2291","0.3581"
"269.8000","11.2301","0.3580"
"269.8200","11.2310","0.3579"
"269.8400","11.2320","0.3579"
"269.8600","11.2329","0.3578"
"269.8800","11.2339","0.3577"
"269.9000","11.2347","0.3576"
"269.9200","11.2356","0.3574"
"269.9400","11.2364","0.3573"
"269.9600","11.2371","0.3572"
"269.9800","11.2378","0.3570"
"270.0000","11.2385","0.3569"
"270.0200","11.2392","0.3567"
"270.0400","11.2399","0.3566"
"270.0600","11.2406","0.3564"
"270.0800","11.2412","0.3562"
"270.1000","11.2419","0.3560"
"270.1200","11.2426","0.3559"
"270.1400","11.2434","0.3557"
"270.1600","11.2441","0.3555"
"270.1800","11.2449","0.3553"
"270.2000","11.2458","0.3551"
"270.2200","11.2466","0.3549"
"270.2400","11.2475","0.3548"
"270.2600","11.2485","0.3546"
"270.2800","11.2494","0.3544"
"270.3000","11.2504","0.3542"
"270.3200","11.2513","0.3539"
"270.3400","11.2522","0.3537"
"270.3600","11.2531","0.3534"
"270.3800","11.2539","0.3531"
"270.4000","11.2548","0.3527"
"270.4200","11.2556","0.3524"
"270.4400","11.2564","0.3520"
"270.4600","11.2573","0.3515"
"270.4800","11.2581","0.3510"
"270.5000","11.2590","0.3505"
"270.5200","11.2599","0.3498"
"270.5400","11.2608","0.3490"
"270.5600","11.2617","0.3479"
"270.5800","11.2626","0.3465"
"270.5900","11.2631","0.3327"
"270.5930","11.2632","0.3135"
"270.5950","11.2633","0.2976"
"270.5970","11.2635","0.2799"
"270.5990","11.2637","0.2611"
"270.6010","11.2639","0.2415"
"270.6030","11.2642","0.2217"
"270.6050","11.2645","0.2018"
"270.6070","11.2648","0.1822"
"270.6090","11.2652","0.1631"
"270.6110","11.2656","0.1448"
"270.6130","11.2661","0.1274"
"270.6150","11.2666","0.1110"
"270.6170","11.2671","0.0955"
"270.6190","11.2676","0.0813"
"270.6210","11.2681","0.0681"
"270.6240","11.2689","0.0505"
"270.6250","11.2692","0.0452"

